Time,N-S Acceleration (𝑚∕𝑠^2 )(392 m),E-W Acceleration (𝑚∕𝑠^2 ) (392 m),Z Acceleration (𝑚∕𝑠^2 ) (392 m),N-S Acceleration (𝑚∕𝑠^2 ) (494 m),E-W Acceleration (𝑚∕𝑠^2 ) (494 m),Z Acceleration (𝑚∕𝑠^2 ) (494 m),,
07:58:00.000,0.013135316,-0.004302684,-0.004023289,0.016689244,-0.01762426,-0.029168917,,
07:58:00.005,0.013157748,-0.004309617,-0.004032637,0.016705149,-0.017642085,-0.029205785,,
07:58:00.010,0.013175381,-0.004319358,-0.004040132,0.016736495,-0.017666271,-0.029246996,,
07:58:00.015,0.013194218,-0.004328541,-0.004047971,0.016763401,-0.017688635,-0.029287646,,
07:58:00.020,0.013212988,-0.004337444,-0.004055791,0.016792228,-0.017712107,-0.029328482,,
07:58:00.025,0.013231437,-0.004347006,-0.004063487,0.016822361,-0.017735173,-0.029369108,,
07:58:00.030,0.013250039,-0.004356199,-0.004071284,0.016848603,-0.017757782,-0.029409932,,
07:58:00.035,0.013268535,-0.004365204,-0.004079134,0.016877255,-0.017781113,-0.029450436,,
07:58:00.040,0.013287592,-0.004374633,-0.004086977,0.016908366,-0.017804196,-0.02949156,,
07:58:00.045,0.01330596,-0.004383688,-0.004094698,0.016935991,-0.017827535,-0.029532514,,
07:58:00.050,0.013324411,-0.004393243,-0.004102616,0.016963672,-0.017850291,-0.029573293,,
07:58:00.055,0.013343848,-0.00440252,-0.004110538,0.016993477,-0.017873489,-0.029614108,,
07:58:00.060,0.013361779,-0.004411344,-0.004118294,0.017021576,-0.017896388,-0.029655225,,
07:58:00.065,0.013380581,-0.004421246,-0.004126148,0.017050586,-0.017919687,-0.029696157,,
07:58:00.070,0.013399771,-0.004430632,-0.004133974,0.017079422,-0.017943045,-0.029736987,,
07:58:00.075,0.013418153,-0.004439404,-0.00414197,0.017107644,-0.017965799,-0.029777946,,
07:58:00.080,0.013437036,-0.00444925,-0.004149823,0.017137278,-0.017989459,-0.029819458,,
07:58:00.085,0.013455759,-0.00445839,-0.004157669,0.017165313,-0.018012351,-0.029860104,,
07:58:00.090,0.013474275,-0.004467591,-0.004165665,0.017194414,-0.018035143,-0.029901334,,
07:58:00.095,0.013493034,-0.004477624,-0.004173405,0.017224334,-0.018058756,-0.029942471,,
07:58:00.100,0.013512048,-0.004486231,-0.004181364,0.017252076,-0.018082054,-0.029983627,,
07:58:00.105,0.013531202,-0.004495985,-0.004189329,0.017281238,-0.018105317,-0.030024795,,
07:58:00.110,0.013549944,-0.00450575,-0.004197293,0.017310496,-0.018128252,-0.030065826,,
07:58:00.115,0.013567982,-0.004514623,-0.004205148,0.017339083,-0.018151736,-0.0301071,,
07:58:00.120,0.013587353,-0.004524861,-0.004213003,0.017368555,-0.018174809,-0.030148282,,
07:58:00.125,0.013606455,-0.004533982,-0.004221034,0.017397629,-0.0181983,-0.030189847,,
07:58:00.130,0.013625158,-0.004543229,-0.004228996,0.017425725,-0.018221323,-0.030231003,,
07:58:00.135,0.013643906,-0.004552894,-0.004236991,0.017455325,-0.018244249,-0.030272275,,
07:58:00.140,0.013662537,-0.004562407,-0.004244957,0.017484886,-0.018268413,-0.030313931,,
07:58:00.145,0.013681672,-0.004571902,-0.00425297,0.017513162,-0.018291387,-0.03035511,,
07:58:00.150,0.013700586,-0.004580915,-0.004260907,0.017542997,-0.018314692,-0.030396766,,
07:58:00.155,0.013719192,-0.004591025,-0.004268804,0.017572675,-0.018338076,-0.030437467,,
07:58:00.160,0.013738474,-0.004600797,-0.004276928,0.017599862,-0.018361173,-0.030479003,,
07:58:00.165,0.01375748,-0.00461001,-0.004284868,0.017630257,-0.018384907,-0.030520798,,
07:58:00.170,0.013775758,-0.004619822,-0.004292863,0.017659561,-0.018407999,-0.030562123,,
07:58:00.175,0.013795013,-0.004629223,-0.004300992,0.017688276,-0.01843148,-0.030603708,,
07:58:00.180,0.013813938,-0.004638914,-0.004308912,0.017717994,-0.01845482,-0.030645137,,
07:58:00.185,0.0138329,-0.004648758,-0.004316971,0.017746909,-0.018478075,-0.03068626,,
07:58:00.190,0.013852393,-0.004657936,-0.004325017,0.017777277,-0.018501766,-0.030728287,,
07:58:00.195,0.013871266,-0.004667735,-0.004333012,0.017805194,-0.018524878,-0.030770091,,
07:58:00.200,0.013889552,-0.004677334,-0.004341022,0.017834268,-0.01854847,-0.030810646,,
07:58:00.205,0.013908985,-0.004687125,-0.004349137,0.017865054,-0.01857204,-0.030853181,,
07:58:00.210,0.013928069,-0.004697046,-0.004357216,0.017893896,-0.018595253,-0.030894991,,
07:58:00.215,0.013946463,-0.004706532,-0.004365207,0.017923272,-0.018618883,-0.030936058,,
07:58:00.220,0.013966261,-0.00471624,-0.004373271,0.017951886,-0.018642211,-0.030978113,,
07:58:00.225,0.013984943,-0.004725753,-0.004381459,0.017982003,-0.018665672,-0.031019271,,
07:58:00.230,0.014003834,-0.004735575,-0.004389482,0.0180112,-0.018689147,-0.031061129,,
07:58:00.235,0.014023122,-0.004745378,-0.00439751,0.018039565,-0.018712574,-0.031102909,,
07:58:00.240,0.014041904,-0.004754959,-0.004405743,0.018070882,-0.018736068,-0.031144864,,
07:58:00.245,0.014061351,-0.004764914,-0.004413769,0.018100139,-0.018759312,-0.031186534,,
07:58:00.250,0.014079872,-0.004774252,-0.004421886,0.018128019,-0.018783172,-0.031227804,,
07:58:00.255,0.014099045,-0.004784388,-0.004430062,0.018159069,-0.018807261,-0.031269878,,
07:58:00.260,0.0141184,-0.004794459,-0.004438137,0.018188302,-0.018830441,-0.031311681,,
07:58:00.265,0.014137383,-0.004804018,-0.004446237,0.018216778,-0.018853516,-0.031353331,,
07:58:00.270,0.014156353,-0.004813695,-0.004454432,0.018247348,-0.018877549,-0.031395181,,
07:58:00.275,0.014175519,-0.00482358,-0.004462588,0.018276925,-0.018900964,-0.031437022,,
07:58:00.280,0.01419474,-0.004833565,-0.004470577,0.018305993,-0.018924339,-0.031478781,,
07:58:00.285,0.014213493,-0.004843175,-0.004478804,0.018335652,-0.018948048,-0.031521266,,
07:58:00.290,0.014232729,-0.004853071,-0.004487143,0.018365274,-0.018971627,-0.031562472,,
07:58:00.295,0.014251774,-0.004863034,-0.004495142,0.018394983,-0.018995396,-0.03160445,,
07:58:00.300,0.014271066,-0.004872893,-0.00450318,0.018424044,-0.019018671,-0.031646473,,
07:58:00.305,0.014290563,-0.004882801,-0.004511681,0.018454711,-0.019042327,-0.031688251,,
07:58:00.310,0.014308959,-0.004892504,-0.004519764,0.018484364,-0.019066329,-0.031730876,,
07:58:00.315,0.014328237,-0.004902421,-0.004527733,0.018513225,-0.019089762,-0.031772111,,
07:58:00.320,0.014347955,-0.004912579,-0.004536148,0.018543122,-0.019112962,-0.031814046,,
07:58:00.325,0.014366758,-0.004922328,-0.004544357,0.018572768,-0.01913712,-0.031856118,,
07:58:00.330,0.014385791,-0.004932239,-0.004552349,0.018602591,-0.019160651,-0.031898028,,
07:58:00.335,0.014404947,-0.004941949,-0.004560689,0.018632443,-0.019184142,-0.031940219,,
07:58:00.340,0.014424403,-0.004952156,-0.004569064,0.018662346,-0.019207805,-0.031982091,,
07:58:00.345,0.014443663,-0.004962424,-0.004577036,0.018692073,-0.019231495,-0.032023948,,
07:58:00.350,0.014462198,-0.004972007,-0.004585249,0.018721238,-0.019255231,-0.03206608,,
07:58:00.355,0.014481608,-0.004982277,-0.004593776,0.018750747,-0.019278691,-0.032108616,,
07:58:00.360,0.01450088,-0.004992407,-0.004601859,0.018781403,-0.019302554,-0.032150038,,
07:58:00.365,0.014519559,-0.005002068,-0.004609841,0.018810327,-0.019325994,-0.032191914,,
07:58:00.370,0.014539539,-0.005012132,-0.004618467,0.018840581,-0.019350019,-0.032234484,,
07:58:00.375,0.014558163,-0.005022359,-0.004626676,0.018871172,-0.019374055,-0.032276392,,
07:58:00.380,0.01457711,-0.005032449,-0.004634589,0.018899922,-0.019397248,-0.032318195,,
07:58:00.385,0.014596521,-0.0050423,-0.004643032,0.018929504,-0.019421046,-0.032360557,,
07:58:00.390,0.014616059,-0.005052467,-0.004651555,0.018960573,-0.019445101,-0.032402684,,
07:58:00.395,0.014635626,-0.005062694,-0.004659398,0.018990234,-0.019468376,-0.032444282,,
07:58:00.400,0.01465408,-0.005072552,-0.00466762,0.019018797,-0.019491949,-0.032486683,,
07:58:00.405,0.014673421,-0.005082566,-0.004676232,0.01905014,-0.019516222,-0.032528856,,
07:58:00.410,0.014693014,-0.005092804,-0.004684293,0.019079417,-0.019539895,-0.032570633,,
07:58:00.415,0.014711845,-0.005102765,-0.004692489,0.019108865,-0.019563837,-0.032612741,,
07:58:00.420,0.014731284,-0.005112792,-0.004700998,0.019139392,-0.019587458,-0.032655012,,
07:58:00.425,0.014750275,-0.005122851,-0.004709437,0.019168666,-0.019611213,-0.032697306,,
07:58:00.430,0.014769514,-0.005132962,-0.00471744,0.019198881,-0.019634935,-0.032739927,,
07:58:00.435,0.014788857,-0.005143215,-0.004725928,0.01922877,-0.019658947,-0.03278167,,
07:58:00.440,0.014807416,-0.005153283,-0.004734524,0.019258736,-0.019682655,-0.032823395,,
07:58:00.445,0.014827102,-0.005163409,-0.004742376,0.019288627,-0.019706055,-0.032865934,,
07:58:00.450,0.014846223,-0.005173511,-0.004750615,0.019318172,-0.019730065,-0.032907964,,
07:58:00.455,0.01486511,-0.005183996,-0.004759286,0.019348883,-0.019753997,-0.032950271,,
07:58:00.460,0.014884517,-0.005194447,-0.004767283,0.019378742,-0.019777897,-0.032992345,,
07:58:00.465,0.01490406,-0.005204516,-0.004775438,0.01940754,-0.019801752,-0.033034534,,
07:58:00.470,0.014923151,-0.005214481,-0.004784197,0.019438732,-0.0198254,-0.033076232,,
07:58:00.475,0.014941929,-0.00522469,-0.004792484,0.019469111,-0.019849626,-0.033119068,,
07:58:00.480,0.014962145,-0.005234669,-0.004800355,0.019497264,-0.019873727,-0.033160982,,
07:58:00.485,0.014981198,-0.005244938,-0.004808886,0.019528305,-0.01989696,-0.033202954,,
07:58:00.490,0.014999653,-0.005255393,-0.004817623,0.019559682,-0.019921085,-0.033245649,,
07:58:00.495,0.015019423,-0.005265564,-0.004825401,0.019587827,-0.019944907,-0.033286915,,
07:58:00.500,0.015038826,-0.005275644,-0.004833759,0.019617348,-0.019968368,-0.033329567,,
07:58:00.505,0.015057732,-0.005285823,-0.004842652,0.019648522,-0.019992977,-0.03337243,,
07:58:00.510,0.015077316,-0.005296299,-0.004850877,0.01967931,-0.020016323,-0.033414106,,
07:58:00.515,0.015096387,-0.005306436,-0.004858902,0.019707413,-0.020040055,-0.033456114,,
07:58:00.520,0.01511551,-0.005316468,-0.004867903,0.019737742,-0.020063509,-0.033499017,,
07:58:00.525,0.015134974,-0.005326929,-0.004876587,0.019768992,-0.020087646,-0.033541236,,
07:58:00.530,0.015154006,-0.005337466,-0.004884398,0.019798371,-0.020112176,-0.033582747,,
07:58:00.535,0.015173218,-0.005347742,-0.004893272,0.019827928,-0.020135064,-0.033624922,,
07:58:00.540,0.015193041,-0.00535791,-0.00490217,0.019858765,-0.020159803,-0.033667242,,
07:58:00.545,0.015211606,-0.005368429,-0.004909857,0.019888552,-0.02018368,-0.033709292,,
07:58:00.550,0.015230717,-0.005378445,-0.004918077,0.019917318,-0.020206713,-0.033751168,,
07:58:00.555,0.015250104,-0.005388906,-0.00492726,0.019948284,-0.020231348,-0.033793437,,
07:58:00.560,0.01526954,-0.005399478,-0.004935065,0.019978536,-0.020255676,-0.033836067,,
07:58:00.565,0.015288303,-0.005409814,-0.004942691,0.020008342,-0.020279127,-0.033877856,,
07:58:00.570,0.015307897,-0.005420223,-0.004951695,0.020038384,-0.020303071,-0.033920262,,
07:58:00.575,0.01532743,-0.005430527,-0.004960272,0.020069222,-0.020327574,-0.03396299,,
07:58:00.580,0.015345146,-0.00544087,-0.004967736,0.020098882,-0.020350981,-0.034004365,,
07:58:00.585,0.015365084,-0.005451162,-0.004976392,0.020128528,-0.020374572,-0.034046214,,
07:58:00.590,0.015384515,-0.005461687,-0.004985736,0.020159506,-0.020399355,-0.034088818,,
07:58:00.595,0.015404037,-0.005471747,-0.004993539,0.020188009,-0.020422905,-0.034131112,,
07:58:00.600,0.015422744,-0.005482167,-0.005002074,0.020217632,-0.020446562,-0.034173425,,
07:58:00.605,0.015442028,-0.005492762,-0.005011359,0.020249619,-0.020470812,-0.034215743,,
07:58:00.610,0.015462255,-0.005503367,-0.005019485,0.020279771,-0.020494539,-0.034257913,,
07:58:00.615,0.015480402,-0.005513351,-0.005027302,0.020308545,-0.020518523,-0.034299387,,
07:58:00.620,0.015499885,-0.005523964,-0.005036387,0.020339484,-0.020542316,-0.034342045,,
07:58:00.625,0.015518689,-0.005534677,-0.005044963,0.020370625,-0.020565745,-0.034383745,,
07:58:00.630,0.015538087,-0.005544527,-0.005052528,0.02039766,-0.020589991,-0.034424729,,
07:58:00.635,0.015557258,-0.005555038,-0.005061265,0.020428722,-0.02061452,-0.034467701,,
07:58:00.640,0.015575603,-0.00556585,-0.005070331,0.02046052,-0.020638466,-0.034509938,,
07:58:00.645,0.015595541,-0.005576231,-0.005077962,0.020488621,-0.020662076,-0.034552311,,
07:58:00.650,0.015614632,-0.005586466,-0.005086293,0.020518777,-0.02068649,-0.034593776,,
07:58:00.655,0.015633628,-0.005597318,-0.005095479,0.020549525,-0.020710339,-0.034635893,,
07:58:00.660,0.015653098,-0.005607905,-0.005103117,0.020578861,-0.020734181,-0.034678507,,
07:58:00.665,0.015671613,-0.005617787,-0.005110751,0.020609169,-0.020758333,-0.03471996,,
07:58:00.670,0.01569131,-0.005628296,-0.005119923,0.020639403,-0.020782555,-0.03476256,,
07:58:00.675,0.015710321,-0.005639267,-0.005128682,0.020670859,-0.02080665,-0.034805319,,
07:58:00.680,0.015728742,-0.005649548,-0.005136163,0.020699558,-0.020830116,-0.034846565,,
07:58:00.685,0.01574874,-0.005659773,-0.005145454,0.020728658,-0.020854134,-0.034888047,,
07:58:00.690,0.015767757,-0.005670151,-0.005154782,0.020761168,-0.020878677,-0.034930485,,
07:58:00.695,0.015786225,-0.005680652,-0.005162185,0.020790626,-0.020901832,-0.034972645,,
07:58:00.700,0.015805526,-0.005691104,-0.005170492,0.020819849,-0.020925742,-0.035014439,,
07:58:00.705,0.015825775,-0.005701758,-0.005180045,0.020850209,-0.020950617,-0.035056292,,
07:58:00.710,0.015844704,-0.005712709,-0.005188248,0.020880663,-0.020974429,-0.035098794,,
07:58:00.715,0.015862861,-0.005723001,-0.00519594,0.02091008,-0.020998163,-0.035141027,,
07:58:00.720,0.01588263,-0.005733606,-0.005205614,0.020940545,-0.021022202,-0.035183023,,
07:58:00.725,0.015902656,-0.005744351,-0.005214466,0.020970416,-0.021046662,-0.035225431,,
07:58:00.730,0.015921643,-0.005754485,-0.005221887,0.020999303,-0.021070697,-0.035267293,,
07:58:00.735,0.015939661,-0.005765116,-0.005230839,0.021030882,-0.021094378,-0.035308785,,
07:58:00.740,0.015959004,-0.005775761,-0.005240322,0.021060252,-0.021118747,-0.035350725,,
07:58:00.745,0.015978502,-0.005785911,-0.005247584,0.021089299,-0.021143287,-0.035392494,,
07:58:00.750,0.015996323,-0.005797032,-0.005255703,0.021119706,-0.021166093,-0.035434268,,
07:58:00.755,0.016015556,-0.005808218,-0.005265309,0.021150307,-0.021190396,-0.035476515,,
07:58:00.760,0.016035902,-0.005818599,-0.005273137,0.021180557,-0.021215329,-0.035517443,,
07:58:00.765,0.016054299,-0.005828941,-0.005280765,0.021209267,-0.021238521,-0.035558717,,
07:58:00.770,0.016072723,-0.005839494,-0.005290409,0.021240041,-0.021262906,-0.035601302,,
07:58:00.775,0.016092621,-0.005850424,-0.005299259,0.021271215,-0.021286961,-0.035643621,,
07:58:00.780,0.016111583,-0.005860326,-0.005306679,0.021299088,-0.0213102,-0.035684944,,
07:58:00.785,0.016129918,-0.005870772,-0.005316189,0.021329092,-0.021334573,-0.035727146,,
07:58:00.790,0.0161496,-0.005882368,-0.005325778,0.021361565,-0.021358459,-0.035770139,,
07:58:00.795,0.016167848,-0.005892832,-0.005333223,0.02138969,-0.021382133,-0.035811212,,
07:58:00.800,0.016187016,-0.005902505,-0.005341414,0.021418191,-0.021406572,-0.035852519,,
07:58:00.805,0.016207176,-0.005913803,-0.005351689,0.021451225,-0.021430706,-0.035895262,,
07:58:00.810,0.01622567,-0.005925045,-0.005359437,0.021481627,-0.021454398,-0.035936921,,
07:58:00.815,0.016244129,-0.005935236,-0.005366821,0.021507965,-0.021478553,-0.035977456,,
07:58:00.820,0.016263548,-0.005946037,-0.005377108,0.021538819,-0.021502596,-0.036019283,,
07:58:00.825,0.016282584,-0.005957243,-0.005385913,0.021571909,-0.021526161,-0.036061468,,
07:58:00.830,0.016301337,-0.005967759,-0.00539252,0.021598676,-0.021550695,-0.036102006,,
07:58:00.835,0.016319376,-0.005978536,-0.005401689,0.021627048,-0.02157493,-0.036143497,,
07:58:00.840,0.01633946,-0.005989065,-0.005411551,0.021660074,-0.021598646,-0.036186311,,
07:58:00.845,0.016358337,-0.005999455,-0.005418308,0.02168878,-0.021623645,-0.036227637,,
07:58:00.850,0.016376063,-0.006010094,-0.005426066,0.021715881,-0.021646865,-0.036268587,,
07:58:00.855,0.016395698,-0.006020822,-0.005436242,0.021748801,-0.021671025,-0.036311115,,
07:58:00.860,0.016414476,-0.006031552,-0.005444195,0.02177885,-0.021695945,-0.036353033,,
07:58:00.865,0.016432636,-0.006042059,-0.005451403,0.021806272,-0.021719851,-0.036393574,,
07:58:00.870,0.016451563,-0.006052664,-0.005461577,0.021838015,-0.021743965,-0.0364353,,
07:58:00.875,0.016470872,-0.006064103,-0.005470291,0.021869167,-0.021767966,-0.036477452,,
07:58:00.880,0.016490024,-0.0060742,-0.005476964,0.021895897,-0.02179118,-0.036518373,,
07:58:00.885,0.016509427,-0.006083912,-0.005486321,0.021926438,-0.02181411,-0.036559707,,
07:58:00.890,0.016527939,-0.006095233,-0.005495872,0.021960539,-0.021839279,-0.03660182,,
07:58:00.895,0.016545859,-0.006106437,-0.005502626,0.021988188,-0.021863433,-0.036643119,,
07:58:00.900,0.016564911,-0.006116389,-0.005510632,0.022015132,-0.021886157,-0.036683787,,
07:58:00.905,0.016585134,-0.006126787,-0.005521181,0.02204804,-0.021911237,-0.036726164,,
07:58:00.910,0.016603612,-0.006138142,-0.005529011,0.022078596,-0.021935922,-0.036767555,,
07:58:00.915,0.016620626,-0.006148955,-0.005536311,0.022105179,-0.021959106,-0.036807774,,
07:58:00.920,0.01664088,-0.006159469,-0.005546763,0.022135623,-0.021982464,-0.036849149,,
07:58:00.925,0.016660675,-0.006170548,-0.005555891,0.022167654,-0.022007393,-0.036890636,,
07:58:00.930,0.016676495,-0.006181456,-0.005562483,0.022195302,-0.022031667,-0.036931531,,
07:58:00.935,0.016694568,-0.006192112,-0.005571948,0.022223858,-0.022055106,-0.03697228,,
07:58:00.940,0.01671696,-0.006202398,-0.005582033,0.022255245,-0.022079919,-0.0370134,,
07:58:00.945,0.016734564,-0.006212742,-0.005588962,0.022284314,-0.022104155,-0.037055017,,
07:58:00.950,0.016750993,-0.006223895,-0.005596973,0.022312819,-0.022127248,-0.037096178,,
07:58:00.955,0.016772027,-0.006234939,-0.005607322,0.022343992,-0.022151559,-0.03713746,,
07:58:00.960,0.01679153,-0.006245502,-0.005615446,0.022372592,-0.022176004,-0.037178994,,
07:58:00.965,0.016808809,-0.006256229,-0.005622434,0.022401628,-0.022199525,-0.037220356,,
07:58:00.970,0.016826397,-0.006267944,-0.005632599,0.022432971,-0.022223827,-0.037262028,,
07:58:00.975,0.016846606,-0.006278459,-0.005641147,0.022463136,-0.022248024,-0.037303103,,
07:58:00.980,0.016865838,-0.006288849,-0.005647521,0.022489959,-0.02227168,-0.037343095,,
07:58:00.985,0.016883534,-0.006299439,-0.005656727,0.022519802,-0.022295357,-0.037384069,,
07:58:00.990,0.016901124,-0.006310691,-0.005666782,0.022554461,-0.022319101,-0.037426208,,
07:58:00.995,0.016921235,-0.006320904,-0.005673405,0.022581225,-0.022342703,-0.0374658,,
07:58:01.000,0.016939379,-0.006330788,-0.00568143,0.022606944,-0.022366663,-0.037505986,,
07:58:01.005,0.016956648,-0.006342773,-0.005692489,0.022642507,-0.022391878,-0.037548362,,
07:58:01.010,0.01697573,-0.006353887,-0.005699904,0.022671773,-0.022414755,-0.037589041,,
07:58:01.015,0.016994422,-0.006363401,-0.005706532,0.022695169,-0.022438692,-0.037628508,,
07:58:01.020,0.017014008,-0.006373744,-0.005717551,0.022727335,-0.022463566,-0.037669654,,
07:58:01.025,0.017032587,-0.006385406,-0.005727083,0.022760588,-0.022486818,-0.037711205,,
07:58:01.030,0.017049731,-0.00639606,-0.005733121,0.02278588,-0.022509422,-0.03775037,,
07:58:01.035,0.017068372,-0.006406261,-0.005742838,0.022813877,-0.02253233,-0.037790438,,
07:58:01.040,0.017088259,-0.006416827,-0.005753432,0.022846075,-0.022557371,-0.03783288,,
07:58:01.045,0.017105018,-0.006427875,-0.005759828,0.022874703,-0.022581965,-0.037873592,,
07:58:01.050,0.017122361,-0.00643921,-0.005767351,0.022901588,-0.022605503,-0.037913179,,
07:58:01.055,0.017142847,-0.006450679,-0.005778138,0.022933315,-0.022630366,-0.037954467,,
07:58:01.060,0.017161596,-0.00646139,-0.005785284,0.022963629,-0.022655297,-0.037995698,,
07:58:01.065,0.017178032,-0.00647173,-0.005791622,0.022990019,-0.022678541,-0.038035145,,
07:58:01.070,0.017197245,-0.00648221,-0.005801847,0.023021844,-0.022703181,-0.038075396,,
07:58:01.075,0.017216933,-0.006493237,-0.00581089,0.023052879,-0.022727415,-0.038117122,,
07:58:01.080,0.017234021,-0.006504225,-0.005816827,0.023078733,-0.022750253,-0.038157934,,
07:58:01.085,0.017251754,-0.00651517,-0.005826317,0.023107623,-0.022774733,-0.038198103,,
07:58:01.090,0.017272621,-0.006525668,-0.005837538,0.023139763,-0.022799305,-0.038239245,,
07:58:01.095,0.017289227,-0.006536736,-0.00584426,0.023168123,-0.02282265,-0.038280302,,
07:58:01.100,0.017305345,-0.006547484,-0.005851956,0.023194257,-0.022845134,-0.038319693,,
07:58:01.105,0.017326186,-0.006557805,-0.005863175,0.023226659,-0.022868965,-0.038359613,,
07:58:01.110,0.017344951,-0.006568456,-0.005871265,0.023257153,-0.022893063,-0.038400233,,
07:58:01.115,0.017360399,-0.006579592,-0.00587731,0.023283052,-0.022916718,-0.038440225,,
07:58:01.120,0.017379713,-0.006590841,-0.00588812,0.023313493,-0.022940637,-0.038480465,,
07:58:01.125,0.017401288,-0.006601617,-0.005897761,0.023345126,-0.022964829,-0.038520919,,
07:58:01.130,0.017418606,-0.006611019,-0.005903545,0.023371214,-0.022988919,-0.038560764,,
07:58:01.135,0.017434758,-0.006622187,-0.005912738,0.023401069,-0.023012451,-0.038601282,,
07:58:01.140,0.01745484,-0.006634319,-0.005923423,0.023433186,-0.023037384,-0.038641635,,
07:58:01.145,0.017474419,-0.006643261,-0.005929863,0.023457947,-0.023061365,-0.038680842,,
07:58:01.150,0.017490874,-0.006653622,-0.00593711,0.02348491,-0.02308559,-0.038720212,,
07:58:01.155,0.017507917,-0.006667209,-0.005948471,0.023519903,-0.0231102,-0.038761536,,
07:58:01.160,0.017527806,-0.006678682,-0.005956049,0.023547924,-0.023133236,-0.03880092,,
07:58:01.165,0.017546266,-0.006688042,-0.005961935,0.023571774,-0.023157808,-0.038839845,,
07:58:01.170,0.01756221,-0.006699166,-0.005972434,0.023604268,-0.023182112,-0.038880776,,
07:58:01.175,0.017578825,-0.006712144,-0.005982098,0.023637034,-0.023204853,-0.038921855,,
07:58:01.180,0.017597735,-0.006721954,-0.005987549,0.023658097,-0.023226579,-0.038960151,,
07:58:01.185,0.017617494,-0.006730754,-0.005997517,0.02368557,-0.023251683,-0.038999881,,
07:58:01.190,0.01763463,-0.006742367,-0.006008611,0.023723985,-0.023276356,-0.039042758,,
07:58:01.195,0.017649666,-0.006754463,-0.006014567,0.023750144,-0.023297217,-0.039082397,,
07:58:01.200,0.017670748,-0.006763341,-0.006022452,0.023771145,-0.023320896,-0.039118759,,
07:58:01.205,0.01769101,-0.006772835,-0.006034614,0.023806305,-0.02334747,-0.039159717,,
07:58:01.210,0.017706315,-0.006785293,-0.006041846,0.023839864,-0.023371622,-0.039201611,,
07:58:01.215,0.017723589,-0.006796277,-0.006047682,0.023862532,-0.023393794,-0.039238899,,
07:58:01.220,0.017743824,-0.006806664,-0.006059921,0.023890182,-0.023417806,-0.039277196,,
07:58:01.225,0.017763053,-0.006817517,-0.00607001,0.023923095,-0.023443108,-0.03931914,,
07:58:01.230,0.017777684,-0.006828746,-0.006074727,0.023949574,-0.02346451,-0.039358478,,
07:58:01.235,0.017794765,-0.00683984,-0.00608361,0.023976502,-0.023486576,-0.039395351,,
07:58:01.240,0.01781592,-0.006849862,-0.00609526,0.024007634,-0.023511587,-0.039434628,,
07:58:01.245,0.017833326,-0.00686025,-0.006100477,0.024033728,-0.023536087,-0.039474123,,
07:58:01.250,0.0178486,-0.006870685,-0.006106215,0.024060649,-0.023559515,-0.039512945,,
07:58:01.255,0.017867238,-0.0068826,-0.006117949,0.024093654,-0.023584105,-0.039552879,,
07:58:01.260,0.017887641,-0.006893772,-0.006125328,0.024121403,-0.023608368,-0.039591844,,
07:58:01.265,0.017902849,-0.006903647,-0.006130193,0.024145847,-0.023632844,-0.039630255,,
07:58:01.270,0.01791975,-0.0069154,-0.006141386,0.024178189,-0.023657179,-0.039670253,,
07:58:01.275,0.017940294,-0.006927243,-0.006151197,0.024209372,-0.023680522,-0.039710186,,
07:58:01.280,0.017956036,-0.006937228,-0.006156229,0.024232477,-0.023703703,-0.039747983,,
07:58:01.285,0.017971815,-0.006947184,-0.006165752,0.024260545,-0.023726465,-0.039786888,,
07:58:01.290,0.017992891,-0.00695775,-0.006177621,0.024294605,-0.02374937,-0.039826673,,
07:58:01.295,0.018010795,-0.006968152,-0.006184108,0.024320914,-0.0237733,-0.039865914,,
07:58:01.300,0.018024383,-0.006979124,-0.006191144,0.024346153,-0.023796707,-0.039905442,,
07:58:01.305,0.018044162,-0.006989951,-0.006203067,0.024378909,-0.02382,-0.039945019,,
07:58:01.310,0.018064957,-0.007000336,-0.006210646,0.024406966,-0.023844741,-0.039983728,,
07:58:01.315,0.018078249,-0.007011942,-0.006216764,0.024432226,-0.023868915,-0.040021792,,
07:58:01.320,0.018092713,-0.007024649,-0.006227575,0.024463648,-0.023892058,-0.040060563,,
07:58:01.325,0.018115564,-0.007034831,-0.006236379,0.024492723,-0.023915773,-0.040098697,,
07:58:01.330,0.018134106,-0.007044854,-0.006242217,0.024515622,-0.023939993,-0.040135728,,
07:58:01.335,0.018146608,-0.007057281,-0.006252544,0.024545049,-0.023964113,-0.040176308,,
07:58:01.340,0.018164922,-0.007069998,-0.006263104,0.024578171,-0.023987485,-0.040216516,,
07:58:01.345,0.01818754,-0.007079081,-0.006268277,0.024599744,-0.024010766,-0.04025318,,
07:58:01.350,0.01820362,-0.007087744,-0.006276351,0.024625227,-0.024035507,-0.040291047,,
07:58:01.355,0.018217087,-0.007101742,-0.006288303,0.024662916,-0.024060035,-0.04033135,,
07:58:01.360,0.01823617,-0.00711358,-0.006294297,0.024690025,-0.024081746,-0.040368883,,
07:58:01.365,0.018256342,-0.007120545,-0.006299519,0.024707735,-0.024104146,-0.040404497,,
07:58:01.370,0.018272819,-0.007131006,-0.006311816,0.024741119,-0.024130385,-0.040444591,,
07:58:01.375,0.018287366,-0.00714473,-0.006321215,0.024778022,-0.02415521,-0.040485917,,
07:58:01.380,0.01830499,-0.007155432,-0.006324912,0.024796005,-0.024175734,-0.040521471,,
07:58:01.385,0.018325653,-0.007164184,-0.006335198,0.024820598,-0.02420004,-0.040558533,,
07:58:01.390,0.018343198,-0.007175105,-0.006347515,0.024857889,-0.024226168,-0.040600266,,
07:58:01.395,0.018354794,-0.00718817,-0.006351926,0.024885215,-0.024246995,-0.040638598,,
07:58:01.400,0.018372933,-0.00719825,-0.006358379,0.024904032,-0.024267769,-0.040673595,,
07:58:01.405,0.018395734,-0.007207646,-0.006372124,0.024934984,-0.024294498,-0.040712808,,
07:58:01.410,0.018410335,-0.007219693,-0.006379629,0.024970492,-0.024320344,-0.040753392,,
07:58:01.415,0.018421889,-0.007231495,-0.006384523,0.024993162,-0.024340665,-0.040789581,,
07:58:01.420,0.018443683,-0.007242409,-0.006396826,0.025017826,-0.024362232,-0.0408251,,
07:58:01.425,0.018466244,-0.007252191,-0.006407254,0.025050779,-0.024388893,-0.040864139,,
07:58:01.430,0.018476265,-0.007263327,-0.006411283,0.02507831,-0.02441231,-0.040903267,,
07:58:01.435,0.018490153,-0.007275459,-0.006420671,0.025104153,-0.024431752,-0.040939551,,
07:58:01.440,0.018513664,-0.007285808,-0.006433153,0.02513316,-0.024456512,-0.040977551,,
07:58:01.445,0.018531151,-0.007295953,-0.006438024,0.025158405,-0.024483758,-0.04101722,,
07:58:01.450,0.018542156,-0.007307278,-0.006444247,0.025184059,-0.024505142,-0.041054609,,
07:58:01.455,0.018560177,-0.007320007,-0.006456512,0.025214823,-0.024527488,-0.041091378,,
07:58:01.460,0.018582807,-0.007330152,-0.006464375,0.025239589,-0.02455261,-0.041128404,,
07:58:01.465,0.018598124,-0.007338286,-0.006468831,0.025263041,-0.02457739,-0.04116501,,
07:58:01.470,0.018610749,-0.007350773,-0.006479659,0.025297147,-0.024600809,-0.041202852,,
07:58:01.475,0.018630597,-0.007362493,-0.006488993,0.02532548,-0.024623453,-0.041239165,,
07:58:01.480,0.018651126,-0.007370498,-0.006493331,0.025344045,-0.024649446,-0.041274276,,
07:58:01.485,0.018665181,-0.007381018,-0.006502127,0.025374446,-0.024674609,-0.041313205,,
07:58:01.490,0.018680362,-0.007394069,-0.00651434,0.0254119,-0.024694789,-0.041351429,,
07:58:01.495,0.018700915,-0.007403873,-0.006519278,0.025431092,-0.024716584,-0.041386029,,
07:58:01.500,0.018718668,-0.007411798,-0.006526277,0.025452026,-0.024741317,-0.041423774,,
07:58:01.505,0.018731246,-0.007424368,-0.006539762,0.025492704,-0.024763937,-0.041464709,,
07:58:01.510,0.018746786,-0.007435739,-0.00654558,0.02552097,-0.024785,-0.041501848,,
07:58:01.515,0.01876607,-0.007443926,-0.006550828,0.025535877,-0.024807972,-0.04153623,,
07:58:01.520,0.018783389,-0.007454931,-0.006564288,0.02556883,-0.02483334,-0.041575293,,
07:58:01.525,0.018795454,-0.007469188,-0.006574571,0.025606797,-0.02485596,-0.041615974,,
07:58:01.530,0.018813124,-0.007479477,-0.006577245,0.025622866,-0.024876096,-0.041648925,,
07:58:01.535,0.018834364,-0.007488378,-0.006588012,0.025643999,-0.024900302,-0.041684241,,
07:58:01.540,0.018849614,-0.00750184,-0.006600692,0.025683622,-0.024926145,-0.041726016,,
07:58:01.545,0.018863667,-0.007513231,-0.006603977,0.025707264,-0.024946936,-0.041762365,,
07:58:01.550,0.018882579,-0.007521075,-0.006610101,0.025722859,-0.024968943,-0.041794496,,
07:58:01.555,0.018901354,-0.007532201,-0.00662412,0.025758067,-0.0249972,-0.041832126,,
07:58:01.560,0.018914105,-0.007546128,-0.0066303,0.025790492,-0.025019871,-0.041870735,,
07:58:01.565,0.018928968,-0.007556093,-0.006633264,0.025805869,-0.025040628,-0.041902152,,
07:58:01.570,0.018949798,-0.007563889,-0.006645863,0.025832195,-0.025065635,-0.041936267,,
07:58:01.575,0.018967111,-0.007574149,-0.006656951,0.025868371,-0.025091821,-0.041976757,,
07:58:01.580,0.018977513,-0.007586697,-0.006660045,0.025891519,-0.025112611,-0.042012751,,
07:58:01.585,0.018995416,-0.007596934,-0.006669939,0.025914194,-0.025133202,-0.042046525,,
07:58:01.590,0.019017759,-0.007606944,-0.006684786,0.025949201,-0.025159186,-0.042085082,,
07:58:01.595,0.019032149,-0.007618001,-0.006687482,0.025975478,-0.025183234,-0.042122772,,
07:58:01.600,0.019041641,-0.007629372,-0.006692367,0.025996853,-0.025203924,-0.042157508,,
07:58:01.605,0.019062596,-0.007640875,-0.0067055,0.026027611,-0.025226591,-0.042194357,,
07:58:01.610,0.019083559,-0.007650413,-0.006712931,0.026053921,-0.025253081,-0.042232268,,
07:58:01.615,0.019093116,-0.007659113,-0.006716085,0.026075718,-0.025276184,-0.042268727,,
07:58:01.620,0.01910855,-0.007671538,-0.00672772,0.026106069,-0.025295642,-0.042305685,,
07:58:01.625,0.019130889,-0.007682429,-0.006738934,0.026135147,-0.025318244,-0.042342367,,
07:58:01.630,0.019145077,-0.007692419,-0.006743239,0.026155025,-0.025342823,-0.042377754,,
07:58:01.635,0.019155725,-0.007704751,-0.006753177,0.026183658,-0.02536381,-0.042413225,,
07:58:01.640,0.019173867,-0.007716227,-0.0067655,0.026216806,-0.025385108,-0.042447249,,
07:58:01.645,0.019193374,-0.007726077,-0.006769599,0.026234796,-0.02540967,-0.042479356,,
07:58:01.650,0.019207183,-0.007734388,-0.006776327,0.026254587,-0.025433218,-0.042514027,,
07:58:01.655,0.019221237,-0.007746728,-0.006790011,0.02629222,-0.025455505,-0.042552481,,
07:58:01.660,0.019241686,-0.007758958,-0.006795608,0.026317565,-0.025478376,-0.042586727,,
07:58:01.665,0.019258262,-0.007767334,-0.006799724,0.026333549,-0.025503532,-0.042619359,,
07:58:01.670,0.019269074,-0.00777996,-0.006812532,0.0263684,-0.025528669,-0.042657581,,
07:58:01.675,0.019287616,-0.00779236,-0.006822038,0.026399744,-0.025551203,-0.042693486,,
07:58:01.680,0.019307335,-0.007800336,-0.006824442,0.026412619,-0.02557403,-0.042724568,,
07:58:01.685,0.019320355,-0.007809253,-0.00683528,0.026438716,-0.025599026,-0.042760754,,
07:58:01.690,0.019334206,-0.007822146,-0.006848113,0.026479002,-0.025621067,-0.04280031,,
07:58:01.695,0.01935293,-0.007832072,-0.006851054,0.026496802,-0.025642109,-0.042833078,,
07:58:01.700,0.019368278,-0.007840329,-0.006858544,0.026513555,-0.025666016,-0.042866596,,
07:58:01.705,0.019379885,-0.007853854,-0.006873417,0.026553298,-0.025689494,-0.042906835,,
07:58:01.710,0.019395935,-0.007865312,-0.006878383,0.026581611,-0.025709313,-0.042942656,,
07:58:01.715,0.019415079,-0.007872144,-0.006880047,0.02659435,-0.025731146,-0.042973105,,
07:58:01.720,0.019430208,-0.0078824,-0.006895003,0.02662723,-0.025756335,-0.043009589,,
07:58:01.725,0.019441865,-0.007896492,-0.006904472,0.026665186,-0.025779184,-0.043046751,,
07:58:01.730,0.019459329,-0.007905498,-0.006904378,0.026676962,-0.025798139,-0.04307706,,
07:58:01.735,0.019478038,-0.007913777,-0.006914787,0.026695256,-0.025820818,-0.043110402,,
07:58:01.740,0.019492042,-0.007928521,-0.006929581,0.026735785,-0.025847943,-0.043149814,,
07:58:01.745,0.019504867,-0.007940741,-0.006931191,0.026758573,-0.025869644,-0.043183452,,
07:58:01.750,0.019520151,-0.007948358,-0.006936402,0.026771588,-0.025890088,-0.043212715,,
07:58:01.755,0.019539562,-0.007959062,-0.006953547,0.026805804,-0.025914612,-0.043248296,,
07:58:01.760,0.019553828,-0.007970815,-0.006960861,0.026836732,-0.02593919,-0.043284786,,
07:58:01.765,0.019564811,-0.007981027,-0.006962459,0.026850866,-0.025960667,-0.043316122,,
07:58:01.770,0.019585197,-0.00799101,-0.006975057,0.026877338,-0.025982375,-0.043350247,,
07:58:01.775,0.01960372,-0.008002484,-0.006986989,0.02691288,-0.026008228,-0.043387981,,
07:58:01.780,0.019611479,-0.00801453,-0.006987619,0.026932887,-0.026030637,-0.043422477,,
07:58:01.785,0.01962677,-0.00802271,-0.006996554,0.026952041,-0.026050431,-0.043454247,,
07:58:01.790,0.019647219,-0.008033004,-0.007010421,0.026985467,-0.026073863,-0.043490483,,
07:58:01.795,0.019661985,-0.008042828,-0.007013605,0.02700916,-0.026098417,-0.04352587,,
07:58:01.800,0.01967102,-0.008052868,-0.007019388,0.027027659,-0.026120491,-0.043558129,,
07:58:01.805,0.01969,-0.008065228,-0.007033436,0.027059908,-0.0261423,-0.043593434,,
07:58:01.810,0.019709447,-0.008076339,-0.007039318,0.027087861,-0.026164587,-0.043629507,,
07:58:01.815,0.01971775,-0.008086979,-0.007042501,0.027105433,-0.026190129,-0.043660539,,
07:58:01.820,0.019731848,-0.008097858,-0.007055839,0.027134782,-0.026209409,-0.04369279,,
07:58:01.825,0.019753621,-0.008107641,-0.007065756,0.027164863,-0.026229524,-0.043726585,,
07:58:01.830,0.019765942,-0.008119148,-0.007068305,0.027180929,-0.026253864,-0.043758909,,
07:58:01.835,0.01977672,-0.008128929,-0.00707785,0.027201328,-0.026273805,-0.043792448,,
07:58:01.840,0.019793205,-0.008140769,-0.007093154,0.027238486,-0.02629791,-0.04382914,,
07:58:01.845,0.019809589,-0.008151924,-0.007096123,0.027258459,-0.026320549,-0.043862007,,
07:58:01.850,0.01982452,-0.008160371,-0.007100898,0.027272506,-0.0263423,-0.043891527,,
07:58:01.855,0.019839394,-0.008173494,-0.007115278,0.027310934,-0.026369237,-0.043926863,,
07:58:01.860,0.019854002,-0.008184758,-0.007121259,0.027339086,-0.026390004,-0.04396004,,
07:58:01.865,0.019870744,-0.008191649,-0.007122288,0.027349217,-0.026410176,-0.043986662,,
07:58:01.870,0.019886657,-0.008202973,-0.007135633,0.027379144,-0.026438172,-0.044019575,,
07:58:01.875,0.019899582,-0.008216212,-0.007147004,0.027415736,-0.026461145,-0.04405596,,
07:58:01.880,0.019914636,-0.008223781,-0.007146653,0.027426267,-0.026479931,-0.044085715,,
07:58:01.885,0.019930619,-0.0082318,-0.007157054,0.027444944,-0.026504678,-0.044117879,,
07:58:01.890,0.019946019,-0.008244613,-0.007171781,0.027482948,-0.026530213,-0.044155186,,
07:58:01.895,0.019957148,-0.008255807,-0.007173982,0.027504107,-0.026548982,-0.044187856,,
07:58:01.900,0.019972488,-0.008263699,-0.007177756,0.027514224,-0.026568541,-0.044216562,,
07:58:01.905,0.019991869,-0.008274721,-0.007193055,0.027550249,-0.026594388,-0.044252887,,
07:58:01.910,0.020001177,-0.008287447,-0.007198392,0.027583933,-0.026615914,-0.044289141,,
07:58:01.915,0.020010866,-0.008296967,-0.007198867,0.027592863,-0.02663202,-0.044317147,,
07:58:01.920,0.020032034,-0.008305223,-0.007213612,0.027618641,-0.026657369,-0.044348477,,
07:58:01.925,0.0200495,-0.008316587,-0.007225539,0.027656616,-0.026682155,-0.044384705,,
07:58:01.930,0.020054948,-0.008329579,-0.007224486,0.027674184,-0.02669846,-0.044414888,,
07:58:01.935,0.02007011,-0.008337886,-0.007232914,0.027689308,-0.026718088,-0.044441835,,
07:58:01.940,0.020091122,-0.00834839,-0.007248257,0.027724012,-0.026745083,-0.044476849,,
07:58:01.945,0.020100885,-0.008359942,-0.007249822,0.027749484,-0.026769842,-0.044510202,,
07:58:01.950,0.020109722,-0.008369768,-0.007254647,0.027764416,-0.02678804,-0.04453838,,
07:58:01.955,0.020133341,-0.008381262,-0.007270554,0.027792323,-0.026812295,-0.044569093,,
07:58:01.960,0.020151205,-0.008392217,-0.00727942,0.02782246,-0.026839496,-0.044603227,,
07:58:01.965,0.020157856,-0.008400635,-0.007278166,0.027838721,-0.026860938,-0.044634222,,
07:58:01.970,0.020172595,-0.00841182,-0.007292335,0.027864991,-0.026880542,-0.044664207,,
07:58:01.975,0.020195544,-0.008422536,-0.007305415,0.027893777,-0.026904813,-0.044697582,,
07:58:01.980,0.020207678,-0.008430632,-0.007305529,0.027905569,-0.026929828,-0.044731187,,
07:58:01.985,0.020211027,-0.008442835,-0.007314771,0.027929797,-0.026948381,-0.044765048,,
07:58:01.990,0.020231322,-0.008454633,-0.007330573,0.027963078,-0.026967395,-0.044797875,,
07:58:01.995,0.020249133,-0.008463311,-0.00733225,0.02797796,-0.02699103,-0.044828044,,
07:58:02.000,0.020256444,-0.008472287,-0.00733473,0.027994181,-0.02701501,-0.044858127,,
07:58:02.005,0.020269959,-0.008486093,-0.007352119,0.028033918,-0.027035044,-0.044892146,,
07:58:02.010,0.020289303,-0.008498171,-0.007358873,0.0280576,-0.027058882,-0.044920661,,
07:58:02.015,0.020302849,-0.008504733,-0.00735973,0.028064858,-0.027082771,-0.044947683,,
07:58:02.020,0.020312402,-0.008515664,-0.007372218,0.028098296,-0.027105512,-0.044981925,,
07:58:02.025,0.020327548,-0.008530146,-0.007383646,0.028134921,-0.027126388,-0.045015685,,
07:58:02.030,0.020344532,-0.00853891,-0.007381234,0.028140524,-0.027143526,-0.045041625,,
07:58:02.035,0.02035821,-0.008547375,-0.007390945,0.028159561,-0.027167982,-0.045070697,,
07:58:02.040,0.020367951,-0.00856169,-0.007405903,0.028203441,-0.027191048,-0.045107112,,
07:58:02.045,0.020383472,-0.008571099,-0.007406412,0.028219322,-0.02720898,-0.04513598,,
07:58:02.050,0.020399596,-0.008579064,-0.007411375,0.028226043,-0.027231093,-0.045162681,,
07:58:02.055,0.02041088,-0.008590664,-0.007429231,0.028265445,-0.027257266,-0.045198095,,
07:58:02.060,0.020419343,-0.008603685,-0.007436672,0.028295316,-0.027275101,-0.045231311,,
07:58:02.065,0.020435896,-0.008611543,-0.007436144,0.028296947,-0.027294154,-0.045255143,,
07:58:02.070,0.020454645,-0.008618899,-0.007452803,0.028324309,-0.027321413,-0.045286892,,
07:58:02.075,0.020463676,-0.008634373,-0.007465382,0.02836511,-0.027344272,-0.045325136,,
07:58:02.080,0.020474744,-0.00864488,-0.007463482,0.028372875,-0.027360889,-0.04535045,,
07:58:02.085,0.02049273,-0.008650962,-0.007471909,0.028385991,-0.02738455,-0.045373508,,
07:58:02.090,0.020512818,-0.008662255,-0.007488957,0.028426739,-0.027414058,-0.045409175,,
07:58:02.095,0.020517859,-0.008675741,-0.007488222,0.028447732,-0.027431932,-0.045441896,,
07:58:02.100,0.020530247,-0.008682523,-0.007490542,0.02845303,-0.027448409,-0.045466431,,
07:58:02.105,0.020554521,-0.008690751,-0.007508795,0.028484696,-0.027474489,-0.045499087,,
07:58:02.110,0.020565515,-0.008703066,-0.007514843,0.028517129,-0.027498184,-0.045533543,,
07:58:02.115,0.02056955,-0.00871288,-0.007511848,0.028528716,-0.027514266,-0.045559956,,
07:58:02.120,0.020585693,-0.008721136,-0.007525567,0.028552247,-0.027535806,-0.045587643,,
07:58:02.125,0.0206031,-0.008732277,-0.00754082,0.028587534,-0.027563214,-0.045619866,,
07:58:02.130,0.020610758,-0.00874136,-0.007537535,0.028599518,-0.027582526,-0.045646723,,
07:58:02.135,0.020619722,-0.008751904,-0.007545795,0.028614993,-0.027601668,-0.045673232,,
07:58:02.140,0.020640544,-0.008763116,-0.007562939,0.028649321,-0.027626183,-0.045706587,,
07:58:02.145,0.020655831,-0.008773486,-0.00756522,0.028669231,-0.02764892,-0.045736481,,
07:58:02.150,0.020659615,-0.008785443,-0.007567523,0.028684134,-0.027669391,-0.045763056,,
07:58:02.155,0.020676614,-0.008797436,-0.007584544,0.028716287,-0.027689129,-0.045793935,,
07:58:02.160,0.02069633,-0.008809973,-0.007590497,0.028741291,-0.027710831,-0.045823666,,
07:58:02.165,0.020703688,-0.008817723,-0.007589111,0.028748541,-0.027732949,-0.045847876,,
07:58:02.170,0.020712476,-0.008827443,-0.007603562,0.028776165,-0.027752319,-0.045877724,,
07:58:02.175,0.020732527,-0.008838676,-0.007615196,0.028808989,-0.027774254,-0.045910651,,
07:58:02.180,0.020745709,-0.008846793,-0.007615431,0.028818758,-0.027794824,-0.0459385,,
07:58:02.185,0.020751756,-0.008855259,-0.007624603,0.028836633,-0.027816434,-0.045967062,,
07:58:02.190,0.02076632,-0.008867119,-0.007640393,0.028874353,-0.027838745,-0.045999431,,
07:58:02.195,0.020785331,-0.008875167,-0.007640157,0.028887145,-0.027859446,-0.046024646,,
07:58:02.200,0.020793857,-0.008883709,-0.007643907,0.028896677,-0.027884173,-0.046049984,,
07:58:02.205,0.020802926,-0.008897414,-0.007660502,0.028935784,-0.027907429,-0.046084053,,
07:58:02.210,0.020822642,-0.0089083,-0.007667802,0.028959835,-0.027928593,-0.046113697,,
07:58:02.215,0.020833899,-0.008917556,-0.007667821,0.028961084,-0.027948652,-0.046135697,,
07:58:02.220,0.020842614,-0.008928778,-0.007684303,0.028990686,-0.027971007,-0.046165407,,
07:58:02.225,0.020857226,-0.008943164,-0.007696385,0.029029253,-0.027994637,-0.046196186,,
07:58:02.230,0.020869728,-0.008952524,-0.007692635,0.029033366,-0.028011704,-0.046217559,,
07:58:02.235,0.020878639,-0.008960613,-0.007701863,0.029046654,-0.02803116,-0.046243087,,
07:58:02.240,0.020891123,-0.008974535,-0.007716842,0.029088016,-0.028057626,-0.04627681,,
07:58:02.245,0.020903389,-0.008986871,-0.007716103,0.029107456,-0.028075707,-0.046305705,,
07:58:02.250,0.020914557,-0.008995566,-0.007714784,0.029109172,-0.028094186,-0.046331365,,
07:58:02.255,0.020929851,-0.009003913,-0.007733265,0.029143272,-0.028121969,-0.046364144,,
07:58:02.260,0.020941907,-0.009013948,-0.007740493,0.029173831,-0.028144684,-0.046395214,,
07:58:02.265,0.020953414,-0.009020323,-0.007740477,0.029180222,-0.028159471,-0.046417874,,
07:58:02.270,0.020965537,-0.009028455,-0.007755692,0.029205731,-0.02817736,-0.046445301,,
07:58:02.275,0.020978951,-0.009040034,-0.007768045,0.02924018,-0.028202911,-0.046476025,,
07:58:02.280,0.020988501,-0.009048191,-0.007763231,0.029248531,-0.028221154,-0.04649845,,
07:58:02.285,0.021004979,-0.009056131,-0.007769675,0.02925714,-0.028237063,-0.046519271,,
07:58:02.290,0.021022277,-0.009070335,-0.00778791,0.02929647,-0.028263011,-0.046551056,,
07:58:02.295,0.021028803,-0.009082572,-0.00778757,0.029319947,-0.028287058,-0.046579647,,
07:58:02.300,0.021036476,-0.009091703,-0.007788275,0.029321468,-0.028302037,-0.046599068,,
07:58:02.305,0.021056015,-0.009098987,-0.007804904,0.029350933,-0.028325604,-0.046626096,,
07:58:02.310,0.021068406,-0.009107335,-0.007813653,0.029383329,-0.028350658,-0.046659255,,
07:58:02.315,0.021068482,-0.009116881,-0.007811774,0.029388285,-0.028365067,-0.046684393,,
07:58:02.320,0.021082892,-0.009125564,-0.007828267,0.02940662,-0.028383967,-0.046709598,,
07:58:02.325,0.021105443,-0.009134643,-0.007840801,0.029439584,-0.028410817,-0.046740624,,
07:58:02.330,0.021112304,-0.009144173,-0.007838795,0.029454254,-0.028434564,-0.046768151,,
07:58:02.335,0.021116638,-0.009158336,-0.007844499,0.02947111,-0.028450374,-0.046793453,,
07:58:02.340,0.021140089,-0.009171367,-0.007860577,0.029505371,-0.028470708,-0.046821465,,
07:58:02.345,0.02115561,-0.009179332,-0.007861391,0.029521197,-0.028495249,-0.04684715,,
07:58:02.350,0.021153361,-0.009188223,-0.007862187,0.029530138,-0.028517031,-0.046870394,,
07:58:02.355,0.021160094,-0.009203095,-0.007880055,0.029566168,-0.028534592,-0.046898521,,
07:58:02.360,0.021186717,-0.009212039,-0.007885545,0.029583673,-0.028557166,-0.046924527,,
07:58:02.365,0.021198905,-0.009217564,-0.007884072,0.029585401,-0.028581296,-0.046947976,,
07:58:02.370,0.021201658,-0.009228195,-0.007895676,0.029619736,-0.028601131,-0.046976715,,
07:58:02.375,0.021213947,-0.009243745,-0.007909056,0.029655977,-0.028619059,-0.047004206,,
07:58:02.380,0.021233769,-0.009247602,-0.007906011,0.029651221,-0.02863813,-0.047023157,,
07:58:02.385,0.021246152,-0.009252191,-0.007917233,0.029666319,-0.028662784,-0.047048644,,
07:58:02.390,0.021252412,-0.009266151,-0.007935452,0.029715162,-0.028683179,-0.04708135,,
07:58:02.395,0.021262547,-0.009277411,-0.007936196,0.029725269,-0.028696355,-0.047103509,,
07:58:02.400,0.021283287,-0.009282522,-0.007938627,0.029721246,-0.02871997,-0.04712289,,
07:58:02.405,0.021297165,-0.009291638,-0.007957483,0.029762305,-0.028746542,-0.047155241,,
07:58:02.410,0.02129653,-0.009308003,-0.007962916,0.029800637,-0.028763407,-0.047187209,,
07:58:02.415,0.02130722,-0.009316338,-0.00795778,0.029791822,-0.028778508,-0.04720407,,
07:58:02.420,0.021327368,-0.009322532,-0.007973641,0.029803614,-0.028801877,-0.047226939,,
07:58:02.425,0.021335618,-0.009335016,-0.007987236,0.029847154,-0.028827955,-0.047262357,,
07:58:02.430,0.021337645,-0.009345298,-0.007983479,0.029857555,-0.028841958,-0.047286261,,
07:58:02.435,0.02135172,-0.00935256,-0.007989929,0.029860939,-0.02885736,-0.047303625,,
07:58:02.440,0.021367608,-0.009365383,-0.008010582,0.029899218,-0.028885912,-0.047333355,,
07:58:02.445,0.021372342,-0.009378289,-0.008009123,0.029921276,-0.028907217,-0.047360439,,
07:58:02.450,0.021377178,-0.009387366,-0.008009443,0.029923316,-0.028924379,-0.047378642,,
07:58:02.455,0.021395122,-0.009397373,-0.008027739,0.029953077,-0.028946997,-0.04740403,,
07:58:02.460,0.021409047,-0.009407985,-0.008032716,0.0299808,-0.028971528,-0.047432384,,
07:58:02.465,0.021410559,-0.009418404,-0.008027433,0.029987499,-0.028988283,-0.047453059,,
07:58:02.470,0.021425971,-0.009427194,-0.008042084,0.03000818,-0.029006035,-0.047474573,,
07:58:02.475,0.021442676,-0.009437706,-0.008057968,0.030041214,-0.029030565,-0.047502119,,
07:58:02.480,0.021449304,-0.009445005,-0.008049574,0.030046252,-0.029049506,-0.047524221,,
07:58:02.485,0.021458537,-0.009452398,-0.008057272,0.030059378,-0.02906409,-0.047546172,,
07:58:02.490,0.021474347,-0.009461982,-0.008077375,0.030096378,-0.029086992,-0.047575888,,
07:58:02.495,0.021479913,-0.009472194,-0.008079227,0.030110111,-0.02911024,-0.047602876,,
07:58:02.500,0.021485413,-0.009479854,-0.008077759,0.030109331,-0.029125524,-0.047623504,,
07:58:02.505,0.021506552,-0.009486401,-0.008097735,0.030140839,-0.029144961,-0.047648631,,
07:58:02.510,0.021520261,-0.009496725,-0.008105158,0.030170203,-0.029167267,-0.047674412,,
07:58:02.515,0.021520122,-0.009508598,-0.008101649,0.030173504,-0.029188001,-0.047696619,,
07:58:02.520,0.021532182,-0.009519544,-0.008116815,0.030197174,-0.029204466,-0.047718108,,
07:58:02.525,0.021557229,-0.00952636,-0.008132144,0.03022749,-0.0292265,-0.047740431,,
07:58:02.530,0.021558845,-0.009534988,-0.008128894,0.030234243,-0.029247602,-0.047763147,,
07:58:02.535,0.02155398,-0.009547765,-0.00813417,0.030246885,-0.029266611,-0.047787789,,
07:58:02.540,0.021574858,-0.009559301,-0.008153233,0.030275263,-0.029283162,-0.047813754,,
07:58:02.545,0.021598244,-0.009564032,-0.008150553,0.030282755,-0.029305241,-0.047835915,,
07:58:02.550,0.021592319,-0.009575471,-0.008152224,0.03029653,-0.029329788,-0.047862613,,
07:58:02.555,0.021589611,-0.009594831,-0.008168885,0.030335549,-0.029346943,-0.04788924,,
07:58:02.560,0.021618246,-0.00960261,-0.008173308,0.030345875,-0.029366499,-0.04790469,,
07:58:02.565,0.021634661,-0.009604072,-0.008166761,0.030342414,-0.029390843,-0.04792105,,
07:58:02.570,0.0216285,-0.009617811,-0.008180876,0.030385316,-0.029412689,-0.047951085,,
07:58:02.575,0.021632489,-0.009637172,-0.008193348,0.030423498,-0.029425476,-0.047977058,,
07:58:02.580,0.021659346,-0.009638404,-0.008191415,0.030405488,-0.029444041,-0.047988508,,
07:58:02.585,0.021676321,-0.009639605,-0.008203991,0.030417019,-0.029470845,-0.048014356,,
07:58:02.590,0.021677464,-0.009654196,-0.008222131,0.030474765,-0.029493296,-0.048050536,,
07:58:02.595,0.021681811,-0.009668541,-0.008220743,0.030483699,-0.029506155,-0.048069202,,
07:58:02.600,0.021702963,-0.009669797,-0.00822212,0.030461734,-0.029525595,-0.048080008,,
07:58:02.605,0.02171856,-0.009675819,-0.008245259,0.03050249,-0.029552616,-0.048110369,,
07:58:02.610,0.021713066,-0.009693707,-0.00824596,0.030547134,-0.029571364,-0.048141151,,
07:58:02.615,0.021716694,-0.009704901,-0.008239174,0.030533015,-0.029581239,-0.048152711,,
07:58:02.620,0.021746469,-0.009710298,-0.008254254,0.0305375,-0.029602782,-0.048168576,,
07:58:02.625,0.021759085,-0.009721503,-0.008269968,0.030583922,-0.029633386,-0.048198235,,
07:58:02.630,0.02174705,-0.009736367,-0.008260361,0.030599403,-0.029647359,-0.048217689,,
07:58:02.635,0.021757269,-0.009746283,-0.00826587,0.030596461,-0.029657162,-0.048228519,,
07:58:02.640,0.021786111,-0.009753474,-0.008285301,0.0306247,-0.029680796,-0.048252761,,
07:58:02.645,0.021783479,-0.009767222,-0.008281579,0.030655005,-0.029710363,-0.048281955,,
07:58:02.650,0.021771986,-0.009781002,-0.008280613,0.030659124,-0.029725606,-0.048300255,,
07:58:02.655,0.021797572,-0.009790808,-0.008301308,0.030673584,-0.02974278,-0.048319648,,
07:58:02.660,0.021825265,-0.009798103,-0.00831275,0.030703821,-0.029774939,-0.048348638,,
07:58:02.665,0.021817967,-0.009802693,-0.008305338,0.030708051,-0.029790485,-0.048368249,,
07:58:02.670,0.021814989,-0.009814865,-0.008320647,0.030732474,-0.029801563,-0.048387595,,
07:58:02.675,0.021843557,-0.009821826,-0.008335327,0.030757082,-0.02982036,-0.048411309,,
07:58:02.680,0.021855337,-0.009822818,-0.008332493,0.030756914,-0.029843502,-0.048432302,,
07:58:02.685,0.021850398,-0.009832461,-0.008337436,0.030775312,-0.029862023,-0.048452969,,
07:58:02.690,0.021860896,-0.009847921,-0.00835685,0.030812253,-0.029876898,-0.04847925,,
07:58:02.695,0.021886129,-0.009854186,-0.008354604,0.030814352,-0.029897697,-0.048499557,,
07:58:02.700,0.021890106,-0.009861389,-0.008351714,0.030818547,-0.02992139,-0.048517822,,
07:58:02.705,0.021893455,-0.009877,-0.008370457,0.030862553,-0.029936423,-0.048541049,,
07:58:02.710,0.021911432,-0.009886814,-0.008374778,0.030880951,-0.029950332,-0.048557525,,
07:58:02.715,0.021914151,-0.009893651,-0.008372716,0.030866021,-0.029973141,-0.048570232,,
07:58:02.720,0.021920406,-0.009904269,-0.008389216,0.030885711,-0.029996103,-0.048593198,,
07:58:02.725,0.021927065,-0.009920574,-0.008404894,0.030929267,-0.030017282,-0.048618807,,
07:58:02.730,0.021935674,-0.009929608,-0.008396597,0.030919078,-0.030033451,-0.048632448,,
07:58:02.735,0.021952129,-0.009934036,-0.008405678,0.030919197,-0.030055436,-0.048650455,,
07:58:02.740,0.021956682,-0.009948533,-0.008422586,0.0309746,-0.030083705,-0.048680165,,
07:58:02.745,0.021959214,-0.009960763,-0.008421127,0.030988715,-0.030094987,-0.048696285,,
07:58:02.750,0.021972917,-0.009964919,-0.008419123,0.030971793,-0.030108828,-0.048704686,,
07:58:02.755,0.021990036,-0.009974598,-0.008440472,0.031010781,-0.0301405,-0.048733349,,
07:58:02.760,0.021988361,-0.009993071,-0.00844697,0.031049003,-0.030158567,-0.048762842,,
07:58:02.765,0.021995836,-0.009996903,-0.008438774,0.031030772,-0.030167185,-0.048771961,,
07:58:02.770,0.022015886,-0.009997983,-0.008454642,0.031044152,-0.030187402,-0.048791261,,
07:58:02.775,0.022020944,-0.010009561,-0.008470488,0.031094011,-0.030210711,-0.048823911,,
07:58:02.780,0.022022181,-0.010018996,-0.008461788,0.031095258,-0.030218367,-0.048841537,,
07:58:02.785,0.022034368,-0.010023875,-0.008465735,0.031088079,-0.030235866,-0.048853411,,
07:58:02.790,0.022051262,-0.010030997,-0.008491969,0.031128791,-0.030263253,-0.048882799,,
07:58:02.795,0.022051604,-0.01004031,-0.008488118,0.031146912,-0.030280207,-0.04890518,,
07:58:02.800,0.022052505,-0.010048682,-0.008483952,0.031138199,-0.030297251,-0.048912847,,
07:58:02.805,0.022076126,-0.010058829,-0.008505518,0.031166224,-0.030319458,-0.048931103,,
07:58:02.810,0.022086833,-0.010067474,-0.008516737,0.031201535,-0.030343512,-0.048958204,,
07:58:02.815,0.022075653,-0.010080128,-0.008508446,0.031195017,-0.030357115,-0.048971905,,
07:58:02.820,0.022091978,-0.010088431,-0.008523582,0.03119871,-0.030368316,-0.048982301,,
07:58:02.825,0.022111888,-0.010094814,-0.008542367,0.031240094,-0.030395498,-0.049008385,,
07:58:02.830,0.022104825,-0.01010612,-0.00853474,0.031245982,-0.030412898,-0.049031198,,
07:58:02.835,0.022103699,-0.01012162,-0.008540784,0.031248337,-0.030426526,-0.049046301,,
07:58:02.840,0.022131991,-0.010132618,-0.008560094,0.031277907,-0.030450488,-0.049065169,,
07:58:02.845,0.02214183,-0.010138542,-0.008559156,0.031294627,-0.030473953,-0.04908755,,
07:58:02.850,0.022129947,-0.010150512,-0.008552255,0.031296869,-0.030491374,-0.049102649,,
07:58:02.855,0.022145259,-0.010164305,-0.008573184,0.031322121,-0.030506695,-0.049118445,,
07:58:02.860,0.022165637,-0.010170232,-0.008582805,0.031339977,-0.030531656,-0.049135226,,
07:58:02.865,0.022168496,-0.010172471,-0.008575734,0.031336189,-0.030551285,-0.049152032,,
07:58:02.870,0.02216322,-0.010189013,-0.00858872,0.031364993,-0.030565159,-0.049174617,,
07:58:02.875,0.022185113,-0.010199925,-0.008604807,0.031395183,-0.030580919,-0.049192217,,
07:58:02.880,0.022198708,-0.010203148,-0.008599361,0.031387029,-0.030596831,-0.049203496,,
07:58:02.885,0.022194355,-0.010209584,-0.008605452,0.03140417,-0.030619439,-0.049224713,,
07:58:02.890,0.022198835,-0.010226511,-0.008623672,0.031451097,-0.030633002,-0.049250933,,
07:58:02.895,0.022215242,-0.010232211,-0.008616424,0.031447903,-0.030648758,-0.049263231,,
07:58:02.900,0.022222315,-0.010231854,-0.008617624,0.031435885,-0.030669845,-0.049277058,,
07:58:02.905,0.022221931,-0.010245554,-0.008637204,0.03148104,-0.030690819,-0.049305732,,
07:58:02.910,0.022226611,-0.010260196,-0.008645655,0.03151019,-0.030705715,-0.049327298,,
07:58:02.915,0.02224206,-0.010260413,-0.00863692,0.031482334,-0.030719885,-0.049333638,,
07:58:02.920,0.022257868,-0.010266066,-0.008656245,0.031502199,-0.030745409,-0.049351747,,
07:58:02.925,0.022254567,-0.010282017,-0.008670342,0.031555302,-0.030763297,-0.049379796,,
07:58:02.930,0.022258347,-0.010287368,-0.008657334,0.031540382,-0.030772921,-0.049385795,,
07:58:02.935,0.022276677,-0.010291061,-0.008666024,0.031529352,-0.030795661,-0.049392343,,
07:58:02.940,0.022284583,-0.010308259,-0.008690555,0.03157956,-0.030825117,-0.049417427,,
07:58:02.945,0.022277062,-0.010327715,-0.008684717,0.031596049,-0.030839531,-0.049434199,,
07:58:02.950,0.022287121,-0.010335068,-0.008675437,0.031572147,-0.030854574,-0.049437754,,
07:58:02.955,0.022313472,-0.010345546,-0.008700004,0.031605253,-0.030886577,-0.049458641,,
07:58:02.960,0.02231647,-0.010359959,-0.00870685,0.031649677,-0.03091039,-0.049484295,,
07:58:02.965,0.022306766,-0.010368391,-0.008695818,0.0316408,-0.030918756,-0.049492652,,
07:58:02.970,0.022327382,-0.010371769,-0.008708977,0.031640747,-0.030932624,-0.04950556,,
07:58:02.975,0.022343795,-0.010380286,-0.00873192,0.031683206,-0.030956654,-0.049536568,,
07:58:02.980,0.022331802,-0.010390625,-0.008721293,0.031690092,-0.030965629,-0.049556236,,
07:58:02.985,0.022335132,-0.010392901,-0.008727363,0.03167824,-0.030971697,-0.049562209,,
07:58:02.990,0.022360967,-0.010395547,-0.008754132,0.031707395,-0.030996222,-0.049582134,,
07:58:02.995,0.022369863,-0.010399494,-0.008752694,0.031725769,-0.031014484,-0.049605054,,
07:58:03.000,0.022354788,-0.010408595,-0.008748561,0.031728397,-0.031023112,-0.04961495,,
07:58:03.005,0.022368645,-0.010419911,-0.008767955,0.031752452,-0.031038542,-0.049627434,,
07:58:03.010,0.022395188,-0.010426066,-0.008775322,0.031774737,-0.031061752,-0.049645345,,
07:58:03.015,0.022388905,-0.010435915,-0.008762105,0.031777049,-0.031085516,-0.049658669,,
07:58:03.020,0.022381205,-0.010453374,-0.008776718,0.031799265,-0.031100604,-0.049674332,,
07:58:03.025,0.02240892,-0.010463986,-0.008791004,0.031817729,-0.03111826,-0.049688027,,
07:58:03.030,0.022419114,-0.010466926,-0.008782857,0.031808383,-0.031144235,-0.049700194,,
07:58:03.035,0.022402985,-0.010476618,-0.008787878,0.031819222,-0.03116154,-0.04971811,,
07:58:03.040,0.022411063,-0.010492841,-0.008812037,0.031857141,-0.031172811,-0.049736152,,
07:58:03.045,0.022428554,-0.010501153,-0.008809643,0.031858349,-0.031193931,-0.049748491,,
07:58:03.050,0.022432388,-0.010503137,-0.008806989,0.031846869,-0.031215203,-0.049761216,,
07:58:03.055,0.022425871,-0.010522508,-0.008830118,0.031892982,-0.031232673,-0.049785606,,
07:58:03.060,0.022433828,-0.01053824,-0.008833589,0.031911489,-0.031247978,-0.049799694,,
07:58:03.065,0.022450155,-0.010532616,-0.008824178,0.031879835,-0.031262722,-0.049804355,,
07:58:03.070,0.022460767,-0.01053462,-0.008841284,0.031909379,-0.031286678,-0.049829135,,
07:58:03.075,0.022459986,-0.010554557,-0.008858594,0.031964423,-0.031296972,-0.049856133,,
07:58:03.080,0.022462843,-0.010561332,-0.008844531,0.031939956,-0.031304287,-0.049856566,,
07:58:03.085,0.022476162,-0.010557276,-0.008853771,0.031925254,-0.03133002,-0.049864032,,
07:58:03.090,0.022485029,-0.010572887,-0.008875053,0.031981269,-0.031356437,-0.049892886,,
07:58:03.095,0.022487836,-0.010588717,-0.008869217,0.032003157,-0.031366821,-0.049906579,,
07:58:03.100,0.022493057,-0.010590891,-0.008861013,0.031981001,-0.031375537,-0.049904563,,
07:58:03.105,0.022509635,-0.01059774,-0.008884921,0.032014473,-0.031406632,-0.049923602,,
07:58:03.110,0.022506933,-0.010613021,-0.008890611,0.032053177,-0.031424565,-0.049947491,,
07:58:03.115,0.022502339,-0.010619318,-0.008876097,0.032025365,-0.031427739,-0.049949618,,
07:58:03.120,0.02251712,-0.010625588,-0.00889183,0.032029983,-0.031446919,-0.049962276,,
07:58:03.125,0.022529416,-0.010640036,-0.008907959,0.032078378,-0.031477629,-0.04999112,,
07:58:03.130,0.022520674,-0.010653985,-0.008899645,0.032074109,-0.031489264,-0.050000845,,
07:58:03.135,0.022523034,-0.010655754,-0.008904043,0.032057,-0.031497373,-0.050000146,,
07:58:03.140,0.022542777,-0.010663879,-0.008933308,0.0321,-0.031524258,-0.050019615,,
07:58:03.145,0.022547303,-0.010675343,-0.008928643,0.032121757,-0.031547397,-0.05003723,,
07:58:03.150,0.022536455,-0.01068535,-0.008920067,0.03210622,-0.031554052,-0.050039488,,
07:58:03.155,0.022549463,-0.010694821,-0.008940299,0.032127096,-0.031571538,-0.050053814,,
07:58:03.160,0.022568588,-0.010699945,-0.008951459,0.032157332,-0.031601545,-0.050077103,,
07:58:03.165,0.02256178,-0.010705796,-0.008937736,0.032151642,-0.031619195,-0.050088894,,
07:58:03.170,0.02256509,-0.010712186,-0.00895018,0.032162206,-0.031625654,-0.050100522,,
07:58:03.175,0.022587925,-0.010723023,-0.008971906,0.032196862,-0.031642658,-0.050119773,,
07:58:03.180,0.022591355,-0.010729528,-0.00896312,0.032195629,-0.031663611,-0.050131415,,
07:58:03.185,0.022584956,-0.010734603,-0.008965877,0.032189954,-0.031673233,-0.050139349,,
07:58:03.190,0.022598061,-0.010747581,-0.008985389,0.032223416,-0.031686587,-0.050156826,,
07:58:03.195,0.022612556,-0.010755897,-0.008985896,0.03223216,-0.03170626,-0.050173503,,
07:58:03.200,0.022608284,-0.010762642,-0.008982294,0.032214505,-0.031720232,-0.050181403,,
07:58:03.205,0.022614445,-0.010773991,-0.009006832,0.032247509,-0.031738726,-0.05019715,,
07:58:03.210,0.022631186,-0.010780709,-0.009012867,0.032269189,-0.031759114,-0.050213343,,
07:58:03.215,0.022629694,-0.010785941,-0.009004073,0.032252555,-0.031776528,-0.050220327,,
07:58:03.220,0.022623704,-0.010798645,-0.009018663,0.032277861,-0.031789759,-0.05023365,,
07:58:03.225,0.022636079,-0.010811701,-0.009035614,0.032313496,-0.031804468,-0.05024866,,
07:58:03.230,0.022645114,-0.01081668,-0.009026714,0.032299305,-0.03182222,-0.050252421,,
07:58:03.235,0.022638684,-0.010820347,-0.009031732,0.032295909,-0.031839494,-0.050259297,,
07:58:03.240,0.022639277,-0.010838148,-0.009056348,0.032342518,-0.031852659,-0.050278645,,
07:58:03.245,0.022654957,-0.010847616,-0.009049861,0.032345786,-0.031868428,-0.050287981,,
07:58:03.250,0.02266245,-0.010846959,-0.009046687,0.032325891,-0.031888375,-0.050291083,,
07:58:03.255,0.022654972,-0.010861852,-0.009067753,0.032367662,-0.031912794,-0.050309892,,
07:58:03.260,0.022659669,-0.010879374,-0.009071274,0.032397496,-0.031929909,-0.050323605,,
07:58:03.265,0.022675743,-0.010877664,-0.009049512,0.032361959,-0.031941007,-0.050320469,,
07:58:03.270,0.022675935,-0.010884084,-0.00906851,0.032377856,-0.031969046,-0.05033657,,
07:58:03.275,0.022679811,-0.010904931,-0.00908974,0.032428954,-0.031981056,-0.050362978,,
07:58:03.280,0.022690375,-0.01090937,-0.009078613,0.032409841,-0.031988155,-0.050366451,,
07:58:03.285,0.022700092,-0.010908511,-0.009086249,0.032398539,-0.032009196,-0.05037192,,
07:58:03.290,0.022705659,-0.010923797,-0.009114475,0.032449915,-0.032032069,-0.050398382,,
07:58:03.295,0.022700237,-0.010936303,-0.009108829,0.032465545,-0.032041297,-0.050416033,,
07:58:03.300,0.022703676,-0.010932649,-0.00909602,0.032432662,-0.032048764,-0.050415348,,
07:58:03.305,0.022715768,-0.010938997,-0.00912224,0.032462045,-0.032072422,-0.050429832,,
07:58:03.310,0.022715879,-0.010954859,-0.009128091,0.032500564,-0.032093479,-0.050450684,,
07:58:03.315,0.022712069,-0.010963764,-0.009111252,0.03247871,-0.032101811,-0.050451571,,
07:58:03.320,0.022723124,-0.010970512,-0.009119356,0.032478509,-0.032118517,-0.050456993,,
07:58:03.325,0.022734986,-0.010984248,-0.009140243,0.032523874,-0.032144173,-0.050475102,,
07:58:03.330,0.02272803,-0.01099403,-0.009127794,0.032523155,-0.03215567,-0.050478492,,
07:58:03.335,0.022729218,-0.010996675,-0.00912826,0.03250323,-0.032163231,-0.050473594,,
07:58:03.340,0.022746437,-0.01100824,-0.009150469,0.032538509,-0.032183664,-0.050489963,,
07:58:03.345,0.022754012,-0.011018304,-0.009149864,0.032553582,-0.032208612,-0.050508942,,
07:58:03.350,0.022742599,-0.011027721,-0.009145746,0.032536433,-0.032217374,-0.050514097,,
07:58:03.355,0.02275919,-0.011035428,-0.009168191,0.032559998,-0.032230788,-0.050522933,,
07:58:03.360,0.022771118,-0.01104724,-0.009176707,0.032597665,-0.032254097,-0.050538657,,
07:58:03.365,0.022757799,-0.011055387,-0.009160326,0.032583908,-0.032271202,-0.050543726,,
07:58:03.370,0.022760938,-0.011060016,-0.009177444,0.032587364,-0.032277684,-0.050545011,,
07:58:03.375,0.022781376,-0.011069401,-0.009193396,0.032618251,-0.03229717,-0.05055651,,
07:58:03.380,0.022777119,-0.011078178,-0.009184866,0.032615061,-0.03231848,-0.050567269,,
07:58:03.385,0.022770581,-0.011082612,-0.009187597,0.032609131,-0.03232793,-0.050573755,,
07:58:03.390,0.022788452,-0.011092253,-0.009215783,0.032644913,-0.032346126,-0.050588529,,
07:58:03.395,0.022796144,-0.011100806,-0.009213203,0.032653949,-0.032367127,-0.050602227,,
07:58:03.400,0.022789692,-0.011107173,-0.009203662,0.032630409,-0.032380958,-0.050608578,,
07:58:03.405,0.022793337,-0.011116339,-0.009226244,0.032658606,-0.032392342,-0.050622822,,
07:58:03.410,0.022812684,-0.011118934,-0.009234409,0.03268652,-0.032408407,-0.050637087,,
07:58:03.415,0.02280946,-0.011123529,-0.009222232,0.032670298,-0.032423827,-0.0506447,,
07:58:03.420,0.022802496,-0.011133227,-0.009238124,0.032677637,-0.032437239,-0.050654843,,
07:58:03.425,0.02282161,-0.011145181,-0.009262446,0.032714852,-0.032452981,-0.050670332,,
07:58:03.430,0.022825408,-0.011151885,-0.009248411,0.032710518,-0.032467541,-0.050679924,,
07:58:03.435,0.022815295,-0.01115956,-0.009251846,0.032706026,-0.032477066,-0.050686938,,
07:58:03.440,0.022817887,-0.011176535,-0.009273632,0.032741706,-0.032494145,-0.050695888,,
07:58:03.445,0.022824101,-0.011185769,-0.009270102,0.032743803,-0.032513256,-0.050698449,,
07:58:03.450,0.02282336,-0.011189886,-0.009259228,0.032719184,-0.032530231,-0.050696042,,
07:58:03.455,0.022822668,-0.011204523,-0.009284077,0.032755675,-0.032556934,-0.050707381,,
07:58:03.460,0.022833458,-0.01121896,-0.009291231,0.032778893,-0.032576254,-0.050717773,,
07:58:03.465,0.022839604,-0.011224554,-0.009275323,0.032750205,-0.032588818,-0.050716705,,
07:58:03.470,0.022838972,-0.011233003,-0.009289334,0.032769825,-0.032606858,-0.0507262,,
07:58:03.475,0.022849455,-0.011239891,-0.009305905,0.032811963,-0.032624215,-0.050741025,,
07:58:03.480,0.022846112,-0.011243097,-0.009300776,0.032797056,-0.032630145,-0.050745582,,
07:58:03.485,0.022851114,-0.011243088,-0.0093051,0.032776958,-0.032632872,-0.050755337,,
07:58:03.490,0.022860447,-0.011253743,-0.00933154,0.032822663,-0.032654802,-0.050781693,,
07:58:03.495,0.022859993,-0.011263065,-0.009324087,0.032842005,-0.032676142,-0.050795057,,
07:58:03.500,0.022862288,-0.011263851,-0.009316878,0.03281233,-0.032679258,-0.050791438,,
07:58:03.505,0.022869608,-0.011271763,-0.00934025,0.032836084,-0.03269973,-0.050799388,,
07:58:03.510,0.022871889,-0.011285941,-0.009347863,0.032871287,-0.032722218,-0.050812562,,
07:58:03.515,0.022866778,-0.011292319,-0.009329463,0.03284575,-0.03272543,-0.050809866,,
07:58:03.520,0.022875503,-0.011296613,-0.00934707,0.032847386,-0.032737011,-0.050811446,,
07:58:03.525,0.022884595,-0.01131641,-0.009363219,0.032886477,-0.032761338,-0.050827817,,
07:58:03.530,0.022874523,-0.011330113,-0.00934602,0.032882271,-0.03278669,-0.050833524,,
07:58:03.535,0.022874274,-0.011332626,-0.009350975,0.032867584,-0.032795424,-0.050833478,,
07:58:03.540,0.022892633,-0.011343055,-0.009378852,0.032899911,-0.032810127,-0.050847989,,
07:58:03.545,0.022892432,-0.01135452,-0.009378622,0.032915403,-0.032833813,-0.050861546,,
07:58:03.550,0.022881133,-0.011358233,-0.009368702,0.032887257,-0.032841474,-0.050861142,,
07:58:03.555,0.022890159,-0.011368866,-0.009398195,0.032911637,-0.03285346,-0.050870382,,
07:58:03.560,0.022908956,-0.011377565,-0.009408284,0.03294777,-0.032873138,-0.050887484,,
07:58:03.565,0.022899086,-0.011382908,-0.009393547,0.032933876,-0.032885262,-0.050890346,,
07:58:03.570,0.022894851,-0.011395004,-0.009404064,0.032942835,-0.03289523,-0.050888507,,
07:58:03.575,0.022920051,-0.011406628,-0.009421404,0.032977215,-0.032910117,-0.050896428,,
07:58:03.580,0.022923358,-0.011408459,-0.009407948,0.03296493,-0.032930205,-0.050900522,,
07:58:03.585,0.022916723,-0.011408085,-0.009409525,0.032952293,-0.032944096,-0.050902985,,
07:58:03.590,0.022914707,-0.011425313,-0.009436356,0.032992694,-0.032955787,-0.050920383,,
07:58:03.595,0.02292905,-0.011431314,-0.009431526,0.032983987,-0.032970996,-0.050926029,,
07:58:03.600,0.022932636,-0.011430719,-0.009421958,0.0329533,-0.032990127,-0.050927378,,
07:58:03.605,0.02292652,-0.011445036,-0.009445507,0.03299597,-0.033008844,-0.050942016,,
07:58:03.610,0.022925858,-0.011461751,-0.009456377,0.033024791,-0.033016484,-0.050946624,,
07:58:03.615,0.022941385,-0.011458407,-0.00943907,0.032983425,-0.033028022,-0.050931949,,
07:58:03.620,0.022952318,-0.011457495,-0.009455482,0.03300124,-0.03304687,-0.050937305,,
07:58:03.625,0.022926955,-0.011485013,-0.009474164,0.033066448,-0.033059191,-0.050957749,,
07:58:03.630,0.022928385,-0.011494735,-0.009458646,0.033037942,-0.033061854,-0.050951405,,
07:58:03.635,0.022948633,-0.011486966,-0.009457417,0.03300697,-0.033081228,-0.050947366,,
07:58:03.640,0.022939089,-0.011501377,-0.009485066,0.03306948,-0.033111875,-0.050974115,,
07:58:03.645,0.02292117,-0.011524435,-0.009479892,0.033083728,-0.033116168,-0.050983053,,
07:58:03.650,0.022935708,-0.011520938,-0.009465051,0.033032292,-0.033126785,-0.050970886,,
07:58:03.655,0.022952799,-0.011520159,-0.009494051,0.033058952,-0.033158434,-0.050987483,,
07:58:03.660,0.022949983,-0.01153439,-0.009503227,0.033104011,-0.033173624,-0.051009134,,
07:58:03.665,0.022936218,-0.011543618,-0.009482869,0.033078498,-0.033176333,-0.051001024,,
07:58:03.670,0.02295111,-0.011541892,-0.00949694,0.033069469,-0.033188155,-0.050993647,,
07:58:03.675,0.022968555,-0.011546237,-0.009526809,0.033110601,-0.033209096,-0.051009374,,
07:58:03.680,0.022945459,-0.011561311,-0.009510994,0.0331043,-0.033221816,-0.051014189,,
07:58:03.685,0.0229374,-0.011571689,-0.009509463,0.033080624,-0.033224148,-0.051005665,,
07:58:03.690,0.022968295,-0.011575873,-0.00953648,0.033107029,-0.033238598,-0.051014341,,
07:58:03.695,0.022969058,-0.011584034,-0.009528826,0.0331273,-0.033258744,-0.05102798,,
07:58:03.700,0.022941241,-0.011593518,-0.009516183,0.033114274,-0.033266713,-0.051025638,,
07:58:03.705,0.022959187,-0.0115963,-0.009540483,0.033129254,-0.033277213,-0.051027496,,
07:58:03.710,0.022975268,-0.011608118,-0.009548041,0.033159992,-0.033302366,-0.05104283,,
07:58:03.715,0.022963216,-0.011616624,-0.009524234,0.033142173,-0.033316334,-0.051044028,,
07:58:03.720,0.022955777,-0.011623261,-0.009538513,0.033151679,-0.03332205,-0.051044321,,
07:58:03.725,0.022974809,-0.011631852,-0.009560924,0.033183792,-0.033338846,-0.051053316,,
07:58:03.730,0.022980249,-0.011635626,-0.009550403,0.033163458,-0.033354574,-0.051061196,,
07:58:03.735,0.02296202,-0.011640447,-0.009547267,0.033154318,-0.033366369,-0.051065637,,
07:58:03.740,0.02296261,-0.011653811,-0.009576867,0.033194924,-0.033376364,-0.051073798,,
07:58:03.745,0.022977448,-0.011657228,-0.00957512,0.033186088,-0.033388705,-0.051072902,,
07:58:03.750,0.022972922,-0.011658614,-0.00956472,0.033163271,-0.033415005,-0.051070004,,
07:58:03.755,0.022968519,-0.011678442,-0.009588913,0.033209033,-0.03342907,-0.051081949,,
07:58:03.760,0.022978459,-0.011694987,-0.009596547,0.033237486,-0.033438851,-0.051087334,,
07:58:03.765,0.02297968,-0.011696316,-0.009575249,0.033200741,-0.033457335,-0.051075931,,
07:58:03.770,0.022984477,-0.011700681,-0.0095892,0.033202438,-0.033471077,-0.051076316,,
07:58:03.775,0.0229839,-0.01171659,-0.009615261,0.033250116,-0.033481692,-0.051094722,,
07:58:03.780,0.022983321,-0.011722979,-0.009599761,0.033230889,-0.03349093,-0.051093189,,
07:58:03.785,0.022985645,-0.011724606,-0.00960402,0.033203149,-0.033501883,-0.051086386,,
07:58:03.790,0.022991794,-0.011734187,-0.009630053,0.033246867,-0.03352443,-0.051101044,,
07:58:03.795,0.022998431,-0.011743351,-0.009624439,0.033259161,-0.033539223,-0.051107847,,
07:58:03.800,0.022984647,-0.011750898,-0.00961188,0.033227484,-0.033549258,-0.051102816,,
07:58:03.805,0.022989848,-0.011760041,-0.009639529,0.033254024,-0.033568135,-0.051108925,,
07:58:03.810,0.023003826,-0.011768818,-0.009645538,0.033281155,-0.033573828,-0.051116527,,
07:58:03.815,0.023000685,-0.011766928,-0.009627835,0.033254415,-0.033577749,-0.051110569,,
07:58:03.820,0.022991778,-0.01177989,-0.009649613,0.03326831,-0.033591068,-0.051118722,,
07:58:03.825,0.02300027,-0.01179441,-0.009674265,0.0333064,-0.03360824,-0.051135064,,
07:58:03.830,0.023007021,-0.011793206,-0.009658826,0.033281296,-0.033618089,-0.051132024,,
07:58:03.835,0.023010006,-0.011791249,-0.009656984,0.03326603,-0.033628917,-0.051128225,,
07:58:03.840,0.023001928,-0.011806211,-0.009686815,0.033322671,-0.033648868,-0.051141385,,
07:58:03.845,0.022996297,-0.011820481,-0.00967328,0.033321037,-0.033661794,-0.051139251,,
07:58:03.850,0.023000736,-0.011821383,-0.009661087,0.033272865,-0.033674726,-0.051125942,,
07:58:03.855,0.023008534,-0.011825319,-0.009690627,0.033302397,-0.033697481,-0.051135299,,
07:58:03.860,0.022993271,-0.011845537,-0.009700118,0.033348275,-0.033717307,-0.051149072,,
07:58:03.865,0.022979547,-0.011856811,-0.00967543,0.033306175,-0.033726749,-0.051133239,,
07:58:03.870,0.02301078,-0.011851653,-0.009690163,0.033284931,-0.033735161,-0.051127327,,
07:58:03.875,0.023011055,-0.011863581,-0.009717302,0.033346525,-0.033754216,-0.051149462,,
07:58:03.880,0.0229838,-0.011874622,-0.009700848,0.033349895,-0.033756251,-0.051150986,,
07:58:03.885,0.022978701,-0.011880593,-0.009697248,0.033307676,-0.033746994,-0.051136993,,
07:58:03.890,0.02300969,-0.011885007,-0.009727768,0.033333869,-0.033775201,-0.051145606,,
07:58:03.895,0.023007126,-0.011894203,-0.009725819,0.033363657,-0.033799572,-0.051162667,,
07:58:03.900,0.022973495,-0.011906858,-0.009711495,0.033351687,-0.033813081,-0.051163114,,
07:58:03.905,0.022995305,-0.011916392,-0.009738747,0.03336084,-0.033824174,-0.051160793,,
07:58:03.910,0.023028883,-0.01191453,-0.009746168,0.033371556,-0.03384021,-0.051162973,,
07:58:03.915,0.022998465,-0.011914273,-0.009728001,0.033357692,-0.033853799,-0.051163559,,
07:58:03.920,0.022981629,-0.011923429,-0.00974243,0.033363711,-0.033852634,-0.051163009,,
07:58:03.925,0.023012534,-0.011933723,-0.009765176,0.033384385,-0.033860906,-0.051165974,,
07:58:03.930,0.023019851,-0.011938918,-0.00974559,0.033363219,-0.03388574,-0.051167266,,
07:58:03.935,0.022999051,-0.011949179,-0.009744599,0.033361271,-0.033899444,-0.051169412,,
07:58:03.940,0.022998249,-0.011966548,-0.009768984,0.033410291,-0.033908511,-0.051177745,,
07:58:03.945,0.023015498,-0.011973488,-0.00975897,0.033399434,-0.033918144,-0.051168625,,
07:58:03.950,0.023011874,-0.011973513,-0.009745818,0.033360762,-0.033933592,-0.051157716,,
07:58:03.955,0.02299104,-0.011990482,-0.009769777,0.033405305,-0.033956236,-0.051166321,,
07:58:03.960,0.022982895,-0.012009534,-0.009778843,0.033432062,-0.033960711,-0.05117119,,
07:58:03.965,0.022991373,-0.012006407,-0.009757739,0.03337816,-0.033969474,-0.051166034,,
07:58:03.970,0.023003149,-0.012009056,-0.009772742,0.033386635,-0.033998326,-0.051175137,,
07:58:03.975,0.022996205,-0.012029613,-0.009797455,0.033448282,-0.03401031,-0.051185842,,
07:58:03.980,0.022992105,-0.012037583,-0.009783434,0.033428222,-0.034005628,-0.051172128,,
07:58:03.985,0.023001229,-0.012034018,-0.00978251,0.033400104,-0.034014874,-0.05115923,,
07:58:03.990,0.023016832,-0.01203886,-0.009816083,0.033445314,-0.034034861,-0.05116849,,
07:58:03.995,0.023005244,-0.012052269,-0.009808494,0.033462963,-0.034043561,-0.051173586,,
07:58:04.000,0.02299879,-0.012056864,-0.009789919,0.033423948,-0.034050373,-0.051162715,,
07:58:04.005,0.023020341,-0.012066526,-0.009816214,0.033441998,-0.03407362,-0.051167251,,
07:58:04.010,0.0230197,-0.012079079,-0.0098225,0.033480624,-0.034095276,-0.051174757,,
07:58:04.015,0.02300144,-0.012080662,-0.009799277,0.033443373,-0.03409472,-0.051160997,,
07:58:04.020,0.023007253,-0.012084342,-0.009816432,0.033430242,-0.03410286,-0.05115838,,
07:58:04.025,0.023012612,-0.012098884,-0.009844586,0.033477283,-0.034127949,-0.051175113,,
07:58:04.030,0.022995975,-0.01210629,-0.009823347,0.033454486,-0.034135021,-0.051173315,,
07:58:04.035,0.022992163,-0.01210728,-0.009821642,0.033427159,-0.0341477,-0.051164635,,
07:58:04.040,0.023008601,-0.01211654,-0.009854306,0.033474744,-0.034170079,-0.051179662,,
07:58:04.045,0.022991997,-0.012136707,-0.00985124,0.033486743,-0.034181191,-0.051183838,,
07:58:04.050,0.022977275,-0.012141528,-0.009831854,0.033438957,-0.034183332,-0.051164027,,
07:58:04.055,0.023004907,-0.012137364,-0.009860343,0.03345481,-0.0341927,-0.051158746,,
07:58:04.060,0.023011552,-0.012147536,-0.009878614,0.033508592,-0.03421395,-0.051171261,,
07:58:04.065,0.022983023,-0.012160312,-0.009854911,0.033484778,-0.034215639,-0.051167041,,
07:58:04.070,0.022984381,-0.012165011,-0.009869711,0.03346404,-0.034217652,-0.051154578,,
07:58:04.075,0.023015786,-0.012164031,-0.009897915,0.033497611,-0.034240371,-0.051162784,,
07:58:04.080,0.02300585,-0.012174412,-0.009878869,0.033505111,-0.034258633,-0.051169945,,
07:58:04.085,0.022978774,-0.012195805,-0.009871381,0.033488507,-0.034267033,-0.051161414,,
07:58:04.090,0.023009726,-0.012202045,-0.009898333,0.033510017,-0.034279721,-0.051160558,,
07:58:04.095,0.023021353,-0.012195937,-0.009890645,0.033511428,-0.034302637,-0.051165552,,
07:58:04.100,0.022981088,-0.012201347,-0.00987399,0.033491318,-0.034315898,-0.051166109,,
07:58:04.105,0.02296692,-0.012223465,-0.009892914,0.033509758,-0.034315929,-0.051170323,,
07:58:04.110,0.022995542,-0.012227618,-0.00991096,0.033516156,-0.03433128,-0.051171325,,
07:58:04.115,0.023004895,-0.01221602,-0.00989721,0.033479337,-0.034339782,-0.051163867,,
07:58:04.120,0.022966756,-0.012237666,-0.009912345,0.033513581,-0.034349655,-0.051170356,,
07:58:04.125,0.022969509,-0.012262425,-0.009938238,0.033561267,-0.03435998,-0.051171134,,
07:58:04.130,0.023001491,-0.012257189,-0.009918936,0.033507146,-0.03436692,-0.051152915,,
07:58:04.135,0.022997857,-0.012246835,-0.009919731,0.033495299,-0.03438776,-0.051148711,,
07:58:04.140,0.022976188,-0.01226556,-0.009947632,0.033565496,-0.034402649,-0.051167485,,
07:58:04.145,0.022972948,-0.012287215,-0.009939653,0.033552043,-0.034399368,-0.051158652,,
07:58:04.150,0.022988524,-0.012281345,-0.00992115,0.033482563,-0.034416408,-0.051134989,,
07:58:04.155,0.022993807,-0.012287654,-0.009948117,0.033526659,-0.034439817,-0.051145378,,
07:58:04.160,0.022969858,-0.01231643,-0.009954309,0.033584643,-0.034449139,-0.051153742,,
07:58:04.165,0.022965828,-0.012320735,-0.009927488,0.03352638,-0.034446839,-0.051129357,,
07:58:04.170,0.02299015,-0.012310518,-0.009943356,0.033498282,-0.03446617,-0.051120761,,
07:58:04.175,0.022987639,-0.012322458,-0.009968073,0.033568083,-0.034491361,-0.05114344,,
07:58:04.180,0.022964845,-0.012334237,-0.009944412,0.033565176,-0.034479536,-0.051143865,,
07:58:04.185,0.022960002,-0.012340352,-0.009945242,0.033515677,-0.034484553,-0.051129862,,
07:58:04.190,0.022985801,-0.01235077,-0.009983216,0.033560752,-0.034519889,-0.051147911,,
07:58:04.195,0.022990033,-0.012357019,-0.009978993,0.033585432,-0.03453323,-0.051156437,,
07:58:04.200,0.022966478,-0.012364461,-0.009958983,0.03356093,-0.03453128,-0.051143084,,
07:58:04.205,0.022979354,-0.012368004,-0.009988531,0.033573128,-0.034544203,-0.051138341,,
07:58:04.210,0.022990739,-0.012377734,-0.010007292,0.033598185,-0.034563855,-0.051146948,,
07:58:04.215,0.022977488,-0.012382069,-0.00997737,0.033566139,-0.034570505,-0.051139235,,
07:58:04.220,0.022971055,-0.012387932,-0.009996166,0.03355932,-0.034572375,-0.051129707,,
07:58:04.225,0.022977556,-0.012404819,-0.010032891,0.033599003,-0.034588069,-0.051139049,,
07:58:04.230,0.022977871,-0.012410363,-0.010016771,0.03357272,-0.034596548,-0.051129685,,
07:58:04.235,0.022964894,-0.012413208,-0.010010096,0.033540885,-0.03459881,-0.0511073,,
07:58:04.240,0.022975135,-0.012424235,-0.010045146,0.033585832,-0.03461821,-0.051113709,,
07:58:04.245,0.022968713,-0.012441508,-0.010039948,0.033598929,-0.034632543,-0.05111836,,
07:58:04.250,0.022947358,-0.012445533,-0.010014265,0.033551474,-0.034637528,-0.051102338,,
07:58:04.255,0.022972926,-0.012444485,-0.010039095,0.03356172,-0.034649932,-0.051095901,,
07:58:04.260,0.022986678,-0.012454111,-0.010052394,0.033607471,-0.034674939,-0.051108574,,
07:58:04.265,0.022954517,-0.012475998,-0.010027073,0.033592837,-0.034685916,-0.051106518,,
07:58:04.270,0.022953401,-0.012482493,-0.010030323,0.033572011,-0.034690673,-0.05108575,,
07:58:04.275,0.022972841,-0.012479664,-0.01005759,0.033612698,-0.034706403,-0.05107935,,
07:58:04.280,0.022967899,-0.01248229,-0.010040914,0.033610685,-0.034713559,-0.051079076,,
07:58:04.285,0.022940993,-0.012493119,-0.010035454,0.033590598,-0.034716417,-0.05107868,,
07:58:04.290,0.022948314,-0.012508621,-0.010066712,0.033622547,-0.034728423,-0.051085054,,
07:58:04.295,0.022972303,-0.012504543,-0.010064677,0.033620258,-0.034737318,-0.051088032,,
07:58:04.300,0.022941669,-0.012510345,-0.01004827,0.033594119,-0.034747518,-0.051084335,,
07:58:04.305,0.022927975,-0.012525634,-0.01007518,0.033621689,-0.03476064,-0.051091194,,
07:58:04.310,0.022952988,-0.012526496,-0.010091021,0.033630021,-0.034767924,-0.05109779,,
07:58:04.315,0.022961025,-0.01251578,-0.010074888,0.033582258,-0.03477824,-0.051085048,,
07:58:04.320,0.022938094,-0.012526312,-0.010089611,0.033593558,-0.034794526,-0.051074606,,
07:58:04.325,0.022933766,-0.012549983,-0.010111737,0.03364138,-0.034809678,-0.051069582,,
07:58:04.330,0.02295171,-0.012555567,-0.010094824,0.033608601,-0.034810825,-0.051052803,,
07:58:04.335,0.022945383,-0.012555057,-0.010088873,0.033577601,-0.034827696,-0.051036587,,
07:58:04.340,0.022924816,-0.012572859,-0.010116757,0.033643028,-0.034854742,-0.051039962,,
07:58:04.345,0.022922024,-0.012590967,-0.010104742,0.033645788,-0.034856459,-0.051024974,,
07:58:04.350,0.022927186,-0.012587961,-0.010086159,0.033583438,-0.034855864,-0.051001536,,
07:58:04.355,0.022928726,-0.012591906,-0.010112611,0.033615201,-0.034881262,-0.051008764,,
07:58:04.360,0.022921515,-0.012606042,-0.010119278,0.033658391,-0.034891441,-0.051021513,,
07:58:04.365,0.022899279,-0.012617322,-0.010088287,0.033614964,-0.034886038,-0.051014095,,
07:58:04.370,0.022924571,-0.01261275,-0.010100767,0.033595914,-0.034896903,-0.051010925,,
07:58:04.375,0.022932697,-0.012620097,-0.010129669,0.033650776,-0.034919884,-0.051026194,,
07:58:04.380,0.022904552,-0.012631838,-0.010111885,0.033642815,-0.034930263,-0.051021867,,
07:58:04.385,0.022905045,-0.012631901,-0.010108037,0.033586738,-0.034918299,-0.05100297,,
07:58:04.390,0.022927672,-0.012639479,-0.010142898,0.033631637,-0.03494708,-0.051013316,,
07:58:04.395,0.022920035,-0.012650326,-0.010139573,0.033669749,-0.034965106,-0.051023908,,
07:58:04.400,0.02288786,-0.012658567,-0.010120093,0.033627405,-0.034952188,-0.051000072,,
07:58:04.405,0.022916482,-0.012661813,-0.010150762,0.033632037,-0.034958418,-0.05098678,,
07:58:04.410,0.02292382,-0.012672271,-0.010171374,0.033670853,-0.034979367,-0.051000312,,
07:58:04.415,0.022889728,-0.012683234,-0.010153646,0.033639394,-0.034977336,-0.050991471,,
07:58:04.420,0.02288878,-0.012689505,-0.010163184,0.033622497,-0.034966708,-0.050974656,,
07:58:04.425,0.022916222,-0.012693878,-0.010192686,0.033665084,-0.034989122,-0.050976402,,
07:58:04.430,0.022909432,-0.012698276,-0.010178262,0.033658704,-0.035004857,-0.050973115,,
07:58:04.435,0.022877107,-0.012707206,-0.010165555,0.033623041,-0.035001565,-0.050950656,,
07:58:04.440,0.022878489,-0.012725657,-0.010188047,0.033654221,-0.035020503,-0.050947083,,
07:58:04.445,0.02289175,-0.012731027,-0.010182513,0.033659071,-0.035041962,-0.050951132,,
07:58:04.450,0.022876969,-0.012734817,-0.010162312,0.033612813,-0.035057747,-0.050943001,,
07:58:04.455,0.022874001,-0.012747164,-0.010184328,0.033635948,-0.035076929,-0.050940919,,
07:58:04.460,0.022882203,-0.012754959,-0.010199926,0.033670434,-0.035086264,-0.05094275,,
07:58:04.465,0.022879197,-0.012752612,-0.010179542,0.033619555,-0.035093997,-0.050927386,,
07:58:04.470,0.022869684,-0.012754121,-0.010195478,0.033616601,-0.035099332,-0.050922238,,
07:58:04.475,0.02286748,-0.012768664,-0.010229768,0.033680414,-0.035103805,-0.050929671,,
07:58:04.480,0.022872892,-0.012770913,-0.010211994,0.033650705,-0.035100142,-0.050910024,,
07:58:04.485,0.022861081,-0.012773423,-0.010205963,0.033614489,-0.035110677,-0.050893985,,
07:58:04.490,0.022864182,-0.012789023,-0.010235083,0.033673529,-0.035127445,-0.050905985,,
07:58:04.495,0.022860485,-0.012799518,-0.010227003,0.033685363,-0.035122474,-0.050902779,,
07:58:04.500,0.022856642,-0.012795654,-0.010201186,0.033628521,-0.035129234,-0.050876986,,
07:58:04.505,0.022862561,-0.012798753,-0.010220362,0.03365511,-0.035158359,-0.050878171,,
07:58:04.510,0.022839193,-0.012819774,-0.010233647,0.033700518,-0.035165841,-0.050889929,,
07:58:04.515,0.022834915,-0.012826153,-0.010207799,0.033638804,-0.03515496,-0.050866854,,
07:58:04.520,0.022851743,-0.012813776,-0.010221328,0.033622734,-0.035172712,-0.05085165,,
07:58:04.525,0.022834687,-0.012834989,-0.010251009,0.033699218,-0.03519969,-0.050864205,,
07:58:04.530,0.022824311,-0.012856182,-0.010233212,0.033663115,-0.035191746,-0.050850898,,
07:58:04.535,0.022836994,-0.01284718,-0.010235086,0.033605698,-0.035200793,-0.050821786,,
07:58:04.540,0.022835224,-0.012852113,-0.01027482,0.03365888,-0.035231099,-0.050828783,,
07:58:04.545,0.022821464,-0.012861824,-0.010261597,0.033680302,-0.035229552,-0.050832648,,
07:58:04.550,0.022804699,-0.012866896,-0.010230032,0.033625577,-0.03522738,-0.050807785,,
07:58:04.555,0.022817904,-0.012870313,-0.010262291,0.033632422,-0.035248192,-0.050806167,,
07:58:04.560,0.022821882,-0.012878091,-0.010282663,0.0336774,-0.035277058,-0.050820381,,
07:58:04.565,0.02279772,-0.012885511,-0.010244177,0.033644453,-0.035282819,-0.050812205,,
07:58:04.570,0.022790867,-0.012890408,-0.010246307,0.033627661,-0.035284304,-0.050800277,,
07:58:04.575,0.022813871,-0.012896102,-0.010278191,0.033669526,-0.035298415,-0.050806336,,
07:58:04.580,0.022806697,-0.012900232,-0.010262917,0.03365608,-0.03530437,-0.050802587,,
07:58:04.585,0.022779036,-0.012913491,-0.010257401,0.033631631,-0.035306403,-0.050785317,,
07:58:04.590,0.022794609,-0.012930555,-0.010291785,0.033672134,-0.035308814,-0.050782745,,
07:58:04.595,0.022809115,-0.012938449,-0.010289744,0.033678533,-0.035325057,-0.050779652,,
07:58:04.600,0.022793811,-0.012941087,-0.010278361,0.033640768,-0.035326004,-0.050763439,,
07:58:04.605,0.022782712,-0.012954125,-0.01031079,0.033668049,-0.035323001,-0.050759008,,
07:58:04.610,0.022795285,-0.012966067,-0.010323819,0.033697046,-0.035345318,-0.050756904,,
07:58:04.615,0.022789368,-0.012965004,-0.01029431,0.033642451,-0.035347005,-0.050739316,,
07:58:04.620,0.022768709,-0.012969977,-0.010306488,0.033634993,-0.035342882,-0.050731553,,
07:58:04.625,0.022778569,-0.012986527,-0.010334552,0.033679704,-0.03535403,-0.050736272,,
07:58:04.630,0.022785164,-0.012995921,-0.010310239,0.03364611,-0.035366288,-0.05072532,,
07:58:04.635,0.022770163,-0.013000302,-0.010302301,0.033617867,-0.035376193,-0.050713007,,
07:58:04.640,0.022771084,-0.013014057,-0.010335175,0.033670533,-0.035385883,-0.050714807,,
07:58:04.645,0.022780124,-0.013019834,-0.010334378,0.033673113,-0.035404088,-0.050703537,,
07:58:04.650,0.022765698,-0.013020763,-0.010314941,0.033624514,-0.035418987,-0.050683601,,
07:58:04.655,0.022750281,-0.013035773,-0.010346909,0.033657846,-0.035431988,-0.050685758,,
07:58:04.660,0.022764125,-0.013047419,-0.010361414,0.03367943,-0.035440799,-0.050681752,,
07:58:04.665,0.022760221,-0.013049936,-0.010335617,0.033632123,-0.035450209,-0.050664467,,
07:58:04.670,0.022739803,-0.013054735,-0.010343095,0.033635505,-0.035465447,-0.050662822,,
07:58:04.675,0.022738698,-0.01306826,-0.010362792,0.033683694,-0.035465347,-0.050670816,,
07:58:04.680,0.022735203,-0.01307047,-0.010343863,0.033650709,-0.035463436,-0.050656053,,
07:58:04.685,0.022732606,-0.013064078,-0.010346401,0.03360045,-0.03546716,-0.050637356,,
07:58:04.690,0.02272907,-0.013081527,-0.010383409,0.033660677,-0.035479509,-0.050644192,,
07:58:04.695,0.02272624,-0.013090191,-0.010371561,0.033683505,-0.035483366,-0.050641818,,
07:58:04.700,0.022713067,-0.013094681,-0.010344375,0.03363063,-0.03547906,-0.050621646,,
07:58:04.705,0.022716084,-0.013104741,-0.010373043,0.033647217,-0.035500018,-0.05061584,,
07:58:04.710,0.022723758,-0.013108652,-0.010391796,0.0336857,-0.035515,-0.050618985,,
07:58:04.715,0.022703994,-0.013110402,-0.010367611,0.033647606,-0.035510404,-0.05060236,,
07:58:04.720,0.022700925,-0.013115118,-0.010384722,0.033622887,-0.035514092,-0.050583866,,
07:58:04.725,0.022713972,-0.013126688,-0.010418909,0.033669293,-0.035537804,-0.050585542,,
07:58:04.730,0.022697498,-0.013133868,-0.010404132,0.033662965,-0.035547771,-0.050574544,,
07:58:04.735,0.022688056,-0.013137395,-0.010394901,0.033617723,-0.035543815,-0.050547937,,
07:58:04.740,0.022702276,-0.013154694,-0.0104208,0.033654423,-0.03556898,-0.050545165,,
07:58:04.745,0.022705686,-0.013162275,-0.010407731,0.033667805,-0.035591349,-0.05054646,,
07:58:04.750,0.022682761,-0.013168148,-0.010377595,0.033618605,-0.035584861,-0.050527248,,
07:58:04.755,0.022677491,-0.013181077,-0.01040074,0.033632154,-0.035592702,-0.050528637,,
07:58:04.760,0.022687497,-0.013187015,-0.010414376,0.033658748,-0.035604827,-0.050536725,,
07:58:04.765,0.022664947,-0.013193794,-0.010392437,0.033623859,-0.03560701,-0.050522493,,
07:58:04.770,0.022646828,-0.013204608,-0.010404474,0.033609596,-0.035605388,-0.05050694,,
07:58:04.775,0.022662152,-0.013214654,-0.010432599,0.033646287,-0.035614438,-0.050510113,,
07:58:04.780,0.022659586,-0.013218661,-0.010414571,0.033638153,-0.035634659,-0.05050278,,
07:58:04.785,0.022651282,-0.013218198,-0.010408923,0.033611449,-0.035631375,-0.050482484,,
07:58:04.790,0.02265854,-0.013232725,-0.010443551,0.033658589,-0.035643403,-0.050478432,,
07:58:04.795,0.022664567,-0.013239343,-0.010439155,0.0336639,-0.035655463,-0.050474163,,
07:58:04.800,0.022640241,-0.013246541,-0.01041926,0.033611612,-0.035653747,-0.050457085,,
07:58:04.805,0.022630531,-0.013255617,-0.010446768,0.033641389,-0.035672364,-0.050453203,,
07:58:04.810,0.02263605,-0.013264724,-0.010455772,0.033678859,-0.035684248,-0.050455116,,
07:58:04.815,0.022631536,-0.013268649,-0.010427295,0.033628974,-0.035690921,-0.050439632,,
07:58:04.820,0.022634937,-0.013269752,-0.01044379,0.033617049,-0.035695553,-0.05042784,,
07:58:04.825,0.022630729,-0.01328624,-0.010476203,0.033667735,-0.035701786,-0.050430605,,
07:58:04.830,0.022617965,-0.01329607,-0.010460272,0.033643472,-0.035704106,-0.050418903,,
07:58:04.835,0.022629503,-0.013291214,-0.010455569,0.033590017,-0.035703665,-0.050405645,,
07:58:04.840,0.022626401,-0.013310797,-0.010495217,0.033639064,-0.035721464,-0.050417918,,
07:58:04.845,0.022615165,-0.013329166,-0.010490147,0.033653326,-0.03572488,-0.050414047,,
07:58:04.850,0.022619025,-0.013328022,-0.010461453,0.033580269,-0.035723025,-0.050385261,,
07:58:04.855,0.022618156,-0.013339048,-0.010490784,0.033606007,-0.035749242,-0.050378206,,
07:58:04.860,0.022604695,-0.013357841,-0.010510801,0.033661362,-0.035756132,-0.050376667,,
07:58:04.865,0.022588217,-0.013359795,-0.01048003,0.033606601,-0.035749023,-0.050342857,,
07:58:04.870,0.022600245,-0.013357898,-0.010485044,0.033585486,-0.03576252,-0.050314658,,
07:58:04.875,0.022611706,-0.013373266,-0.010510071,0.033646428,-0.0357788,-0.050322901,,
07:58:04.880,0.022586014,-0.013388266,-0.010485281,0.033631971,-0.035786247,-0.05031711,,
07:58:04.885,0.022579693,-0.013391565,-0.01047417,0.033587879,-0.035791975,-0.050298737,,
07:58:04.890,0.022595684,-0.013393102,-0.01050721,0.033628931,-0.035808304,-0.050308544,,
07:58:04.895,0.02258051,-0.013396665,-0.010506716,0.03365745,-0.035812908,-0.050315768,,
07:58:04.900,0.022548281,-0.013405997,-0.010484156,0.033604629,-0.035802139,-0.050293028,,
07:58:04.905,0.022564383,-0.013402986,-0.010515963,0.033599906,-0.035811519,-0.050278465,,
07:58:04.910,0.022575924,-0.013403554,-0.010533305,0.033651421,-0.035827374,-0.050284867,,
07:58:04.915,0.022547813,-0.013412629,-0.010508353,0.033624894,-0.035830334,-0.050275502,,
07:58:04.920,0.022529659,-0.01342464,-0.010523878,0.033601562,-0.035822176,-0.05026132,,
07:58:04.925,0.022552126,-0.013438614,-0.010554506,0.033637238,-0.035839232,-0.050259717,,
07:58:04.930,0.022546969,-0.013449381,-0.010535491,0.033612728,-0.035850924,-0.050240353,,
07:58:04.935,0.022523228,-0.013453766,-0.010526413,0.033581498,-0.035848645,-0.050217604,,
07:58:04.940,0.022538779,-0.013463443,-0.010562819,0.033622966,-0.035860287,-0.050215077,,
07:58:04.945,0.022544319,-0.013475404,-0.010562043,0.033620818,-0.035873218,-0.050205824,,
07:58:04.950,0.022520038,-0.013485462,-0.010542023,0.03357796,-0.035880706,-0.050186366,,
07:58:04.955,0.022519873,-0.013495728,-0.010563015,0.033598496,-0.03588578,-0.050178794,,
07:58:04.960,0.022537375,-0.013502575,-0.01057416,0.033628359,-0.035893352,-0.050175284,,
07:58:04.965,0.022519275,-0.01350339,-0.010541789,0.033589934,-0.035904489,-0.050160717,,
07:58:04.970,0.022498436,-0.01350641,-0.010553134,0.033588249,-0.035906734,-0.050147362,,
07:58:04.975,0.022505201,-0.013513326,-0.010582059,0.03363765,-0.035917073,-0.050149901,,
07:58:04.980,0.022498784,-0.013510012,-0.010560177,0.033602196,-0.035930032,-0.050138337,,
07:58:04.985,0.022482862,-0.013511159,-0.010544565,0.033560981,-0.035929227,-0.050126292,,
07:58:04.990,0.022478257,-0.013529786,-0.010575481,0.033609306,-0.035942823,-0.050131876,,
07:58:04.995,0.022489146,-0.013543445,-0.01057302,0.033620057,-0.035944036,-0.050123254,,
07:58:05.000,0.022491384,-0.013541194,-0.010551691,0.033558134,-0.035943279,-0.050097516,,
07:58:05.005,0.022485864,-0.01354797,-0.010586522,0.033594233,-0.035951497,-0.050098206,,
07:58:05.010,0.022485575,-0.013563817,-0.010603272,0.033643206,-0.035952641,-0.050095434,,
07:58:05.015,0.022467738,-0.013565802,-0.010578803,0.033585884,-0.035946944,-0.050067473,,
07:58:05.020,0.022462959,-0.013567169,-0.010590276,0.033561124,-0.035959945,-0.050055343,,
07:58:05.025,0.022481326,-0.013583735,-0.01062216,0.033616942,-0.035977936,-0.050067784,,
07:58:05.030,0.022470453,-0.013601921,-0.010598991,0.033602506,-0.035975569,-0.050056841,,
07:58:05.035,0.022456484,-0.013611675,-0.010591418,0.033556712,-0.035977619,-0.050032964,,
07:58:05.040,0.022468297,-0.013624239,-0.010630961,0.033604082,-0.035996257,-0.050037615,,
07:58:05.045,0.022472251,-0.013635152,-0.010623743,0.033617049,-0.036004911,-0.0500354,,
07:58:05.050,0.022437787,-0.013642355,-0.01059193,0.033567083,-0.035994968,-0.050009773,,
07:58:05.055,0.022429316,-0.013650171,-0.010616508,0.033570914,-0.036005275,-0.049990566,,
07:58:05.060,0.022439211,-0.013658879,-0.010638477,0.033604123,-0.03602478,-0.049980788,,
07:58:05.065,0.022429293,-0.013653613,-0.010607581,0.033560013,-0.036031864,-0.049958747,,
07:58:05.070,0.022412795,-0.013661096,-0.010618645,0.033544745,-0.036024069,-0.049944031,,
07:58:05.075,0.022429462,-0.013676673,-0.010651926,0.033596759,-0.036042874,-0.049952636,,
07:58:05.080,0.022436792,-0.01367927,-0.010633648,0.03358394,-0.03605697,-0.049945223,,
07:58:05.085,0.022417698,-0.01367989,-0.010624413,0.033542425,-0.036051731,-0.049921563,,
07:58:05.090,0.022415037,-0.013690477,-0.010668057,0.033586087,-0.036063293,-0.049922676,,
07:58:05.095,0.022418134,-0.013700896,-0.010666055,0.033598168,-0.036073508,-0.049925969,,
07:58:05.100,0.022400459,-0.01370423,-0.010643274,0.033536291,-0.036069963,-0.04990295,,
07:58:05.105,0.022386055,-0.013713025,-0.010671055,0.033559677,-0.036069373,-0.04989748,,
07:58:05.110,0.022392581,-0.013721182,-0.010683696,0.033599385,-0.036079484,-0.049900749,,
07:58:05.115,0.02238006,-0.013720395,-0.010658789,0.033549748,-0.036079339,-0.049876698,,
07:58:05.120,0.022375669,-0.013720466,-0.010666528,0.033539095,-0.036077116,-0.049863309,,
07:58:05.125,0.022384283,-0.013737506,-0.010693419,0.033604609,-0.036083037,-0.049873844,,
07:58:05.130,0.022377978,-0.013747867,-0.010665991,0.033586879,-0.036089336,-0.049852466,,
07:58:05.135,0.022364808,-0.013749347,-0.010651089,0.033536724,-0.036091018,-0.049823207,,
07:58:05.140,0.022359414,-0.013764702,-0.010678785,0.033575824,-0.036107752,-0.049822118,,
07:58:05.145,0.022351687,-0.013781901,-0.010680529,0.033591549,-0.03612253,-0.049819369,,
07:58:05.150,0.022347625,-0.013783108,-0.010655062,0.033525738,-0.036123136,-0.049788845,,
07:58:05.155,0.022356918,-0.013784552,-0.010684408,0.033538908,-0.036127627,-0.049775892,,
07:58:05.160,0.022349507,-0.013800382,-0.010703492,0.033595335,-0.036132434,-0.049781444,,
07:58:05.165,0.022321151,-0.01380505,-0.010676005,0.033546023,-0.036130143,-0.049757541,,
07:58:05.170,0.022322148,-0.013805032,-0.010686597,0.033513396,-0.036137707,-0.049733467,,
07:58:05.175,0.022340619,-0.013811163,-0.010717303,0.033565724,-0.036151197,-0.049735984,,
07:58:05.180,0.022312552,-0.013823204,-0.010696772,0.033563917,-0.036157706,-0.049730239,,
07:58:05.185,0.022294638,-0.013828893,-0.010681846,0.033519058,-0.036159003,-0.049705902,,
07:58:05.190,0.022317446,-0.013836102,-0.01071917,0.033543251,-0.036167693,-0.049698631,,
07:58:05.195,0.022319185,-0.01384547,-0.0107155,0.033561551,-0.036178099,-0.04969573,,
07:58:05.200,0.022292143,-0.013844584,-0.010691991,0.033523666,-0.036170606,-0.049681637,,
07:58:05.205,0.022282666,-0.013857358,-0.010718277,0.033538939,-0.036182997,-0.049675745,,
07:58:05.210,0.022308722,-0.013864583,-0.010737804,0.033564478,-0.036192274,-0.049678612,,
07:58:05.215,0.02229465,-0.013862345,-0.01070928,0.033525511,-0.036187689,-0.049667602,,
07:58:05.220,0.022273979,-0.013867915,-0.010718283,0.033517243,-0.036194607,-0.049658572,,
07:58:05.225,0.022283064,-0.013889053,-0.010748744,0.033563319,-0.036201355,-0.049659569,,
07:58:05.230,0.022280832,-0.013894517,-0.010732959,0.033540156,-0.036204367,-0.049635166,,
07:58:05.235,0.022259427,-0.013898715,-0.010720637,0.033495116,-0.036197047,-0.049609265,,
07:58:05.240,0.022253207,-0.013916789,-0.010747857,0.033549019,-0.03621969,-0.049606908,,
07:58:05.245,0.022255197,-0.013934344,-0.010744745,0.033562266,-0.03622419,-0.049596795,,
07:58:05.250,0.022247388,-0.013935914,-0.010715153,0.033490163,-0.036208676,-0.049562244,,
07:58:05.255,0.022248906,-0.013942639,-0.010737976,0.033515027,-0.036231855,-0.049550313,,
07:58:05.260,0.022249077,-0.013963054,-0.010747869,0.033572399,-0.03624879,-0.049560996,,
07:58:05.265,0.02223923,-0.013964772,-0.010723858,0.033510908,-0.036237581,-0.049533891,,
07:58:05.270,0.022237236,-0.013967475,-0.010741023,0.033476976,-0.036242224,-0.049515895,,
07:58:05.275,0.02225104,-0.013976722,-0.010775911,0.033532699,-0.036262168,-0.049529224,,
07:58:05.280,0.022227844,-0.013991883,-0.010758575,0.033531537,-0.036271635,-0.049517982,,
07:58:05.285,0.022205005,-0.013997697,-0.010754087,0.033480098,-0.036264677,-0.049489767,,
07:58:05.290,0.022222238,-0.014001029,-0.010796059,0.033511413,-0.036270315,-0.049491368,,
07:58:05.295,0.022229315,-0.014007706,-0.010793617,0.033533365,-0.036284852,-0.04949025,,
07:58:05.300,0.022197848,-0.014015281,-0.010770316,0.033497827,-0.036274122,-0.049468562,,
07:58:05.305,0.022192393,-0.014025902,-0.010797217,0.033504112,-0.036266341,-0.049454718,,
07:58:05.310,0.022208745,-0.014030938,-0.01081674,0.033534188,-0.036278064,-0.049454437,,
07:58:05.315,0.022198925,-0.014023988,-0.010782443,0.03349567,-0.036284982,-0.049438628,,
07:58:05.320,0.022175401,-0.014038858,-0.010783932,0.03349303,-0.036283382,-0.04942864,,
07:58:05.325,0.022184562,-0.014062435,-0.010807236,0.033539415,-0.036285344,-0.049427724,,
07:58:05.330,0.022188045,-0.014061134,-0.010782924,0.033502118,-0.036303658,-0.04940637,,
07:58:05.335,0.022157316,-0.014066855,-0.01077347,0.033468788,-0.036314627,-0.049379904,,
07:58:05.340,0.022153984,-0.014090916,-0.010809802,0.033514591,-0.036324069,-0.049372362,,
07:58:05.345,0.02215851,-0.014108378,-0.010810349,0.033508493,-0.03633508,-0.049362411,,
07:58:05.350,0.022152569,-0.014099354,-0.010787547,0.033443305,-0.03633617,-0.049340277,,
07:58:05.355,0.022141872,-0.014105384,-0.010819291,0.033479706,-0.036337242,-0.049337034,,
07:58:05.360,0.022133942,-0.014132068,-0.010839104,0.033526431,-0.036335744,-0.049336594,,
07:58:05.365,0.022126468,-0.014130832,-0.010817794,0.033471824,-0.036331932,-0.049315286,,
07:58:05.370,0.022135374,-0.014122772,-0.01082735,0.033449668,-0.036337205,-0.049304303,,
07:58:05.375,0.022139005,-0.01413399,-0.01085768,0.03352644,-0.036342617,-0.049319177,,
07:58:05.380,0.022112739,-0.014145274,-0.010829203,0.033509275,-0.03634237,-0.049305891,,
07:58:05.385,0.022115558,-0.014142984,-0.01081274,0.033437427,-0.036346562,-0.049277803,,
07:58:05.390,0.022126705,-0.014153696,-0.010843733,0.033485893,-0.036364309,-0.049279362,,
07:58:05.395,0.022132183,-0.014167849,-0.010842577,0.033515926,-0.036376546,-0.049275679,,
07:58:05.400,0.022115859,-0.014178649,-0.010818022,0.033448386,-0.036368703,-0.049244121,,
07:58:05.405,0.022115142,-0.01419009,-0.010840374,0.033463035,-0.03637563,-0.049230172,,
07:58:05.410,0.022114464,-0.014206415,-0.010863315,0.033508675,-0.036383911,-0.049233379,,
07:58:05.415,0.022106937,-0.014205124,-0.010830799,0.033451974,-0.036382169,-0.049207946,,
07:58:05.420,0.022083239,-0.014208133,-0.010840325,0.033445904,-0.036384776,-0.049188506,,
07:58:05.425,0.022069849,-0.014224935,-0.010874941,0.033496569,-0.036388695,-0.049187056,,
07:58:05.430,0.022075467,-0.014228945,-0.010858362,0.033463678,-0.036391024,-0.049168555,,
07:58:05.435,0.022072169,-0.014226598,-0.010845846,0.033433639,-0.036398164,-0.049151734,,
07:58:05.440,0.022062228,-0.01424634,-0.010890468,0.03349963,-0.036401778,-0.04915806,,
07:58:05.445,0.022054593,-0.014265363,-0.010881059,0.033510665,-0.036399857,-0.049146968,,
07:58:05.450,0.022048536,-0.014260351,-0.010855858,0.033445673,-0.036407896,-0.049112762,,
07:58:05.455,0.022050972,-0.014264198,-0.010886005,0.033463136,-0.036417682,-0.049108492,,
07:58:05.460,0.022055909,-0.014278632,-0.010903068,0.033513507,-0.036419171,-0.049117575,,
07:58:05.465,0.022033125,-0.014289667,-0.010869203,0.03345993,-0.036412174,-0.049096454,,
07:58:05.470,0.022042358,-0.014287389,-0.010881252,0.033424342,-0.036412443,-0.049075688,,
07:58:05.475,0.022061452,-0.014296195,-0.010922337,0.033479472,-0.036423376,-0.04908599,,
07:58:05.480,0.02203244,-0.014314279,-0.010896545,0.033481553,-0.03643292,-0.04908653,,
07:58:05.485,0.022010565,-0.014313962,-0.010883799,0.033425794,-0.03641908,-0.049059492,,
07:58:05.490,0.022045013,-0.014314256,-0.010922325,0.033439112,-0.036427451,-0.049045748,,
07:58:05.495,0.02205185,-0.014331833,-0.010926044,0.033470817,-0.03644988,-0.04904893,,
07:58:05.500,0.022009874,-0.014342925,-0.010896726,0.03343876,-0.036443615,-0.04903003,,
07:58:05.505,0.022005432,-0.014360847,-0.010926572,0.0334391,-0.036444732,-0.049009678,,
07:58:05.510,0.022029059,-0.0143709,-0.010942364,0.033457507,-0.036461241,-0.049002161,,
07:58:05.515,0.022012798,-0.014367939,-0.010912733,0.033427065,-0.036466667,-0.048987578,,
07:58:05.520,0.021978033,-0.014380462,-0.010917788,0.033435768,-0.03646151,-0.04897864,,
07:58:05.525,0.021984344,-0.014398756,-0.010948914,0.033468906,-0.036463406,-0.048967335,,
07:58:05.530,0.021995057,-0.014397254,-0.010929908,0.03343056,-0.036477151,-0.048948089,,
07:58:05.535,0.02197512,-0.014390299,-0.010916285,0.033407556,-0.036478396,-0.048933861,,
07:58:05.540,0.02195364,-0.014415708,-0.010949321,0.033472037,-0.036476888,-0.048933803,,
07:58:05.545,0.021957017,-0.014437299,-0.010942545,0.033461237,-0.036481925,-0.048919933,,
07:58:05.550,0.021963927,-0.014430738,-0.010921164,0.03339183,-0.036490619,-0.048894954,,
07:58:05.555,0.021965749,-0.014431584,-0.010949782,0.03343031,-0.03650329,-0.048893901,,
07:58:05.560,0.021946735,-0.014454081,-0.010971314,0.033494706,-0.036504569,-0.048891399,,
07:58:05.565,0.021939849,-0.014462351,-0.010940612,0.03342908,-0.036492188,-0.04885826,,
07:58:05.570,0.021958511,-0.014454368,-0.010952604,0.033392619,-0.036497281,-0.048838233,,
07:58:05.575,0.02194935,-0.014468441,-0.010987493,0.033477721,-0.036516723,-0.048849079,,
07:58:05.580,0.021929971,-0.014484018,-0.010964878,0.033465823,-0.036508885,-0.048836327,,
07:58:05.585,0.021905502,-0.014493254,-0.010955721,0.033399411,-0.03649912,-0.048810252,,
07:58:05.590,0.021933043,-0.014496549,-0.01099731,0.03343568,-0.036517694,-0.048817088,,
07:58:05.595,0.021939614,-0.014503963,-0.010994627,0.033465169,-0.036520634,-0.048816996,,
07:58:05.600,0.021896886,-0.01451162,-0.010965429,0.033416428,-0.036511354,-0.04879025,,
07:58:05.605,0.021898634,-0.014522031,-0.010995524,0.03341483,-0.036510699,-0.048783795,,
07:58:05.610,0.021917434,-0.014526958,-0.011010656,0.033446098,-0.036521262,-0.048789261,,
07:58:05.615,0.021896441,-0.014526767,-0.010984897,0.033419944,-0.036523322,-0.0487736,,
07:58:05.620,0.021882988,-0.014535911,-0.010993295,0.033400228,-0.036514413,-0.048754005,,
07:58:05.625,0.021897906,-0.014553105,-0.011024908,0.033442258,-0.036531213,-0.048756395,,
07:58:05.630,0.021903725,-0.014563351,-0.010996831,0.033427739,-0.036543549,-0.048741274,,
07:58:05.635,0.021891301,-0.014563254,-0.010981184,0.033378297,-0.03653457,-0.048705902,,
07:58:05.640,0.021883728,-0.014585164,-0.011016894,0.033432502,-0.036541488,-0.048704149,,
07:58:05.645,0.021890631,-0.014607928,-0.011011313,0.033447905,-0.036549085,-0.048699413,,
07:58:05.650,0.021870906,-0.014615283,-0.010985987,0.03338764,-0.036552146,-0.048667987,,
07:58:05.655,0.021872033,-0.014625851,-0.011012911,0.033406555,-0.036559114,-0.048652038,,
07:58:05.660,0.021878362,-0.014647026,-0.01103734,0.03346201,-0.036573092,-0.048657261,,
07:58:05.665,0.021853371,-0.014655738,-0.011008129,0.033422835,-0.036577381,-0.048644795,,
07:58:05.670,0.021849901,-0.014650773,-0.011022927,0.033389951,-0.036562844,-0.048622359,,
07:58:05.675,0.021864053,-0.014656621,-0.011059233,0.033439135,-0.03656564,-0.048615011,,
07:58:05.680,0.021842233,-0.014667996,-0.011042647,0.033440436,-0.036569331,-0.048612046,,
07:58:05.685,0.021818806,-0.014668167,-0.011027201,0.033382328,-0.036549712,-0.048593622,,
07:58:05.690,0.021835908,-0.01466877,-0.011063038,0.033414043,-0.036555712,-0.048591244,,
07:58:05.695,0.021832023,-0.014678367,-0.011064516,0.03344633,-0.036567883,-0.048598063,,
07:58:05.700,0.021816177,-0.014681899,-0.011040815,0.033383839,-0.036563998,-0.048577778,,
07:58:05.705,0.021813314,-0.014696255,-0.011073208,0.033398436,-0.036568422,-0.048567042,,
07:58:05.710,0.021835044,-0.014703062,-0.011094359,0.033440283,-0.036567064,-0.048565366,,
07:58:05.715,0.021811584,-0.014708173,-0.01106797,0.033399617,-0.036559932,-0.048541879,,
07:58:05.720,0.02178861,-0.014713365,-0.011067421,0.03337902,-0.036565773,-0.048519333,,
07:58:05.725,0.021811072,-0.014727442,-0.011100341,0.033420019,-0.036568922,-0.048510716,,
07:58:05.730,0.021805625,-0.014744819,-0.011075691,0.03340358,-0.0365794,-0.048492431,,
07:58:05.735,0.021781034,-0.01475364,-0.011060641,0.033367643,-0.036582987,-0.048472139,,
07:58:05.740,0.021778079,-0.014777436,-0.011087104,0.03341569,-0.036588101,-0.048466971,,
07:58:05.745,0.021784038,-0.014790538,-0.011084798,0.033430694,-0.036595642,-0.048458334,,
07:58:05.750,0.021770818,-0.014787208,-0.011053752,0.033371467,-0.036593032,-0.048442801,,
07:58:05.755,0.021758333,-0.014797535,-0.01107868,0.033402359,-0.036604972,-0.048441488,,
07:58:05.760,0.021746609,-0.014816402,-0.011102023,0.033456262,-0.036601074,-0.048441275,,
07:58:05.765,0.021755837,-0.014815093,-0.011068597,0.033384954,-0.036590891,-0.048409459,,
07:58:05.770,0.021755074,-0.014809812,-0.011081386,0.033368911,-0.036601502,-0.048395513,,
07:58:05.775,0.021748011,-0.014816284,-0.011118239,0.033442106,-0.036609604,-0.048403756,,
07:58:05.780,0.02174312,-0.014821351,-0.011102248,0.033421409,-0.036597011,-0.048384675,,
07:58:05.785,0.021740507,-0.014815367,-0.011083911,0.033363318,-0.036594241,-0.048353359,,
07:58:05.790,0.021741297,-0.014823074,-0.011124093,0.033415831,-0.036608538,-0.048353678,,
07:58:05.795,0.021724667,-0.014838508,-0.011119321,0.033440955,-0.036616208,-0.048352765,,
07:58:05.800,0.021714153,-0.014842492,-0.011090755,0.033366763,-0.036606113,-0.048319537,,
07:58:05.805,0.021718293,-0.014852764,-0.011116659,0.03336767,-0.036610922,-0.048301314,,
07:58:05.810,0.021724666,-0.014869777,-0.011137057,0.033427902,-0.036625724,-0.048308737,,
07:58:05.815,0.021697457,-0.014883696,-0.011096873,0.033399372,-0.036618642,-0.048289787,,
07:58:05.820,0.021691099,-0.014886807,-0.011102765,0.033362943,-0.036613432,-0.048259658,,
07:58:05.825,0.021706325,-0.014894845,-0.011143573,0.033411106,-0.036623531,-0.048260182,,
07:58:05.830,0.021695361,-0.014906124,-0.011124881,0.033408002,-0.03663381,-0.048258614,,
07:58:05.835,0.021662424,-0.014919992,-0.011118733,0.033368618,-0.036618583,-0.048243978,,
07:58:05.840,0.021677321,-0.014934743,-0.011154568,0.033394524,-0.036625749,-0.048245355,,
07:58:05.845,0.021689223,-0.014946726,-0.011159891,0.033416447,-0.036638757,-0.0482561,,
07:58:05.850,0.021654302,-0.014946001,-0.011130816,0.033378301,-0.036636218,-0.048242893,,
07:58:05.855,0.021656099,-0.014952475,-0.011157796,0.033390348,-0.036634888,-0.04822751,,
07:58:05.860,0.021680654,-0.014961437,-0.011173885,0.033428242,-0.036641518,-0.048221575,,
07:58:05.865,0.021665812,-0.014969888,-0.011142584,0.033392416,-0.036639506,-0.048200002,,
07:58:05.870,0.021641819,-0.014977274,-0.011142896,0.03337685,-0.036633849,-0.048179418,,
07:58:05.875,0.021659029,-0.014988656,-0.011178452,0.033422371,-0.036640655,-0.04816992,,
07:58:05.880,0.021665487,-0.015003513,-0.011159402,0.033400021,-0.036633226,-0.048156652,,
07:58:05.885,0.021644633,-0.015013048,-0.011146457,0.03335915,-0.036634106,-0.048133637,,
07:58:05.890,0.02164909,-0.015032896,-0.011181934,0.033405888,-0.036642404,-0.048123625,,
07:58:05.895,0.021658505,-0.01504046,-0.011180209,0.033416036,-0.036647985,-0.048111365,,
07:58:05.900,0.021651408,-0.015035533,-0.011156438,0.033369365,-0.036645362,-0.048091276,,
07:58:05.905,0.021629796,-0.015054723,-0.011178934,0.033394947,-0.036643367,-0.04808988,,
07:58:05.910,0.021632009,-0.015072472,-0.011205129,0.033433688,-0.036642911,-0.048089668,,
07:58:05.915,0.021630535,-0.015068424,-0.011179977,0.033373499,-0.036643177,-0.048067685,,
07:58:05.920,0.021616583,-0.015066665,-0.011193856,0.03336462,-0.036647956,-0.048060581,,
07:58:05.925,0.021610051,-0.015090156,-0.011225379,0.033432877,-0.036647186,-0.04806789,,
07:58:05.930,0.021607443,-0.015098052,-0.011206159,0.033401313,-0.036638042,-0.048044554,,
07:58:05.935,0.021591069,-0.01509742,-0.011191415,0.033351178,-0.036637354,-0.048023821,,
07:58:05.940,0.021593825,-0.015108063,-0.011224906,0.033406763,-0.036649051,-0.048025509,,
07:58:05.945,0.021586565,-0.015131691,-0.011224441,0.033430648,-0.036645358,-0.048012553,,
07:58:05.950,0.021565221,-0.015146049,-0.011190572,0.033364434,-0.036643017,-0.047982766,,
07:58:05.955,0.021583179,-0.015145891,-0.011216994,0.033385566,-0.036653639,-0.047979314,,
07:58:05.960,0.021586933,-0.015160684,-0.01123463,0.033451403,-0.036665268,-0.047990091,,
07:58:05.965,0.021562874,-0.015178068,-0.011204831,0.033410448,-0.03665975,-0.04796496,,
07:58:05.970,0.021559983,-0.015177451,-0.011206439,0.033370328,-0.036653824,-0.047935806,,
07:58:05.975,0.021573404,-0.015179604,-0.011245895,0.03343826,-0.036672198,-0.047943376,,
07:58:05.980,0.021562314,-0.015187703,-0.011228586,0.03343253,-0.036672219,-0.047942367,,
07:58:05.985,0.021542441,-0.015193485,-0.011220205,0.03336759,-0.036660988,-0.047919668,,
07:58:05.990,0.021549163,-0.015209799,-0.011261238,0.033403366,-0.036669166,-0.047918089,,
07:58:05.995,0.021557675,-0.015215861,-0.011259986,0.03342204,-0.036680809,-0.04791424,,
07:58:06.000,0.021529573,-0.015218723,-0.011226341,0.033370152,-0.036665846,-0.047883891,,
07:58:06.005,0.021524051,-0.015228878,-0.011246154,0.033382912,-0.036653381,-0.047867655,,
07:58:06.010,0.021533135,-0.015247667,-0.011266869,0.033444546,-0.03665914,-0.047869522,,
07:58:06.015,0.021518336,-0.015253657,-0.011231943,0.033399669,-0.03665844,-0.047849792,,
07:58:06.020,0.021511305,-0.015261453,-0.011241997,0.033367271,-0.036656463,-0.047828811,,
07:58:06.025,0.02153028,-0.015281523,-0.0112777,0.033429646,-0.036673115,-0.047835459,,
07:58:06.030,0.021530413,-0.015294565,-0.011260206,0.033425578,-0.036676867,-0.047830536,,
07:58:06.035,0.021517625,-0.015299083,-0.011238864,0.033367562,-0.036668204,-0.047802396,,
07:58:06.040,0.021522873,-0.015309372,-0.011278906,0.033397737,-0.036677334,-0.047796927,,
07:58:06.045,0.021510146,-0.015326927,-0.011282065,0.033429047,-0.036689582,-0.047800796,,
07:58:06.050,0.021496716,-0.015335177,-0.011248159,0.033380019,-0.036693129,-0.047781523,,
07:58:06.055,0.021497313,-0.015347241,-0.011269315,0.033395152,-0.036694065,-0.047778913,,
07:58:06.060,0.021508141,-0.015358119,-0.011291665,0.033441725,-0.036701754,-0.047786273,,
07:58:06.065,0.021473029,-0.015373596,-0.011269541,0.033416774,-0.036696422,-0.047766816,,
07:58:06.070,0.021473639,-0.015369187,-0.011272524,0.033383903,-0.036680924,-0.04773539,,
07:58:06.075,0.021495095,-0.015381569,-0.011310039,0.033439127,-0.036678687,-0.047729228,,
07:58:06.080,0.021485352,-0.015391826,-0.011295957,0.03343386,-0.036675867,-0.047720926,,
07:58:06.085,0.021454115,-0.015401583,-0.011289671,0.033385776,-0.036666466,-0.047711401,,
07:58:06.090,0.021482382,-0.015413275,-0.011323907,0.033424412,-0.036678954,-0.04770891,,
07:58:06.095,0.021495771,-0.015427431,-0.011336174,0.033444029,-0.036677907,-0.04770303,,
07:58:06.100,0.021467859,-0.01543929,-0.011312514,0.033393514,-0.036673258,-0.047679164,,
07:58:06.105,0.021472955,-0.015446193,-0.011337292,0.033410532,-0.03668145,-0.047663911,,
07:58:06.110,0.021483309,-0.015458571,-0.011357764,0.033461045,-0.036683976,-0.04766119,,
07:58:06.115,0.021466576,-0.015469686,-0.011328692,0.033411163,-0.036669813,-0.047636465,,
07:58:06.120,0.02144357,-0.015475487,-0.011333941,0.033387573,-0.036671183,-0.047621236,,
07:58:06.125,0.021452699,-0.015488694,-0.011362056,0.033451316,-0.036689386,-0.047628936,,
07:58:06.130,0.021454713,-0.015501905,-0.011343066,0.033443649,-0.0366858,-0.047620772,,
07:58:06.135,0.021444344,-0.015508727,-0.011317817,0.033383631,-0.036682215,-0.047599573,,
07:58:06.140,0.021443679,-0.015527546,-0.011355597,0.033439133,-0.036701713,-0.047608149,,
07:58:06.145,0.021433391,-0.01555053,-0.011358416,0.033473122,-0.036703085,-0.047608853,,
07:58:06.150,0.021430724,-0.015550863,-0.011326883,0.033397167,-0.036688558,-0.047576666,,
07:58:06.155,0.021419435,-0.015561568,-0.011346193,0.033411702,-0.036698519,-0.047566084,,
07:58:06.160,0.021420987,-0.015576815,-0.011373895,0.033480732,-0.036706789,-0.047571634,,
07:58:06.165,0.021409823,-0.015580279,-0.011342948,0.033434379,-0.036687799,-0.047543532,,
07:58:06.170,0.021408592,-0.015576104,-0.011343787,0.033409899,-0.036684672,-0.047524308,,
07:58:06.175,0.021411799,-0.015589126,-0.011389299,0.033485176,-0.036686082,-0.047536059,,
07:58:06.180,0.021399249,-0.015596842,-0.011376093,0.033474024,-0.036679564,-0.047523617,,
07:58:06.185,0.021397799,-0.015595375,-0.011363006,0.033410774,-0.036671439,-0.047497952,,
07:58:06.190,0.021410331,-0.015600757,-0.011397845,0.033455232,-0.03668478,-0.047500565,,
07:58:06.195,0.021398204,-0.015621778,-0.011409341,0.033494287,-0.03669551,-0.047504705,,
07:58:06.200,0.021390951,-0.015634768,-0.011369415,0.03342978,-0.036674937,-0.047474852,,
07:58:06.205,0.02139506,-0.015647342,-0.011393859,0.033436354,-0.036683476,-0.047458696,,
07:58:06.210,0.021403116,-0.015668554,-0.011416204,0.033498888,-0.03669833,-0.047462581,,
07:58:06.215,0.021387383,-0.015676504,-0.011388537,0.03345562,-0.036693946,-0.047440669,,
07:58:06.220,0.021365851,-0.015680009,-0.011388931,0.033418659,-0.036697148,-0.047421432,,
07:58:06.225,0.02138288,-0.015693113,-0.011423434,0.03347781,-0.036706052,-0.047428062,,
07:58:06.230,0.021380318,-0.015707265,-0.011403023,0.033475296,-0.036710973,-0.047426544,,
07:58:06.235,0.021359338,-0.015712434,-0.011381357,0.0334237,-0.036701237,-0.047406117,,
07:58:06.240,0.021362363,-0.015727694,-0.011421449,0.033462652,-0.036702379,-0.047404984,,
07:58:06.245,0.021377921,-0.015742926,-0.011421867,0.033490297,-0.036711772,-0.047406583,,
07:58:06.250,0.021349414,-0.015757869,-0.011399284,0.033457445,-0.036704599,-0.047393797,,
07:58:06.255,0.021342309,-0.015765527,-0.011424856,0.033464225,-0.036697827,-0.047375878,,
07:58:06.260,0.021372248,-0.015769773,-0.011448745,0.033503132,-0.036694191,-0.047371131,,
07:58:06.265,0.021373203,-0.015769524,-0.011415221,0.033474197,-0.036696446,-0.047359845,,
07:58:06.270,0.021350117,-0.015780433,-0.011425427,0.033470204,-0.036691852,-0.047350484,,
07:58:06.275,0.02135703,-0.015801322,-0.011464892,0.033510453,-0.036674051,-0.04735106,,
07:58:06.280,0.021377666,-0.015800263,-0.011450618,0.03348358,-0.036674788,-0.047331411,,
07:58:06.285,0.021352044,-0.015805773,-0.011433459,0.033461825,-0.036681329,-0.047314012,,
07:58:06.290,0.021326066,-0.015823744,-0.011467148,0.033521517,-0.036678138,-0.047312909,,
07:58:06.295,0.021340304,-0.015838233,-0.011469946,0.033529629,-0.036668399,-0.047291477,,
07:58:06.300,0.021350722,-0.015832308,-0.011439439,0.033468248,-0.036665875,-0.047264872,,
07:58:06.305,0.021311284,-0.015851098,-0.011468317,0.033511833,-0.036679045,-0.047271202,,
07:58:06.310,0.021312221,-0.015879431,-0.011486778,0.033556124,-0.03666739,-0.047277116,,
07:58:06.315,0.021340916,-0.015875077,-0.011462236,0.033486599,-0.036652521,-0.047254905,,
07:58:06.320,0.021324415,-0.015885197,-0.011471073,0.033481869,-0.036671792,-0.047248159,,
07:58:06.325,0.021301329,-0.015922512,-0.011509863,0.033557097,-0.036680279,-0.04726423,,
07:58:06.330,0.021307966,-0.015929112,-0.011484838,0.033528265,-0.036665856,-0.047246261,,
07:58:06.335,0.021310903,-0.015921499,-0.011475524,0.03346723,-0.036666672,-0.047212414,,
07:58:06.340,0.021308597,-0.015935201,-0.011513719,0.033519178,-0.036678245,-0.047214794,,
07:58:06.345,0.021296919,-0.015955194,-0.011511148,0.033557493,-0.03667833,-0.047215843,,
07:58:06.350,0.021283901,-0.01596211,-0.011489755,0.033500255,-0.036668123,-0.047190345,,
07:58:06.355,0.02130241,-0.01595659,-0.0115236,0.033489355,-0.036668845,-0.047174761,,
07:58:06.360,0.021291282,-0.015977294,-0.011544991,0.033556705,-0.036678352,-0.047185201,,
07:58:06.365,0.021278491,-0.015984252,-0.011507052,0.033532682,-0.036665201,-0.047172807,,
07:58:06.370,0.021287471,-0.015981325,-0.011521836,0.033495912,-0.036647532,-0.047150468,,
07:58:06.375,0.021304866,-0.01599425,-0.011557859,0.033554773,-0.036659598,-0.047155032,,
07:58:06.380,0.021282056,-0.016012404,-0.011542095,0.033572715,-0.036664237,-0.047152619,,
07:58:06.385,0.021259497,-0.016025381,-0.011521164,0.03351629,-0.036643031,-0.047119167,,
07:58:06.390,0.021292507,-0.016029069,-0.011559057,0.033537028,-0.036652843,-0.047114379,,
07:58:06.395,0.021298276,-0.016040321,-0.011558455,0.0335799,-0.03667039,-0.047127143,,
07:58:06.400,0.021261861,-0.016052497,-0.011525102,0.033545068,-0.036653607,-0.047108726,,
07:58:06.405,0.021268599,-0.016058881,-0.011542396,0.033537915,-0.036641212,-0.047085109,,
07:58:06.410,0.02129307,-0.016073031,-0.01156841,0.033575468,-0.036648476,-0.047084102,,
07:58:06.415,0.021254997,-0.016088732,-0.011544148,0.033564652,-0.036643571,-0.047083681,,
07:58:06.420,0.021227543,-0.016100229,-0.011535603,0.033543338,-0.036628828,-0.047067794,,
07:58:06.425,0.021254715,-0.016111958,-0.01157356,0.033575642,-0.036631389,-0.047059289,,
07:58:06.430,0.021261019,-0.0161143,-0.011562816,0.033569787,-0.036642063,-0.047050288,,
07:58:06.435,0.02122501,-0.016120536,-0.011551904,0.033554209,-0.036644941,-0.047036211,,
07:58:06.440,0.02122872,-0.016132912,-0.011578834,0.033589761,-0.036639318,-0.047027742,,
07:58:06.445,0.021253641,-0.016143725,-0.011588398,0.033595211,-0.03664301,-0.047017873,,
07:58:06.450,0.021236606,-0.016152573,-0.011564729,0.033552847,-0.036644686,-0.047006485,,
07:58:06.455,0.021218158,-0.016166401,-0.011588407,0.033572913,-0.036642836,-0.047003235,,
07:58:06.460,0.021234073,-0.016188487,-0.011607693,0.033611155,-0.036645199,-0.046996065,,
07:58:06.465,0.021247073,-0.016189421,-0.011583973,0.033571449,-0.036637367,-0.046976442,,
07:58:06.470,0.021223075,-0.016193752,-0.011594551,0.033569127,-0.036633533,-0.046969637,,
07:58:06.475,0.021222692,-0.01621531,-0.01162253,0.033628265,-0.036636997,-0.046966251,,
07:58:06.480,0.021227696,-0.01622667,-0.011607406,0.03361134,-0.036617349,-0.046950371,,
07:58:06.485,0.021217198,-0.016227652,-0.011592225,0.033565932,-0.036614778,-0.046936849,,
07:58:06.490,0.021198902,-0.016248278,-0.011629111,0.03362896,-0.036616943,-0.046948017,,
07:58:06.495,0.021204088,-0.016266684,-0.011623069,0.033646247,-0.036601504,-0.046943261,,
07:58:06.500,0.021217048,-0.016259721,-0.011596558,0.033579127,-0.036603226,-0.046914296,,
07:58:06.505,0.021208618,-0.01626331,-0.011619946,0.033615683,-0.036620192,-0.046917672,,
07:58:06.510,0.021198328,-0.016282552,-0.011643921,0.033682528,-0.036615763,-0.046927808,,
07:58:06.515,0.02119398,-0.016288484,-0.011613343,0.03362245,-0.03658686,-0.046895965,,
07:58:06.520,0.021208817,-0.016284424,-0.011624844,0.033582987,-0.036586357,-0.046874367,,
07:58:06.525,0.021206279,-0.016301616,-0.011665111,0.033663097,-0.036602259,-0.046896834,,
07:58:06.530,0.021175886,-0.016327658,-0.011642204,0.033674444,-0.036593418,-0.046888413,,
07:58:06.535,0.02117933,-0.016335833,-0.011626035,0.033594509,-0.036575842,-0.046848638,,
07:58:06.540,0.021212305,-0.016343703,-0.011663771,0.0336211,-0.03659578,-0.046845365,,
07:58:06.545,0.02118448,-0.016371502,-0.011668198,0.033691848,-0.036612779,-0.046858664,,
07:58:06.550,0.021140138,-0.016390517,-0.011627621,0.033636279,-0.036580867,-0.04682561,,
07:58:06.555,0.021153759,-0.016397214,-0.011658076,0.033611991,-0.036578103,-0.046793515,,
07:58:06.560,0.021177237,-0.016402867,-0.011691516,0.033666276,-0.036602144,-0.046800349,,
07:58:06.565,0.02115352,-0.016410975,-0.011667226,0.033653383,-0.036582566,-0.046796469,,
07:58:06.570,0.021134196,-0.016427401,-0.011658874,0.033634824,-0.036560881,-0.046777435,,
07:58:06.575,0.021174502,-0.016433077,-0.011698904,0.033676664,-0.036572881,-0.046775645,,
07:58:06.580,0.021183206,-0.016437196,-0.011688903,0.033679758,-0.03658268,-0.046780816,,
07:58:06.585,0.021143725,-0.016450677,-0.01166661,0.033657448,-0.036572155,-0.046773263,,
07:58:06.590,0.02114184,-0.01646985,-0.011697998,0.033697175,-0.036560888,-0.046765886,,
07:58:06.595,0.021172354,-0.01647849,-0.011698891,0.0337038,-0.036566045,-0.046756147,,
07:58:06.600,0.021142542,-0.016476984,-0.011675503,0.033659725,-0.036564873,-0.046737248,,
07:58:06.605,0.021110996,-0.016490239,-0.011688898,0.033683503,-0.036551935,-0.046731132,,
07:58:06.610,0.021126217,-0.016516688,-0.011710919,0.033726637,-0.036552185,-0.04672655,,
07:58:06.615,0.021148453,-0.016509849,-0.011684375,0.033678067,-0.036557289,-0.04670869,,
07:58:06.620,0.021132714,-0.016513411,-0.011691468,0.033674819,-0.036551487,-0.046706573,,
07:58:06.625,0.021124012,-0.016538307,-0.011723872,0.033740784,-0.036540096,-0.046712169,,
07:58:06.630,0.021136362,-0.016548195,-0.011714277,0.033715928,-0.036534759,-0.046691472,,
07:58:06.635,0.021133491,-0.016549109,-0.011701763,0.033667661,-0.036548019,-0.046670267,,
07:58:06.640,0.021129277,-0.016563976,-0.01173476,0.033730181,-0.03655077,-0.046677396,,
07:58:06.645,0.021117871,-0.016595592,-0.01173619,0.033763703,-0.036534776,-0.04667262,,
07:58:06.650,0.02112032,-0.016604142,-0.01170538,0.033682781,-0.036530017,-0.046635372,,
07:58:06.655,0.021122954,-0.016608367,-0.011731768,0.033693561,-0.036536366,-0.046620769,,
07:58:06.660,0.021111955,-0.016630745,-0.011752687,0.033772428,-0.036540801,-0.046633501,,
07:58:06.665,0.021101261,-0.016642273,-0.011720434,0.033734397,-0.036521018,-0.046619692,,
07:58:06.670,0.021098374,-0.016644988,-0.011722063,0.033692628,-0.036516183,-0.046598628,,
07:58:06.675,0.021111156,-0.016653047,-0.011766664,0.033757864,-0.036528426,-0.046613437,,
07:58:06.680,0.021096822,-0.016663437,-0.011742336,0.033758306,-0.03650779,-0.04660895,,
07:58:06.685,0.021089881,-0.016663496,-0.011718841,0.033713694,-0.036502878,-0.046583274,,
07:58:06.690,0.021099004,-0.016684842,-0.011758144,0.033767113,-0.036518446,-0.046585898,,
07:58:06.695,0.021107785,-0.016704863,-0.011765429,0.033808512,-0.036515543,-0.046586782,,
07:58:06.700,0.021086777,-0.016708749,-0.011734757,0.03375514,-0.036496846,-0.046561873,,
07:58:06.705,0.021084547,-0.016713491,-0.011760416,0.033758517,-0.03648946,-0.046548784,,
07:58:06.710,0.021088204,-0.016732615,-0.011795946,0.033820279,-0.036493123,-0.046560634,,
07:58:06.715,0.021073205,-0.016744663,-0.0117661,0.033782494,-0.03647353,-0.046546353,,
07:58:06.720,0.021074939,-0.016752675,-0.011771537,0.033748764,-0.03645946,-0.046523649,,
07:58:06.725,0.021081477,-0.016772488,-0.011814593,0.033803697,-0.036476615,-0.046528446,,
07:58:06.730,0.021070366,-0.016786548,-0.011803099,0.033811834,-0.036476998,-0.04652901,,
07:58:06.735,0.021055711,-0.016790951,-0.011779624,0.033758441,-0.036463444,-0.046506667,,
07:58:06.740,0.021078393,-0.01679755,-0.011818171,0.033786931,-0.036469451,-0.046498598,,
07:58:06.745,0.021076287,-0.016819705,-0.011825318,0.033828547,-0.03647671,-0.046503602,,
07:58:06.750,0.021050284,-0.016834476,-0.011793942,0.03378953,-0.03646249,-0.046488046,,
07:58:06.755,0.021059919,-0.016845434,-0.011811281,0.033787113,-0.036456066,-0.046470277,,
07:58:06.760,0.021087838,-0.016862532,-0.011840086,0.033837596,-0.036476032,-0.046471071,,
07:58:06.765,0.02106184,-0.016882356,-0.011814718,0.033823589,-0.036472643,-0.046466012,,
07:58:06.770,0.021041315,-0.016892195,-0.011804878,0.033804565,-0.036457732,-0.046443558,,
07:58:06.775,0.021058372,-0.016903618,-0.011839245,0.033852912,-0.036462592,-0.046434687,,
07:58:06.780,0.021068777,-0.016904492,-0.011820749,0.033836995,-0.036461021,-0.04642871,,
07:58:06.785,0.0210427,-0.016909256,-0.011804593,0.033808997,-0.036450011,-0.046423436,,
07:58:06.790,0.021031076,-0.016934563,-0.011829965,0.033853686,-0.036435123,-0.046427982,,
07:58:06.795,0.021062332,-0.016946124,-0.011833753,0.033864415,-0.036428083,-0.046424921,,
07:58:06.800,0.021057683,-0.016939028,-0.01181629,0.033819506,-0.036433011,-0.046405376,,
07:58:06.805,0.021030084,-0.016957833,-0.011848718,0.033855917,-0.036425601,-0.04640647,,
07:58:06.810,0.02102831,-0.016981277,-0.011874152,0.033906614,-0.036410564,-0.046410349,,
07:58:06.815,0.021044097,-0.016979033,-0.011852355,0.033842825,-0.036393873,-0.04638121,,
07:58:06.820,0.021029858,-0.0169865,-0.011865516,0.033824775,-0.036392319,-0.046375267,,
07:58:06.825,0.021020461,-0.017009913,-0.011903223,0.033909908,-0.036394801,-0.046385448,,
07:58:06.830,0.021022617,-0.017032543,-0.011884427,0.03391615,-0.036385255,-0.046370835,,
07:58:06.835,0.021037202,-0.017034012,-0.011866438,0.033849217,-0.036387609,-0.046333883,,
07:58:06.840,0.021033641,-0.01704885,-0.011909496,0.033909693,-0.036401699,-0.046332326,,
07:58:06.845,0.021025067,-0.0170687,-0.011905621,0.033963799,-0.036400443,-0.0463369,,
07:58:06.850,0.021017528,-0.017080806,-0.011873729,0.033892971,-0.036384592,-0.04630544,,
07:58:06.855,0.021025558,-0.017087165,-0.011894576,0.033881462,-0.036391636,-0.046296337,,
07:58:06.860,0.021032565,-0.017098204,-0.011921516,0.033942876,-0.036398791,-0.046313352,,
07:58:06.865,0.02100481,-0.017113678,-0.01188193,0.033919199,-0.036382141,-0.046303362,,
07:58:06.870,0.021008505,-0.01712026,-0.011876706,0.033880365,-0.036368873,-0.046280682,,
07:58:06.875,0.021033782,-0.017132584,-0.011912702,0.033938749,-0.036379587,-0.04629034,,
07:58:06.880,0.021026322,-0.017144754,-0.011897721,0.033958985,-0.036375215,-0.04628787,,
07:58:06.885,0.021000725,-0.017149518,-0.011881795,0.033910355,-0.036347628,-0.046262239,,
07:58:06.890,0.021004314,-0.017165677,-0.01191781,0.033936126,-0.036345967,-0.046259342,,
07:58:06.895,0.02101024,-0.017187316,-0.011931335,0.033980475,-0.036355866,-0.046272341,,
07:58:06.900,0.020992465,-0.017199425,-0.011901676,0.033941567,-0.036344328,-0.0462624,,
07:58:06.905,0.021006803,-0.017212295,-0.011927491,0.033947643,-0.036338161,-0.04624461,,
07:58:06.910,0.021021886,-0.017231093,-0.011952063,0.034006587,-0.036341122,-0.046246058,,
07:58:06.915,0.021003024,-0.017240476,-0.011925734,0.033992595,-0.036330537,-0.046235159,,
07:58:06.920,0.021001134,-0.017239321,-0.011922309,0.033965372,-0.036312126,-0.046208362,,
07:58:06.925,0.021025584,-0.01724969,-0.011961903,0.034018051,-0.036317542,-0.046203976,,
07:58:06.930,0.021007221,-0.017273996,-0.011949823,0.034022514,-0.03631486,-0.046203678,,
07:58:06.935,0.020985294,-0.017280475,-0.011928425,0.033967198,-0.036301948,-0.046187018,,
07:58:06.940,0.021008339,-0.01728936,-0.011961828,0.03399818,-0.036304864,-0.046180125,,
07:58:06.945,0.021017692,-0.017305451,-0.011972031,0.034035162,-0.036303367,-0.046181937,,
07:58:06.950,0.020972171,-0.017321046,-0.011952588,0.033996037,-0.036290264,-0.046167575,,
07:58:06.955,0.02097027,-0.017331682,-0.011970087,0.033995253,-0.036276933,-0.046151967,,
07:58:06.960,0.020999985,-0.017339254,-0.011997156,0.034050689,-0.036275649,-0.046149272,,
07:58:06.965,0.020986167,-0.017349365,-0.011963776,0.034026332,-0.036275356,-0.046135493,,
07:58:06.970,0.020956902,-0.017370048,-0.011967753,0.03400465,-0.036265471,-0.046118763,,
07:58:06.975,0.020970933,-0.01738361,-0.012003994,0.034054621,-0.036270861,-0.046116086,,
07:58:06.980,0.020996708,-0.017389018,-0.011991958,0.034052827,-0.036273776,-0.04611423,,
07:58:06.985,0.0209786,-0.017399211,-0.011972537,0.034019197,-0.036263174,-0.046111505,,
07:58:06.990,0.020969246,-0.017426067,-0.012006048,0.034080284,-0.036261777,-0.046118032,,
07:58:06.995,0.020977092,-0.017442764,-0.012009791,0.034099103,-0.036239205,-0.046106975,,
07:58:07.000,0.020969147,-0.017431152,-0.01198198,0.034027031,-0.036226051,-0.04607855,,
07:58:07.005,0.020973959,-0.017437152,-0.012005762,0.034057525,-0.036234884,-0.046080974,,
07:58:07.010,0.02096726,-0.017465027,-0.012035121,0.034140843,-0.036221502,-0.046099222,,
07:58:07.015,0.020959487,-0.017477535,-0.012011027,0.034099175,-0.036196329,-0.046072984,,
07:58:07.020,0.020979159,-0.017469636,-0.01200532,0.034056967,-0.036199567,-0.046049627,,
07:58:07.025,0.020978664,-0.017490343,-0.012045687,0.03413858,-0.036210995,-0.04606658,,
07:58:07.030,0.020956031,-0.017518799,-0.012029633,0.034148602,-0.036192861,-0.046062958,,
07:58:07.035,0.020946724,-0.017521166,-0.012007559,0.034072528,-0.036176499,-0.0460292,,
07:58:07.040,0.02095936,-0.017524182,-0.012037799,0.034102401,-0.036195698,-0.046021368,,
07:58:07.045,0.020959067,-0.017536507,-0.012044374,0.034153309,-0.036196675,-0.04602783,,
07:58:07.050,0.02092783,-0.01755553,-0.012008685,0.034106659,-0.036170272,-0.04600078,,
07:58:07.055,0.020937584,-0.017570459,-0.012029873,0.034105405,-0.036170987,-0.045983253,,
07:58:07.060,0.02097773,-0.017577138,-0.012067277,0.034169415,-0.036180768,-0.045984815,,
07:58:07.065,0.020958687,-0.017587556,-0.012038297,0.034150511,-0.036159982,-0.045970924,,
07:58:07.070,0.020925656,-0.017609867,-0.01203681,0.034137921,-0.036145136,-0.045962571,,
07:58:07.075,0.020952767,-0.01762343,-0.012075952,0.034187853,-0.03615045,-0.045970807,,
07:58:07.080,0.020961965,-0.017634598,-0.012065023,0.034186486,-0.036148375,-0.045974546,,
07:58:07.085,0.020931133,-0.017643347,-0.012043021,0.034153841,-0.036132227,-0.045960557,,
07:58:07.090,0.020936891,-0.017658335,-0.012080317,0.034198635,-0.036128974,-0.045959166,,
07:58:07.095,0.020955481,-0.017670474,-0.012091283,0.034226419,-0.036132509,-0.045962359,,
07:58:07.100,0.020949176,-0.017665046,-0.012066219,0.034180683,-0.036122873,-0.045947349,,
07:58:07.105,0.020940848,-0.017674429,-0.012084035,0.034202713,-0.036108125,-0.045940425,,
07:58:07.110,0.020950757,-0.017694909,-0.012107813,0.034256187,-0.036107625,-0.04593813,,
07:58:07.115,0.020941085,-0.017717128,-0.012080588,0.034217264,-0.036094799,-0.045923168,,
07:58:07.120,0.020931632,-0.017723363,-0.012080451,0.034184603,-0.03608482,-0.0459126,,
07:58:07.125,0.020945886,-0.017745415,-0.01212185,0.03424657,-0.03609168,-0.045914463,,
07:58:07.130,0.020953625,-0.017762594,-0.012108858,0.034249659,-0.036084962,-0.045903895,,
07:58:07.135,0.020922077,-0.017771988,-0.01209147,0.034212446,-0.036066694,-0.045884949,,
07:58:07.140,0.020924353,-0.017790217,-0.012121507,0.034248822,-0.036057667,-0.045879957,,
07:58:07.145,0.020943958,-0.017798574,-0.012136783,0.034277267,-0.036059407,-0.045869909,,
07:58:07.150,0.020927848,-0.017799898,-0.012109815,0.034239796,-0.036050156,-0.045853128,,
07:58:07.155,0.020900409,-0.017827637,-0.012132744,0.034266161,-0.03604114,-0.045857517,,
07:58:07.160,0.020925644,-0.017845785,-0.012159022,0.034310344,-0.03603174,-0.045865423,,
07:58:07.165,0.02095212,-0.017834302,-0.012136658,0.034267847,-0.036032069,-0.045844685,,
07:58:07.170,0.020930249,-0.01783748,-0.012143011,0.034267913,-0.036026542,-0.045830532,,
07:58:07.175,0.020913294,-0.017867347,-0.012173045,0.034338606,-0.036007719,-0.045843444,,
07:58:07.180,0.020929447,-0.017879925,-0.012152688,0.034316883,-0.035990427,-0.04582552,,
07:58:07.185,0.020946511,-0.017865333,-0.012125315,0.034247721,-0.035980344,-0.045797021,,
07:58:07.190,0.020918991,-0.01789061,-0.012160921,0.034319013,-0.035989961,-0.045809347,,
07:58:07.195,0.020906089,-0.017925013,-0.012164318,0.034366931,-0.035984469,-0.045811656,,
07:58:07.200,0.020928046,-0.01792515,-0.012135302,0.034287541,-0.0359685,-0.045774452,,
07:58:07.205,0.020920894,-0.01792786,-0.012156905,0.034297397,-0.035973398,-0.045757599,,
07:58:07.210,0.020902579,-0.017947597,-0.012190524,0.034398297,-0.035971004,-0.04577691,,
07:58:07.215,0.020899586,-0.017955476,-0.012156319,0.034361043,-0.035936873,-0.045751449,,
07:58:07.220,0.020896022,-0.017959215,-0.012158145,0.034307655,-0.035929749,-0.045719103,,
07:58:07.225,0.020917936,-0.01797039,-0.012199358,0.034373069,-0.035939155,-0.045737619,,
07:58:07.230,0.020904624,-0.01798998,-0.012192427,0.034411211,-0.03593803,-0.045753748,,
07:58:07.235,0.020878732,-0.018008547,-0.012178109,0.034360758,-0.035913129,-0.045734793,,
07:58:07.240,0.020909051,-0.018015064,-0.012207437,0.034367681,-0.035911827,-0.045726268,,
07:58:07.245,0.020916713,-0.018023885,-0.012218927,0.034416986,-0.035925674,-0.045733159,,
07:58:07.250,0.020884031,-0.018035828,-0.012184612,0.034390915,-0.035906102,-0.045712533,,
07:58:07.255,0.02088085,-0.018047939,-0.012197638,0.034383946,-0.03588827,-0.045691928,,
07:58:07.260,0.020903929,-0.018067831,-0.012216312,0.034429827,-0.035893586,-0.045695657,,
07:58:07.265,0.020897517,-0.018083239,-0.012192451,0.034424333,-0.035887462,-0.045687578,,
07:58:07.270,0.020876412,-0.018096461,-0.01218589,0.034407283,-0.035874203,-0.045667604,,
07:58:07.275,0.020891886,-0.018115329,-0.012221358,0.03445406,-0.035874906,-0.045666352,,
07:58:07.280,0.020904809,-0.018124963,-0.012208663,0.034458127,-0.035872945,-0.045663971,,
07:58:07.285,0.020874212,-0.0181295,-0.012191476,0.034426021,-0.035854727,-0.045647971,,
07:58:07.290,0.02087502,-0.01814619,-0.012222696,0.034453575,-0.035841031,-0.045641566,,
07:58:07.295,0.020893326,-0.018165325,-0.012233772,0.0344788,-0.035841333,-0.045644749,,
07:58:07.300,0.020884957,-0.018173109,-0.012207847,0.034450681,-0.035832234,-0.045637134,,
07:58:07.305,0.020874143,-0.018187082,-0.012222838,0.034463104,-0.035815871,-0.045628037,,
07:58:07.310,0.020883101,-0.01820228,-0.012256102,0.034523499,-0.035812683,-0.045628919,,
07:58:07.315,0.020895756,-0.018201936,-0.0122338,0.034491083,-0.035794439,-0.045616334,,
07:58:07.320,0.020875044,-0.018212364,-0.01223792,0.034475555,-0.035777704,-0.045608067,,
07:58:07.325,0.020879458,-0.018231409,-0.012266316,0.034529566,-0.035772783,-0.045606102,,
07:58:07.330,0.020891551,-0.018244723,-0.012257895,0.034520045,-0.035768402,-0.0455938,,
07:58:07.335,0.020880842,-0.018254876,-0.012244911,0.034480921,-0.035766848,-0.045577979,,
07:58:07.340,0.020873791,-0.018282687,-0.012277052,0.034532029,-0.035763638,-0.045583721,,
07:58:07.345,0.020880108,-0.01830913,-0.012285208,0.034566055,-0.035756293,-0.045578294,,
07:58:07.350,0.020875483,-0.018307503,-0.012263589,0.034508071,-0.0357418,-0.04554832,,
07:58:07.355,0.020842598,-0.018328547,-0.012281596,0.034527162,-0.035731953,-0.045541139,,
07:58:07.360,0.020853888,-0.018349502,-0.012301391,0.034591673,-0.035728873,-0.045547996,,
07:58:07.365,0.020868118,-0.018349321,-0.012276851,0.034555751,-0.035708375,-0.045530128,,
07:58:07.370,0.020860839,-0.018348543,-0.012282246,0.034526786,-0.035703618,-0.045513736,,
07:58:07.375,0.020854291,-0.018378248,-0.01231916,0.034609713,-0.035711876,-0.045536891,,
07:58:07.380,0.020862655,-0.018398548,-0.012298098,0.034606881,-0.03569719,-0.045536646,,
07:58:07.385,0.020865724,-0.018400299,-0.012277898,0.03454082,-0.035673345,-0.045511724,,
07:58:07.390,0.020869514,-0.018405949,-0.01230958,0.034591449,-0.03567658,-0.045516719,,
07:58:07.395,0.020857349,-0.018427942,-0.012324258,0.034646386,-0.035675608,-0.045526075,,
07:58:07.400,0.020850121,-0.018441295,-0.01229373,0.034582464,-0.035653158,-0.045502118,,
07:58:07.405,0.020859319,-0.018445631,-0.012317502,0.034569984,-0.035645521,-0.04548995,,
07:58:07.410,0.020859749,-0.018463686,-0.012347785,0.034644355,-0.035654353,-0.045499959,,
07:58:07.415,0.020835504,-0.018479176,-0.012320533,0.03463477,-0.035636695,-0.045486646,,
07:58:07.420,0.02084163,-0.018486173,-0.012319619,0.034588957,-0.0356052,-0.045453756,,
07:58:07.425,0.020870726,-0.018504077,-0.012353834,0.034649746,-0.035611715,-0.045449383,,
07:58:07.430,0.020853828,-0.01851851,-0.012340711,0.034692759,-0.03561607,-0.045456625,,
07:58:07.435,0.020830137,-0.018527668,-0.0123151,0.034644177,-0.035587293,-0.045435644,,
07:58:07.440,0.020845208,-0.018545808,-0.012346314,0.034668242,-0.03558309,-0.045422339,,
07:58:07.445,0.020860196,-0.018561112,-0.012356254,0.034714163,-0.0355908,-0.045420111,,
07:58:07.450,0.020841132,-0.01856825,-0.012324916,0.034682936,-0.035572923,-0.045407568,,
07:58:07.455,0.020830626,-0.018583078,-0.012336074,0.034683931,-0.035560292,-0.045392298,,
07:58:07.460,0.020855384,-0.018600908,-0.012365111,0.034721765,-0.035553171,-0.045389542,,
07:58:07.465,0.020849629,-0.018612803,-0.012340436,0.034698369,-0.035550006,-0.045391174,,
07:58:07.470,0.020827922,-0.018622034,-0.012337336,0.034687314,-0.035543611,-0.045392907,,
07:58:07.475,0.020837795,-0.01864253,-0.012376666,0.034752043,-0.035520998,-0.045399181,,
07:58:07.480,0.020841699,-0.018654428,-0.012371449,0.034746686,-0.035509469,-0.045392271,,
07:58:07.485,0.02082098,-0.018655206,-0.012359329,0.034696054,-0.035505591,-0.045377946,,
07:58:07.490,0.02082992,-0.018668094,-0.0124001,0.034746793,-0.035496493,-0.045378445,,
07:58:07.495,0.02084611,-0.018689199,-0.012417719,0.034794475,-0.035489502,-0.045383878,,
07:58:07.500,0.02084569,-0.018692795,-0.012386857,0.034744652,-0.035476043,-0.045364184,,
07:58:07.505,0.020846249,-0.018700544,-0.01240701,0.034763445,-0.035474496,-0.045353799,,
07:58:07.510,0.020852066,-0.018725861,-0.012434172,0.034831407,-0.035468921,-0.04535731,,
07:58:07.515,0.020842983,-0.018741269,-0.01240844,0.034795588,-0.035452914,-0.045335747,,
07:58:07.520,0.020840053,-0.018752893,-0.012399195,0.034758639,-0.035440371,-0.04531454,,
07:58:07.525,0.020852133,-0.018777131,-0.012437309,0.034823131,-0.035435784,-0.045319455,,
07:58:07.530,0.020852447,-0.018795862,-0.012431964,0.034830266,-0.03542643,-0.045316234,,
07:58:07.535,0.020848307,-0.018805415,-0.012406638,0.034772328,-0.035413422,-0.045295853,,
07:58:07.540,0.020836396,-0.018824868,-0.012436858,0.034827987,-0.035414914,-0.045304286,,
07:58:07.545,0.020833357,-0.018841986,-0.012444176,0.034873958,-0.035400434,-0.045307098,,
07:58:07.550,0.020824519,-0.018845224,-0.012410755,0.03480241,-0.035372582,-0.045273708,,
07:58:07.555,0.020813094,-0.018851183,-0.012431394,0.034808409,-0.035371123,-0.045259033,,
07:58:07.560,0.020829476,-0.018875778,-0.012462199,0.034883217,-0.035370136,-0.045276551,,
07:58:07.565,0.020823244,-0.018887888,-0.012432208,0.034865422,-0.035347146,-0.0452698,,
07:58:07.570,0.020829762,-0.018876218,-0.012431644,0.034842671,-0.035335506,-0.045249173,,
07:58:07.575,0.020836499,-0.018897738,-0.012467012,0.034910828,-0.035327904,-0.045258029,,
07:58:07.580,0.020830031,-0.018918735,-0.012452696,0.034941007,-0.035321636,-0.04525849,,
07:58:07.585,0.02081542,-0.018930303,-0.012426649,0.034885596,-0.035296958,-0.04523249,,
07:58:07.590,0.020825615,-0.018935276,-0.012457775,0.034905238,-0.0352916,-0.045216517,,
07:58:07.595,0.020823796,-0.018959574,-0.012471366,0.034955345,-0.035302409,-0.045219743,,
07:58:07.600,0.020804478,-0.01897475,-0.012440421,0.034910726,-0.035277284,-0.045204395,,
07:58:07.605,0.020807794,-0.018977681,-0.012464551,0.034900998,-0.035266037,-0.045191705,,
07:58:07.610,0.020819054,-0.018992795,-0.012497391,0.034961512,-0.035268672,-0.045202061,,
07:58:07.615,0.020793749,-0.019009731,-0.012477629,0.034952977,-0.035252984,-0.045198162,,
07:58:07.620,0.020798431,-0.01901825,-0.012469683,0.034915884,-0.035228389,-0.045181747,,
07:58:07.625,0.020831175,-0.019031567,-0.01250894,0.034962116,-0.035224425,-0.045180778,,
07:58:07.630,0.020823834,-0.019051872,-0.012499802,0.034990319,-0.035227353,-0.045187777,,
07:58:07.635,0.02079953,-0.019069437,-0.012480004,0.034955604,-0.035205207,-0.045177772,,
07:58:07.640,0.020822123,-0.019080667,-0.012515047,0.034973461,-0.035197783,-0.045167643,,
07:58:07.645,0.020833796,-0.019097114,-0.01252299,0.035020193,-0.035198912,-0.045168054,,
07:58:07.650,0.020804271,-0.019107724,-0.012485414,0.034989625,-0.035182097,-0.045150806,,
07:58:07.655,0.020796558,-0.019120866,-0.012496975,0.034992591,-0.035155514,-0.045137548,,
07:58:07.660,0.020816468,-0.019136527,-0.012525416,0.035052267,-0.035141453,-0.045135776,,
07:58:07.665,0.020814668,-0.019135866,-0.012498062,0.03502797,-0.035133732,-0.045123059,,
07:58:07.670,0.020793118,-0.019149132,-0.012491318,0.035009979,-0.035121902,-0.045113099,,
07:58:07.675,0.020814819,-0.019173722,-0.012525746,0.035073071,-0.035113383,-0.045115831,,
07:58:07.680,0.020837335,-0.019178826,-0.012517088,0.035081086,-0.035102629,-0.045105522,,
07:58:07.685,0.020801478,-0.019185106,-0.012497639,0.035042967,-0.03508708,-0.045087954,,
07:58:07.690,0.020789406,-0.019206415,-0.012531626,0.035085707,-0.035082117,-0.045089367,,
07:58:07.695,0.020813042,-0.019220418,-0.01254678,0.035116754,-0.035069103,-0.045087709,,
07:58:07.700,0.020815654,-0.019222241,-0.012524725,0.035073833,-0.035054848,-0.045072755,,
07:58:07.705,0.020801285,-0.019232925,-0.012547293,0.035091108,-0.035046474,-0.045072025,,
07:58:07.710,0.020810141,-0.01926155,-0.012587542,0.035163465,-0.035038259,-0.045084992,,
07:58:07.715,0.020829014,-0.019272591,-0.012568259,0.035129465,-0.035015887,-0.045064061,,
07:58:07.720,0.020815493,-0.019279453,-0.012563723,0.035109926,-0.034998877,-0.045048122,,
07:58:07.725,0.020798518,-0.019307043,-0.012600552,0.035188409,-0.035003093,-0.045053851,,
07:58:07.730,0.020801703,-0.01932755,-0.012584503,0.035179374,-0.034990661,-0.04503941,,
07:58:07.735,0.02080206,-0.019335149,-0.012562102,0.035106241,-0.034968505,-0.045019699,,
07:58:07.740,0.020803316,-0.019344474,-0.012595753,0.035150515,-0.034967863,-0.045030591,,
07:58:07.745,0.020791519,-0.019373214,-0.012609294,0.035216821,-0.034967185,-0.04504558,,
07:58:07.750,0.020783894,-0.019385912,-0.012573924,0.035156287,-0.034935488,-0.045021514,,
07:58:07.755,0.020799057,-0.019386157,-0.01259423,0.035142791,-0.034922571,-0.045002621,,
07:58:07.760,0.02080452,-0.019408113,-0.012621897,0.035218902,-0.034938525,-0.045012651,,
07:58:07.765,0.020794245,-0.019423021,-0.012594845,0.035216792,-0.034916414,-0.045000432,,
07:58:07.770,0.020809959,-0.019420574,-0.012588839,0.035169267,-0.03488201,-0.044968231,,
07:58:07.775,0.020824354,-0.019442611,-0.01262795,0.035237784,-0.03489735,-0.044977995,,
07:58:07.780,0.020820773,-0.019464331,-0.012616386,0.035271883,-0.034893151,-0.044987446,,
07:58:07.785,0.020804408,-0.019483549,-0.012601113,0.03523054,-0.034867244,-0.044965275,,
07:58:07.790,0.020832281,-0.019492591,-0.012640682,0.035254901,-0.034851783,-0.044954219,,
07:58:07.795,0.020824849,-0.019501858,-0.012654208,0.035308287,-0.034841902,-0.044967027,,
07:58:07.800,0.02078808,-0.01950972,-0.012621148,0.035277649,-0.034820531,-0.044950667,,
07:58:07.805,0.020792305,-0.019513129,-0.012637148,0.035254898,-0.034786789,-0.044928803,,
07:58:07.810,0.020819059,-0.019523681,-0.01266636,0.035313794,-0.03478459,-0.044934967,,
07:58:07.815,0.020803512,-0.01953414,-0.012636183,0.035303526,-0.034777446,-0.044929045,,
07:58:07.820,0.02078164,-0.01955281,-0.012626983,0.035281842,-0.034753098,-0.044912467,,
07:58:07.825,0.020789998,-0.019584567,-0.012658633,0.0353394,-0.034748895,-0.044910683,,
07:58:07.830,0.020800736,-0.019595457,-0.012650296,0.035334538,-0.034743616,-0.044906784,,
07:58:07.835,0.020793838,-0.019597143,-0.012625349,0.035286875,-0.034737746,-0.044888644,,
07:58:07.840,0.020778955,-0.019617746,-0.012660161,0.035338662,-0.034731802,-0.044888659,,
07:58:07.845,0.020792084,-0.019643601,-0.012679355,0.035372816,-0.034710459,-0.044892293,,
07:58:07.850,0.020800946,-0.019644171,-0.012653316,0.035315999,-0.034693766,-0.044874414,,
07:58:07.855,0.02077777,-0.019657034,-0.012667224,0.035340988,-0.034687941,-0.044871577,,
07:58:07.860,0.020781628,-0.019685551,-0.012694584,0.035416195,-0.034675312,-0.044877939,,
07:58:07.865,0.02079849,-0.019696609,-0.012664852,0.035384808,-0.034653692,-0.044849581,,
07:58:07.870,0.020795283,-0.019695567,-0.012657223,0.035354655,-0.03464267,-0.044820724,,
07:58:07.875,0.020777885,-0.019712368,-0.012689929,0.035440929,-0.034628966,-0.044831119,,
07:58:07.880,0.020774086,-0.019727197,-0.012675597,0.035462173,-0.034608197,-0.044821662,,
07:58:07.885,0.020786598,-0.019726192,-0.012653374,0.03539266,-0.034596207,-0.044794516,,
07:58:07.890,0.020785771,-0.019744431,-0.012688803,0.035439027,-0.034598341,-0.044808208,,
07:58:07.895,0.020792385,-0.019766366,-0.012701369,0.035492163,-0.034580802,-0.044827891,,
07:58:07.900,0.020793373,-0.019773478,-0.012667275,0.035442232,-0.034558775,-0.04481072,,
07:58:07.905,0.020793333,-0.019774218,-0.012691602,0.035447874,-0.034550858,-0.044803401,,
07:58:07.910,0.020796333,-0.019793555,-0.01272613,0.035509697,-0.034532988,-0.044810767,,
07:58:07.915,0.020785356,-0.019803203,-0.012706904,0.035483775,-0.03451675,-0.044791701,,
07:58:07.920,0.020784913,-0.019803065,-0.012707422,0.035452063,-0.034503397,-0.044769394,,
07:58:07.925,0.020794619,-0.019826374,-0.012744212,0.035508368,-0.034497577,-0.044772636,,
07:58:07.930,0.020789282,-0.019855602,-0.012723937,0.035534101,-0.034480397,-0.044770246,,
07:58:07.935,0.020787199,-0.019866288,-0.01268973,0.035492837,-0.034452237,-0.044741258,,
07:58:07.940,0.020793288,-0.019888105,-0.012720563,0.03552546,-0.034452858,-0.04472953,,
07:58:07.945,0.020796513,-0.019916489,-0.012723895,0.035572432,-0.034456617,-0.044733256,,
07:58:07.950,0.020772705,-0.019931872,-0.012687592,0.035538809,-0.034428082,-0.044716564,,
07:58:07.955,0.020773251,-0.01993819,-0.012707331,0.035531106,-0.034409037,-0.044700398,,
07:58:07.960,0.020800139,-0.019956755,-0.012741867,0.035587798,-0.034409818,-0.044704947,,
07:58:07.965,0.020781127,-0.019971783,-0.01272304,0.035590135,-0.034405966,-0.044702749,,
07:58:07.970,0.020766382,-0.019975433,-0.012719766,0.035563653,-0.034383547,-0.044690072,,
07:58:07.975,0.020800287,-0.019988333,-0.012759364,0.035613539,-0.034370088,-0.044687822,,
07:58:07.980,0.020813724,-0.01999255,-0.012760542,0.035634871,-0.034371283,-0.044688563,,
07:58:07.985,0.020777014,-0.020000813,-0.012744739,0.035603742,-0.034342989,-0.044684604,,
07:58:07.990,0.020782768,-0.020012915,-0.01277659,0.035634467,-0.034312067,-0.044682884,,
07:58:07.995,0.020808176,-0.020026149,-0.012794395,0.035666173,-0.034307539,-0.044680095,,
07:58:08.000,0.020778577,-0.02004288,-0.012768255,0.03563724,-0.034289216,-0.04467311,,
07:58:08.005,0.020758504,-0.02006286,-0.012776897,0.035652957,-0.034249781,-0.044662476,,
07:58:08.010,0.020798297,-0.020070193,-0.012798676,0.035707376,-0.034231774,-0.044653218,,
07:58:08.015,0.020795923,-0.020077743,-0.012775138,0.035687901,-0.034226644,-0.044641908,,
07:58:08.020,0.020755324,-0.020102038,-0.012767114,0.035668779,-0.034207,-0.04463652,,
07:58:08.025,0.020776348,-0.020123724,-0.012796676,0.03570883,-0.034196092,-0.044631757,,
07:58:08.030,0.020804931,-0.020135177,-0.012787407,0.03570884,-0.034194108,-0.044617205,,
07:58:08.035,0.020776336,-0.0201546,-0.012766649,0.035682342,-0.034186011,-0.044603937,,
07:58:08.040,0.020764633,-0.020183898,-0.012797637,0.035722318,-0.034180337,-0.044600287,,
07:58:08.045,0.020798759,-0.020198848,-0.012810474,0.035747798,-0.034179233,-0.044589688,,
07:58:08.050,0.020798302,-0.020199572,-0.012787494,0.035713846,-0.034165781,-0.044565087,,
07:58:08.055,0.020764046,-0.020216934,-0.012803437,0.035734168,-0.034148195,-0.044560092,,
07:58:08.060,0.020757577,-0.020241008,-0.012826238,0.035788902,-0.034127513,-0.044574875,,
07:58:08.065,0.020779185,-0.020239143,-0.012799683,0.035752373,-0.034097474,-0.044562387,,
07:58:08.070,0.020784025,-0.020233513,-0.012801274,0.035737464,-0.034086503,-0.044557947,,
07:58:08.075,0.02076575,-0.020262962,-0.012843569,0.035826166,-0.034082434,-0.044578892,,
07:58:08.080,0.020767579,-0.020283807,-0.012836065,0.035832587,-0.034055018,-0.044573587,,
07:58:08.085,0.020786583,-0.020272183,-0.012816189,0.035768757,-0.034028574,-0.044543167,,
07:58:08.090,0.020788429,-0.020283344,-0.012848842,0.035825973,-0.034028773,-0.04454515,,
07:58:08.095,0.020772765,-0.020318588,-0.012852877,0.035896196,-0.034017904,-0.044550018,,
07:58:08.100,0.020767508,-0.020328208,-0.012812988,0.035829799,-0.033987101,-0.044518068,,
07:58:08.105,0.02078566,-0.020333448,-0.012830771,0.035804802,-0.033980323,-0.044503211,,
07:58:08.110,0.020795181,-0.020361138,-0.012863417,0.035886516,-0.033983307,-0.044527963,,
07:58:08.115,0.020760728,-0.020384258,-0.012840198,0.035882991,-0.033949345,-0.044520187,,
07:58:08.120,0.020764144,-0.020388832,-0.012836262,0.035819743,-0.033915619,-0.044479098,,
07:58:08.125,0.020801279,-0.020396978,-0.012881757,0.0358788,-0.033915148,-0.044479967,,
07:58:08.130,0.020775792,-0.020425087,-0.012877236,0.035937405,-0.033910887,-0.044480597,,
07:58:08.135,0.020746394,-0.020447322,-0.012851516,0.035883843,-0.033878669,-0.044449037,,
07:58:08.140,0.02078844,-0.020454899,-0.012879488,0.035893221,-0.033869912,-0.044448257,,
07:58:08.145,0.02080423,-0.020469555,-0.012892133,0.035965356,-0.033879388,-0.044477518,,
07:58:08.150,0.020754345,-0.020490697,-0.012862922,0.035953343,-0.033856555,-0.044477519,,
07:58:08.155,0.020765868,-0.020494295,-0.012876252,0.035926543,-0.033829778,-0.044451597,,
07:58:08.160,0.020801361,-0.020500242,-0.012911408,0.035972263,-0.033828692,-0.044451297,,
07:58:08.165,0.02078382,-0.020510387,-0.012890524,0.035985318,-0.03381425,-0.044453776,,
07:58:08.170,0.02075069,-0.020524579,-0.012880148,0.035962799,-0.03377827,-0.044436998,,
07:58:08.175,0.020773788,-0.020544772,-0.012914975,0.035994081,-0.033764474,-0.04442883,,
07:58:08.180,0.020810009,-0.020556842,-0.012912937,0.036003341,-0.033764478,-0.044431804,,
07:58:08.185,0.020778655,-0.020572764,-0.012887891,0.035988384,-0.033755196,-0.044428607,,
07:58:08.190,0.020756602,-0.020600598,-0.012921006,0.036045907,-0.03373239,-0.044424752,,
07:58:08.195,0.020795997,-0.020615211,-0.012936481,0.036055403,-0.033704037,-0.044406349,,
07:58:08.200,0.020803229,-0.020612744,-0.012910815,0.036005351,-0.033695431,-0.044386279,,
07:58:08.205,0.020771892,-0.0206321,-0.012920502,0.036036191,-0.033675032,-0.044387391,,
07:58:08.210,0.020759934,-0.020667691,-0.012947667,0.03610019,-0.033643557,-0.044383398,,
07:58:08.215,0.020784191,-0.020666179,-0.012927124,0.036054984,-0.033624917,-0.044357323,,
07:58:08.220,0.020778386,-0.020668006,-0.012922155,0.036026915,-0.033608768,-0.044347827,,
07:58:08.225,0.02076362,-0.020697035,-0.012960248,0.03611721,-0.033604314,-0.04436721,,
07:58:08.230,0.020783051,-0.020710529,-0.01294988,0.036135494,-0.033579131,-0.044354779,,
07:58:08.235,0.020785358,-0.020709158,-0.012928936,0.036081455,-0.033562397,-0.044320265,,
07:58:08.240,0.020777447,-0.020724219,-0.012956454,0.036125132,-0.033566275,-0.044323265,,
07:58:08.245,0.020776626,-0.020754242,-0.012965302,0.036190247,-0.033544054,-0.044331651,,
07:58:08.250,0.020770403,-0.020768909,-0.01293095,0.036132628,-0.033517556,-0.044308987,,
07:58:08.255,0.020772875,-0.020780729,-0.012941577,0.036115187,-0.033511217,-0.044299228,,
07:58:08.260,0.020780219,-0.020807087,-0.01296906,0.036192622,-0.033507168,-0.044317611,,
07:58:08.265,0.020778175,-0.020817587,-0.01294408,0.036176324,-0.033474772,-0.044299405,,
07:58:08.270,0.020773452,-0.020823936,-0.012939929,0.036135204,-0.033449282,-0.044271203,,
07:58:08.275,0.020784806,-0.020838104,-0.012981267,0.03619641,-0.033449685,-0.044283729,,
07:58:08.280,0.020777449,-0.020852879,-0.0129745,0.036226735,-0.033432146,-0.044289145,,
07:58:08.285,0.020770107,-0.020858661,-0.012953317,0.036179331,-0.033404729,-0.04426402,,
07:58:08.290,0.02078299,-0.020867163,-0.012990311,0.036209266,-0.033393235,-0.04426547,,
07:58:08.295,0.020778175,-0.020892537,-0.013009167,0.036269167,-0.033381761,-0.044283306,,
07:58:08.300,0.020755449,-0.020905147,-0.012981526,0.036234636,-0.033348263,-0.044271449,,
07:58:08.305,0.020773118,-0.020899348,-0.012989044,0.036219813,-0.033321509,-0.044245165,,
07:58:08.310,0.020791404,-0.020915767,-0.013022927,0.03629479,-0.03332718,-0.044243106,,
07:58:08.315,0.020773341,-0.020936919,-0.012991744,0.036304231,-0.033310347,-0.044243247,,
07:58:08.320,0.020768307,-0.020946018,-0.012975151,0.036266179,-0.033275948,-0.044222949,,
07:58:08.325,0.020792327,-0.020964017,-0.013011593,0.036316675,-0.033275658,-0.044216662,,
07:58:08.330,0.020796883,-0.020980745,-0.013010297,0.036350475,-0.033271208,-0.044219459,,
07:58:08.335,0.020766683,-0.020996792,-0.012978642,0.03630805,-0.033241603,-0.044200892,,
07:58:08.340,0.020773647,-0.02101352,-0.013003749,0.036325187,-0.033226286,-0.044187926,,
07:58:08.345,0.020805023,-0.021026719,-0.013022988,0.036367184,-0.033208155,-0.044186329,,
07:58:08.350,0.020767491,-0.021045292,-0.012997832,0.036339877,-0.033186031,-0.044174901,,
07:58:08.355,0.02074382,-0.021067588,-0.013015118,0.03633522,-0.033153049,-0.044162502,,
07:58:08.360,0.020788089,-0.021081527,-0.013052682,0.036377235,-0.03313113,-0.044160843,,
07:58:08.365,0.020794823,-0.021089092,-0.013040557,0.036375435,-0.033124302,-0.044155841,,
07:58:08.370,0.020750664,-0.021111509,-0.013035697,0.036382517,-0.033100398,-0.044152239,,
07:58:08.375,0.020762084,-0.021130937,-0.013070194,0.036428232,-0.033076834,-0.044152426,,
07:58:08.380,0.020813055,-0.021125304,-0.013061649,0.036411603,-0.033069019,-0.044139434,,
07:58:08.385,0.020802434,-0.021121386,-0.01304559,0.036393996,-0.033066346,-0.044135538,,
07:58:08.390,0.020754842,-0.021152832,-0.013072767,0.036468455,-0.033042775,-0.044152725,,
07:58:08.395,0.020783974,-0.021175176,-0.013078229,0.03648156,-0.033014792,-0.04414466,,
07:58:08.400,0.020819919,-0.0211689,-0.013050394,0.036415549,-0.033008301,-0.044114024,,
07:58:08.405,0.020794524,-0.021179429,-0.013060842,0.036452429,-0.033000079,-0.044115854,,
07:58:08.410,0.02075873,-0.021222371,-0.013084316,0.036548196,-0.032968422,-0.044123227,,
07:58:08.415,0.020779941,-0.021230402,-0.013058697,0.036495635,-0.032933218,-0.0440819,,
07:58:08.420,0.020804376,-0.021216055,-0.013058869,0.036436913,-0.03292342,-0.044061333,,
07:58:08.425,0.020776904,-0.021238625,-0.01309889,0.036534999,-0.032913327,-0.04408834,,
07:58:08.430,0.020751146,-0.021275611,-0.013086341,0.03657974,-0.032872287,-0.044093803,,
07:58:08.435,0.020773727,-0.021286029,-0.013060472,0.036488473,-0.03284624,-0.044053926,,
07:58:08.440,0.020803368,-0.021295245,-0.013098431,0.036514098,-0.032851035,-0.04404492,,
07:58:08.445,0.020770722,-0.02133197,-0.01310657,0.036609726,-0.032846812,-0.044060077,,
07:58:08.450,0.020741332,-0.021350786,-0.013069079,0.036565415,-0.032806167,-0.044024096,,
07:58:08.455,0.020783184,-0.021343659,-0.013084966,0.036518181,-0.032787989,-0.043992201,,
07:58:08.460,0.020803416,-0.021353337,-0.013122946,0.036593733,-0.032799277,-0.044014983,,
07:58:08.465,0.020759294,-0.021376842,-0.013095111,0.036624099,-0.032770902,-0.044018311,,
07:58:08.470,0.020751217,-0.021394075,-0.013081334,0.036574149,-0.032726522,-0.043996831,,
07:58:08.475,0.020804207,-0.02140047,-0.013124329,0.036600456,-0.032718593,-0.043996341,,
07:58:08.480,0.020805311,-0.021407969,-0.013121298,0.03665024,-0.032714938,-0.044005479,,
07:58:08.485,0.020752962,-0.021417659,-0.013092265,0.036636714,-0.032672824,-0.043992199,,
07:58:08.490,0.020760583,-0.021433892,-0.013117167,0.03664414,-0.032640298,-0.043968232,,
07:58:08.495,0.020802107,-0.021443068,-0.01313853,0.036686037,-0.032637533,-0.043973294,,
07:58:08.500,0.020765343,-0.021449896,-0.01310934,0.036671645,-0.032625785,-0.043969616,,
07:58:08.505,0.020750482,-0.021462074,-0.013114463,0.036672554,-0.032587638,-0.043951934,,
07:58:08.510,0.020774962,-0.021486893,-0.01314772,0.036721054,-0.03257106,-0.043954348,,
07:58:08.515,0.020785138,-0.021501944,-0.013127195,0.036705424,-0.032564498,-0.043952062,,
07:58:08.520,0.020775803,-0.021512002,-0.013116547,0.036685523,-0.032536132,-0.043940488,,
07:58:08.525,0.020780959,-0.021526825,-0.013155194,0.036746146,-0.032515799,-0.043934039,,
07:58:08.530,0.020784802,-0.021544171,-0.013154499,0.036757922,-0.032498341,-0.043931025,,
07:58:08.535,0.020773362,-0.02154969,-0.013128028,0.036703083,-0.032488976,-0.043913436,,
07:58:08.540,0.020764549,-0.02156893,-0.013159238,0.036751599,-0.03247431,-0.043916876,,
07:58:08.545,0.020785306,-0.021593318,-0.01317647,0.036796802,-0.032446507,-0.043911114,,
07:58:08.550,0.020784013,-0.021603408,-0.013149523,0.036762886,-0.032427251,-0.043885664,,
07:58:08.555,0.020759888,-0.021618568,-0.013150782,0.036779621,-0.032411223,-0.04388698,,
07:58:08.560,0.020775443,-0.021634299,-0.013184592,0.03683776,-0.032385159,-0.043888505,,
07:58:08.565,0.020801091,-0.021642298,-0.01316089,0.036808785,-0.032358834,-0.04386562,,
07:58:08.570,0.020780734,-0.021653564,-0.013154314,0.036786523,-0.03234739,-0.04385008,,
07:58:08.575,0.02076792,-0.021676384,-0.013187299,0.036857356,-0.032330931,-0.043861912,,
07:58:08.580,0.02078771,-0.021693559,-0.013175838,0.036867802,-0.032303984,-0.043848502,,
07:58:08.585,0.020782486,-0.021699101,-0.013152786,0.036813141,-0.032285767,-0.04381521,,
07:58:08.590,0.02076992,-0.021723283,-0.013187197,0.036858509,-0.032279255,-0.043815368,,
07:58:08.595,0.020773595,-0.021750956,-0.013201166,0.036919495,-0.032248474,-0.043822972,,
07:58:08.600,0.020785115,-0.021748215,-0.013166326,0.036864375,-0.032218027,-0.043795954,,
07:58:08.605,0.020792041,-0.021745905,-0.013185414,0.036870287,-0.032194285,-0.043788996,,
07:58:08.610,0.020772703,-0.021775362,-0.013216338,0.036955391,-0.032173092,-0.04381205,,
07:58:08.615,0.020767148,-0.021795958,-0.01319135,0.036935677,-0.032144626,-0.043803873,,
07:58:08.620,0.020787713,-0.021786969,-0.013183629,0.036886556,-0.03211606,-0.0437789,,
07:58:08.625,0.020783324,-0.021805299,-0.013226661,0.036965823,-0.032120403,-0.043795654,,
07:58:08.630,0.020760498,-0.021838294,-0.01321485,0.037009733,-0.032099318,-0.043802285,,
07:58:08.635,0.020774354,-0.021835211,-0.013186041,0.036940886,-0.032062757,-0.04376386,,
07:58:08.640,0.020797727,-0.021840581,-0.013218128,0.03696653,-0.032056694,-0.043752221,,
07:58:08.645,0.020781626,-0.021872123,-0.0132355,0.037044286,-0.032050009,-0.043760386,,
07:58:08.650,0.020756108,-0.021895782,-0.013203011,0.037003764,-0.032010224,-0.043735112,,
07:58:08.655,0.020785131,-0.021905259,-0.013207297,0.036968046,-0.03198504,-0.043709987,,
07:58:08.660,0.020806368,-0.02192034,-0.0132472,0.037040408,-0.031994069,-0.043716413,,
07:58:08.665,0.020768545,-0.02194302,-0.013224836,0.037054637,-0.031969297,-0.043710926,,
07:58:08.670,0.020759826,-0.021954781,-0.013211906,0.037009195,-0.031926306,-0.043682126,,
07:58:08.675,0.020802333,-0.021958693,-0.013250306,0.037045526,-0.031918845,-0.043675001,,
07:58:08.680,0.020806287,-0.021972961,-0.013251004,0.037085855,-0.031912416,-0.043687587,,
07:58:08.685,0.020757133,-0.021993194,-0.013217065,0.037066238,-0.03187693,-0.043679106,,
07:58:08.690,0.020762312,-0.022010384,-0.013242998,0.037079351,-0.031845172,-0.043662359,,
07:58:08.695,0.020808389,-0.022021253,-0.013259846,0.037113339,-0.031833849,-0.043666489,,
07:58:08.700,0.020789325,-0.022019492,-0.01323263,0.037103547,-0.031815291,-0.043666158,,
07:58:08.705,0.02075609,-0.022035448,-0.013238013,0.037122614,-0.031778603,-0.043661189,,
07:58:08.710,0.02077688,-0.022061799,-0.013266515,0.037165371,-0.031750199,-0.043658171,,
07:58:08.715,0.020802342,-0.022068413,-0.01324937,0.037135394,-0.031727167,-0.043639117,,
07:58:08.720,0.020781734,-0.022076337,-0.01324328,0.037128607,-0.031706281,-0.043633026,,
07:58:08.725,0.020759714,-0.022108134,-0.013283858,0.037205199,-0.031683353,-0.043637643,,
07:58:08.730,0.020786685,-0.022131079,-0.013273732,0.037198962,-0.031652483,-0.043620826,,
07:58:08.735,0.020803161,-0.022133634,-0.013248734,0.037149812,-0.031648262,-0.043598569,,
07:58:08.740,0.020785262,-0.022152413,-0.013272561,0.037220222,-0.031641796,-0.043596477,,
07:58:08.745,0.020778846,-0.02217486,-0.013284619,0.037274855,-0.031596989,-0.043587227,,
07:58:08.750,0.020789191,-0.022169794,-0.013251659,0.03721571,-0.031577656,-0.043557202,,
07:58:08.755,0.020791671,-0.022174324,-0.013266348,0.037213302,-0.031580815,-0.043550318,,
07:58:08.760,0.020764023,-0.022213643,-0.013298274,0.037296226,-0.031555651,-0.043564005,,
07:58:08.765,0.02077212,-0.022224434,-0.013266573,0.037263432,-0.031522931,-0.043548017,,
07:58:08.770,0.020791961,-0.022224358,-0.01326148,0.037215625,-0.031512367,-0.043528685,,
07:58:08.775,0.020786463,-0.022249173,-0.013306984,0.037295995,-0.031504992,-0.043548045,,
07:58:08.780,0.020777274,-0.022275223,-0.013304873,0.037338266,-0.031467919,-0.043553021,,
07:58:08.785,0.020775737,-0.022278213,-0.013278122,0.037269311,-0.031432029,-0.043510579,,
07:58:08.790,0.020797243,-0.022286018,-0.0133113,0.037289933,-0.031420058,-0.043508111,,
07:58:08.795,0.020790839,-0.022313238,-0.013325443,0.037366644,-0.031402069,-0.043531361,,
07:58:08.800,0.020771345,-0.022326403,-0.013297509,0.037326512,-0.031365127,-0.043514725,,
07:58:08.805,0.020792757,-0.022331897,-0.013308147,0.037316271,-0.03133849,-0.043495918,,
07:58:08.810,0.020806952,-0.022349392,-0.013342223,0.03739521,-0.031334875,-0.043508825,,
07:58:08.815,0.020782513,-0.022373644,-0.013309212,0.037398455,-0.031297622,-0.043507204,,
07:58:08.820,0.020780594,-0.022380631,-0.013292394,0.03736352,-0.031254659,-0.043476052,,
07:58:08.825,0.020804719,-0.02239555,-0.013335709,0.037408113,-0.031245717,-0.0434731,,
07:58:08.830,0.020800764,-0.022418157,-0.013326862,0.037443504,-0.031234785,-0.043473306,,
07:58:08.835,0.020768392,-0.0224346,-0.013296893,0.037414348,-0.031197512,-0.043447505,,
07:58:08.840,0.020784603,-0.022448506,-0.01332253,0.037431071,-0.031178337,-0.0434338,,
07:58:08.845,0.020811293,-0.022465208,-0.013351608,0.037475133,-0.031179222,-0.043431802,,
07:58:08.850,0.020788814,-0.022476263,-0.013320472,0.037454371,-0.031150047,-0.043420875,,
07:58:08.855,0.020779897,-0.022485189,-0.013328499,0.037455054,-0.031111485,-0.043405175,,
07:58:08.860,0.020802507,-0.022501393,-0.013363257,0.03750287,-0.031096645,-0.043402107,,
07:58:08.865,0.020803583,-0.022509262,-0.013344839,0.037493256,-0.031080443,-0.043399247,,
07:58:08.870,0.020771671,-0.022523324,-0.01333174,0.037474648,-0.031049321,-0.043392071,,
07:58:08.875,0.020793123,-0.022540262,-0.013366626,0.03752143,-0.031029226,-0.043390792,,
07:58:08.880,0.020815574,-0.022554245,-0.013367805,0.037540808,-0.031011684,-0.043391296,,
07:58:08.885,0.020793605,-0.022564259,-0.013345814,0.037518729,-0.030992508,-0.043374473,,
07:58:08.890,0.020788999,-0.022590349,-0.01337315,0.037551375,-0.030955482,-0.043360697,,
07:58:08.895,0.020816289,-0.022610853,-0.013388123,0.037584572,-0.030934736,-0.043354712,,
07:58:08.900,0.020814535,-0.022609507,-0.013363743,0.037559953,-0.030913804,-0.043347175,,
07:58:08.905,0.020793317,-0.022624624,-0.013365882,0.037571628,-0.030878783,-0.043345392,,
07:58:08.910,0.020815409,-0.022648239,-0.013395961,0.037627161,-0.030857465,-0.04334252,,
07:58:08.915,0.020817043,-0.022662671,-0.013369488,0.037607399,-0.030830974,-0.043324281,,
07:58:08.920,0.020792118,-0.022666265,-0.01336367,0.037580479,-0.030809467,-0.043311606,,
07:58:08.925,0.020794362,-0.02268442,-0.013393236,0.037639529,-0.03079256,-0.043314719,,
07:58:08.930,0.020812812,-0.022705558,-0.013386031,0.037660887,-0.03076787,-0.043298937,,
07:58:08.935,0.020795852,-0.022713745,-0.013364902,0.037620995,-0.030742541,-0.04327619,,
07:58:08.940,0.020782721,-0.022728715,-0.013389056,0.037660955,-0.030729582,-0.043282362,,
07:58:08.945,0.020790654,-0.022749615,-0.013409274,0.037724286,-0.030705865,-0.043289993,,
07:58:08.950,0.020803307,-0.022753448,-0.013385178,0.037677936,-0.030669996,-0.043267697,,
07:58:08.955,0.02079436,-0.022773684,-0.013402764,0.037683829,-0.030646888,-0.043255415,,
07:58:08.960,0.020791107,-0.022799954,-0.013433862,0.037756665,-0.030623581,-0.043266275,,
07:58:08.965,0.020804656,-0.022803918,-0.013410131,0.037728603,-0.030580781,-0.04324996,,
07:58:08.970,0.020808913,-0.022801984,-0.013399507,0.037692739,-0.030558329,-0.04322338,,
07:58:08.975,0.020802483,-0.022821966,-0.013443001,0.037770129,-0.030554396,-0.043238122,,
07:58:08.980,0.020800756,-0.022847003,-0.013430281,0.037797904,-0.030524459,-0.043236942,,
07:58:08.985,0.020811849,-0.022850594,-0.013400591,0.037736613,-0.030485662,-0.043201344,,
07:58:08.990,0.02082278,-0.022862469,-0.01343112,0.03776762,-0.030475161,-0.043197067,,
07:58:08.995,0.020805823,-0.022891004,-0.013447634,0.037850235,-0.030463397,-0.043213589,,
07:58:09.000,0.020795677,-0.022905137,-0.013412981,0.037811565,-0.030415508,-0.043192611,,
07:58:09.005,0.020820877,-0.022909242,-0.013422268,0.037775571,-0.030381671,-0.043166431,,
07:58:09.010,0.020828456,-0.022922928,-0.013463842,0.037861779,-0.030379277,-0.043184693,,
07:58:09.015,0.020783903,-0.022954234,-0.013439352,0.037878059,-0.030353574,-0.04319057,,
07:58:09.020,0.020772664,-0.022970861,-0.013427022,0.037821251,-0.030311759,-0.043161532,,
07:58:09.025,0.020835915,-0.022974103,-0.013463946,0.03784943,-0.030299364,-0.04315552,,
07:58:09.030,0.020821404,-0.022996497,-0.013468381,0.03790743,-0.030298908,-0.043165574,,
07:58:09.035,0.020771425,-0.023015269,-0.013439017,0.037887931,-0.030254177,-0.043141268,,
07:58:09.040,0.020809153,-0.023019085,-0.013459174,0.037890052,-0.030220628,-0.043114794,,
07:58:09.045,0.020828265,-0.023030899,-0.013477081,0.037940972,-0.030218015,-0.043119096,,
07:58:09.050,0.020802817,-0.023043649,-0.013444239,0.037922854,-0.030186635,-0.043111093,,
07:58:09.055,0.0207813,-0.023066296,-0.013445832,0.037914535,-0.03014897,-0.043090083,,
07:58:09.060,0.020815327,-0.023081777,-0.013475325,0.037966575,-0.030131158,-0.043090935,,
07:58:09.065,0.020834798,-0.023087418,-0.013460035,0.037967391,-0.030107098,-0.043085514,,
07:58:09.070,0.020802005,-0.023099731,-0.013446918,0.037952798,-0.030070107,-0.04306514,,
07:58:09.075,0.020799071,-0.023125546,-0.013482434,0.03801358,-0.030037363,-0.043058883,,
07:58:09.080,0.02082352,-0.023135111,-0.013481704,0.038023448,-0.030012146,-0.043050122,,
07:58:09.085,0.020814914,-0.023136568,-0.013460837,0.03797737,-0.029990816,-0.043038206,,
07:58:09.090,0.020801161,-0.023164025,-0.013483131,0.038015334,-0.029965644,-0.043040501,,
07:58:09.095,0.020812501,-0.023189905,-0.013507277,0.038063981,-0.029933521,-0.043045821,,
07:58:09.100,0.020826967,-0.023188564,-0.013475474,0.038013093,-0.029907031,-0.043025388,,
07:58:09.105,0.020820891,-0.023190373,-0.013478947,0.038015925,-0.029898364,-0.043008075,,
07:58:09.110,0.020808915,-0.023214157,-0.013508503,0.0381093,-0.029866152,-0.043008897,,
07:58:09.115,0.020816641,-0.023223887,-0.013485183,0.038099135,-0.029818328,-0.042990264,,
07:58:09.120,0.020818418,-0.023232581,-0.013474543,0.038050784,-0.029799928,-0.042964143,,
07:58:09.125,0.020813454,-0.023261337,-0.013505209,0.038114281,-0.029792651,-0.042971329,,
07:58:09.130,0.020797759,-0.023286251,-0.013499656,0.038153371,-0.029757073,-0.042980317,,
07:58:09.135,0.020804755,-0.023293174,-0.013472263,0.038093252,-0.029721098,-0.042952555,,
07:58:09.140,0.020831861,-0.023298234,-0.013504754,0.038115264,-0.029712371,-0.042943773,,
07:58:09.145,0.020816075,-0.023318817,-0.013520369,0.038195521,-0.029692893,-0.042955771,,
07:58:09.150,0.02079229,-0.023336039,-0.013496214,0.038167019,-0.029648563,-0.042933905,,
07:58:09.155,0.020806891,-0.023333339,-0.01350594,0.03813467,-0.029608361,-0.042907351,,
07:58:09.160,0.020832919,-0.023342983,-0.013546282,0.038203844,-0.02960443,-0.04291539,,
07:58:09.165,0.020804537,-0.023376312,-0.013522129,0.038214236,-0.029572175,-0.042909729,,
07:58:09.170,0.020801641,-0.023381998,-0.013503361,0.038167909,-0.029528375,-0.042879891,,
07:58:09.175,0.020836333,-0.023387992,-0.013542147,0.038227966,-0.029511543,-0.042878232,,
07:58:09.180,0.020819985,-0.023413889,-0.013535323,0.038273882,-0.029491419,-0.042881455,,
07:58:09.185,0.020792792,-0.023422439,-0.013507168,0.03822638,-0.029451273,-0.042855426,,
07:58:09.190,0.020817895,-0.023427262,-0.013532192,0.03823383,-0.029430057,-0.042840198,,
07:58:09.195,0.020824381,-0.023450262,-0.013558276,0.038294254,-0.029421008,-0.042855383,,
07:58:09.200,0.020807134,-0.023459716,-0.0135233,0.0382795,-0.029375509,-0.042849037,,
07:58:09.205,0.020800003,-0.023480123,-0.013529794,0.038275344,-0.029334327,-0.042829269,,
07:58:09.210,0.020825994,-0.02349402,-0.013565294,0.03832481,-0.02932041,-0.042830265,,
07:58:09.215,0.020831534,-0.023490686,-0.013548358,0.038325699,-0.029296887,-0.04282453,,
07:58:09.220,0.020790885,-0.023516752,-0.013529554,0.038311158,-0.029253159,-0.04280609,,
07:58:09.225,0.020802052,-0.023542252,-0.013565576,0.038350475,-0.029220231,-0.0427971,,
07:58:09.230,0.020834716,-0.023540118,-0.013563956,0.038357328,-0.029208562,-0.042786292,,
07:58:09.235,0.020809371,-0.023551267,-0.013535474,0.038334284,-0.029188768,-0.042780159,,
07:58:09.240,0.020788561,-0.023590858,-0.013563091,0.038379825,-0.029154353,-0.042778579,,
07:58:09.245,0.02082135,-0.023606718,-0.013573859,0.03840576,-0.029126262,-0.042765017,,
07:58:09.250,0.020818849,-0.02361068,-0.013542093,0.03837058,-0.02910747,-0.04274633,,
07:58:09.255,0.020784872,-0.023630143,-0.013546145,0.038381777,-0.0290758,-0.042735106,,
07:58:09.260,0.020799716,-0.023652969,-0.013576951,0.038444946,-0.029040026,-0.042734484,,
07:58:09.265,0.020819268,-0.023659618,-0.013550944,0.038417374,-0.02901221,-0.042713997,,
07:58:09.270,0.020809556,-0.023650923,-0.013552572,0.038402903,-0.02899272,-0.042707441,,
07:58:09.275,0.020805452,-0.02367834,-0.013588021,0.038487977,-0.028966069,-0.042720767,,
07:58:09.280,0.020814906,-0.023702323,-0.013580866,0.038508055,-0.028926248,-0.042710819,,
07:58:09.285,0.020816386,-0.02369254,-0.013556264,0.038447536,-0.028897885,-0.042685861,,
07:58:09.290,0.020821219,-0.023698644,-0.013582608,0.038490169,-0.028883015,-0.04268971,,
07:58:09.295,0.020808205,-0.023733868,-0.01359928,0.038562527,-0.028850276,-0.042693317,,
07:58:09.300,0.020813544,-0.02374088,-0.013562987,0.038500511,-0.028799205,-0.042651132,,
07:58:09.305,0.020817006,-0.023737729,-0.013579825,0.038480351,-0.028772043,-0.042630346,,
07:58:09.310,0.020814713,-0.023758265,-0.013611406,0.038562795,-0.028761559,-0.042641809,,
07:58:09.315,0.020814756,-0.023779552,-0.013590175,0.038571511,-0.028721369,-0.042620533,,
07:58:09.320,0.020818062,-0.023789496,-0.013570131,0.038520216,-0.028689531,-0.042581972,,
07:58:09.325,0.020824855,-0.023810731,-0.013609492,0.038580671,-0.028685218,-0.042589523,,
07:58:09.330,0.020818179,-0.02383443,-0.013600137,0.038625468,-0.02865944,-0.042600675,,
07:58:09.335,0.020808776,-0.023843883,-0.013565507,0.038565496,-0.028612556,-0.04257561,,
07:58:09.340,0.020815233,-0.023859973,-0.013589044,0.038578979,-0.028585495,-0.042566249,,
07:58:09.345,0.020821542,-0.023878742,-0.013612196,0.038652693,-0.028562968,-0.042571968,,
07:58:09.350,0.020790327,-0.02389679,-0.013579308,0.038625152,-0.028527321,-0.042550418,,
07:58:09.355,0.020795475,-0.02390022,-0.013586444,0.038611864,-0.028493164,-0.042528873,,
07:58:09.360,0.020814072,-0.023916605,-0.013624335,0.038691496,-0.028475772,-0.042537506,,
07:58:09.365,0.020809054,-0.023937149,-0.013597056,0.038697887,-0.0284491,-0.042534941,,
07:58:09.370,0.020799804,-0.023938428,-0.013584449,0.038659311,-0.028400344,-0.042513724,,
07:58:09.375,0.020810728,-0.023953404,-0.013623228,0.038706365,-0.028369602,-0.042510644,,
07:58:09.380,0.020824612,-0.023967958,-0.013626276,0.038731742,-0.028344864,-0.042514242,,
07:58:09.385,0.020804491,-0.023971635,-0.013589561,0.03869369,-0.028311426,-0.042493325,,
07:58:09.390,0.020808607,-0.023990317,-0.013618318,0.038722835,-0.028287018,-0.042481057,,
07:58:09.395,0.020835535,-0.024011664,-0.013639045,0.038774311,-0.028267235,-0.042481652,,
07:58:09.400,0.020823644,-0.02401941,-0.013610473,0.038745701,-0.028236236,-0.042455057,,
07:58:09.405,0.020802772,-0.024028964,-0.013617692,0.038742029,-0.028195552,-0.042433485,,
07:58:09.410,0.020826185,-0.024045506,-0.013652903,0.038801686,-0.02815655,-0.04243318,,
07:58:09.415,0.020809681,-0.024065098,-0.013633457,0.038790893,-0.028127372,-0.042416946,,
07:58:09.420,0.020790128,-0.02407598,-0.013612318,0.038757663,-0.028102224,-0.042398567,,
07:58:09.425,0.020808002,-0.024096695,-0.013647327,0.038816998,-0.028079183,-0.042406408,,
07:58:09.430,0.02082377,-0.024117549,-0.013642674,0.038839775,-0.028061133,-0.042406415,,
07:58:09.435,0.020798855,-0.024131345,-0.013615253,0.038799357,-0.028033207,-0.042391869,,
07:58:09.440,0.020779775,-0.024148077,-0.013636177,0.038837926,-0.02800877,-0.042387923,,
07:58:09.445,0.020810237,-0.024156919,-0.013653495,0.038884713,-0.027977566,-0.042385406,,
07:58:09.450,0.020813634,-0.024157778,-0.013620819,0.03885418,-0.027941297,-0.042364735,,
07:58:09.455,0.020796127,-0.02417924,-0.013631921,0.038858092,-0.02791588,-0.042353223,,
07:58:09.460,0.020788201,-0.024224132,-0.013661479,0.038926791,-0.027880969,-0.042356186,,
07:58:09.465,0.020820006,-0.024228012,-0.013641106,0.038910124,-0.027846812,-0.042337186,,
07:58:09.470,0.020807568,-0.024225466,-0.013635958,0.038875694,-0.027812114,-0.042316004,,
07:58:09.475,0.020797641,-0.024249462,-0.013670394,0.038948653,-0.02778939,-0.042321781,,
07:58:09.480,0.020803872,-0.024277294,-0.01366476,0.038973307,-0.027746304,-0.042313869,,
07:58:09.485,0.020810619,-0.024272074,-0.013633694,0.038904544,-0.027705577,-0.042281082,,
07:58:09.490,0.020818648,-0.024275373,-0.013661396,0.038939959,-0.027697142,-0.04227805,,
07:58:09.495,0.020809008,-0.024304908,-0.013673633,0.039027279,-0.027674291,-0.042293251,,
07:58:09.500,0.020800818,-0.024322111,-0.013642076,0.038990456,-0.027620505,-0.042269273,,
07:58:09.505,0.020815229,-0.024320687,-0.013652143,0.038960726,-0.027592509,-0.042241769,,
07:58:09.510,0.020825653,-0.024330365,-0.013696408,0.03903863,-0.027580128,-0.042250066,,
07:58:09.515,0.020798844,-0.024358959,-0.013673451,0.039050155,-0.027539186,-0.042244094,,
07:58:09.520,0.020801621,-0.024369561,-0.013651981,0.038989223,-0.027490024,-0.042212883,,
07:58:09.525,0.020824951,-0.024383483,-0.013689312,0.039034337,-0.027485481,-0.042214059,,
07:58:09.530,0.020827684,-0.024404996,-0.013685941,0.039079989,-0.027464494,-0.042217204,,
07:58:09.535,0.020794309,-0.024431277,-0.013656832,0.039051465,-0.0274167,-0.042192123,,
07:58:09.540,0.020792699,-0.024453267,-0.013675479,0.039067068,-0.027386877,-0.04216332,,
07:58:09.545,0.02083095,-0.024462026,-0.013693838,0.039113889,-0.027369152,-0.042153135,,
07:58:09.550,0.020808271,-0.024471417,-0.013661444,0.039094227,-0.027343747,-0.042138049,,
07:58:09.555,0.020769652,-0.024492733,-0.013670483,0.039101696,-0.027296698,-0.042132094,,
07:58:09.560,0.020806182,-0.024511968,-0.013698798,0.039145403,-0.027263492,-0.042133847,,
07:58:09.565,0.020838464,-0.024507468,-0.01368004,0.039139212,-0.027252595,-0.042128768,,
07:58:09.570,0.020813062,-0.024514948,-0.013663458,0.039135036,-0.027207124,-0.042127028,,
07:58:09.575,0.020812624,-0.024545164,-0.01369981,0.039207847,-0.027169364,-0.042128109,,
07:58:09.580,0.020839164,-0.024555197,-0.013704928,0.039214934,-0.027140035,-0.042116567,,
07:58:09.585,0.020840543,-0.024550516,-0.013678202,0.039163783,-0.027099969,-0.042092955,,
07:58:09.590,0.020817178,-0.024572306,-0.013708246,0.039218069,-0.027067228,-0.042088687,,
07:58:09.595,0.02081358,-0.024596899,-0.013721294,0.039264309,-0.02702307,-0.042085963,,
07:58:09.600,0.02082436,-0.024597285,-0.013691117,0.039208104,-0.02698756,-0.04205733,,
07:58:09.605,0.020814331,-0.0246058,-0.013696883,0.039207823,-0.02696523,-0.042043627,,
07:58:09.610,0.020806979,-0.024637709,-0.013736088,0.03929329,-0.026925756,-0.042044897,,
07:58:09.615,0.020820433,-0.024648438,-0.013715456,0.039269634,-0.026893726,-0.042018032,,
07:58:09.620,0.0208221,-0.024646627,-0.01369679,0.039226994,-0.026880917,-0.041989642,,
07:58:09.625,0.020815203,-0.024670661,-0.013720981,0.039303729,-0.026851526,-0.042004947,,
07:58:09.630,0.020817579,-0.02469766,-0.013719625,0.039331163,-0.026805843,-0.042001501,,
07:58:09.635,0.020818384,-0.024705586,-0.013693692,0.039258733,-0.026775729,-0.041967107,,
07:58:09.640,0.020823738,-0.024716604,-0.013722342,0.039292261,-0.026767211,-0.041969652,,
07:58:09.645,0.020809917,-0.024750156,-0.013742154,0.039381899,-0.026736806,-0.041983105,,
07:58:09.650,0.020814966,-0.024759567,-0.013702994,0.03932733,-0.026689013,-0.041942561,,
07:58:09.655,0.020829882,-0.024753873,-0.013709798,0.039313612,-0.026656501,-0.041918426,,
07:58:09.660,0.02081876,-0.024776582,-0.01374031,0.039415242,-0.026628654,-0.041935768,,
07:58:09.665,0.020797845,-0.024799165,-0.013724219,0.039413467,-0.026574236,-0.041921798,,
07:58:09.670,0.020816387,-0.024790795,-0.013703201,0.039348239,-0.026522216,-0.041888026,,
07:58:09.675,0.020828932,-0.024803413,-0.013742397,0.039413714,-0.026502889,-0.041899622,,
07:58:09.680,0.020795781,-0.024837651,-0.01373316,0.039481636,-0.026473067,-0.041916507,,
07:58:09.685,0.020789834,-0.024850867,-0.013698654,0.039425712,-0.026431675,-0.041881314,,
07:58:09.690,0.020832628,-0.024847793,-0.013723186,0.039414996,-0.026408118,-0.041849682,,
07:58:09.695,0.020836047,-0.024859244,-0.013751908,0.039500798,-0.026399298,-0.041861925,,
07:58:09.700,0.020788007,-0.024883592,-0.013714527,0.03949136,-0.026349569,-0.041853552,,
07:58:09.705,0.02081164,-0.024885219,-0.013717864,0.039446858,-0.026292972,-0.041818347,,
07:58:09.710,0.020861196,-0.024889051,-0.013767469,0.039500445,-0.026279052,-0.04181258,,
07:58:09.715,0.020826576,-0.024913886,-0.013749996,0.039545995,-0.026259804,-0.041825042,,
07:58:09.720,0.020775815,-0.024939917,-0.013733579,0.039517323,-0.026193156,-0.041802696,,
07:58:09.725,0.020825292,-0.024944301,-0.01376262,0.039511213,-0.026166885,-0.041775699,,
07:58:09.730,0.020851224,-0.024952296,-0.013764744,0.039552619,-0.026156497,-0.041776688,,
07:58:09.735,0.020793808,-0.024978567,-0.013723286,0.039559362,-0.026108096,-0.041774007,,
07:58:09.740,0.02078457,-0.025005941,-0.013740067,0.039563407,-0.026065073,-0.041749154,,
07:58:09.745,0.020827358,-0.025018803,-0.013758341,0.039574645,-0.026045295,-0.041728074,,
07:58:09.750,0.02083609,-0.025020119,-0.013730249,0.039563014,-0.026022717,-0.041721689,,
07:58:09.755,0.020796653,-0.025044343,-0.013728257,0.039602476,-0.025983033,-0.041715481,,
07:58:09.760,0.020806609,-0.025071158,-0.013758506,0.03964826,-0.025948403,-0.041707927,,
07:58:09.765,0.020847567,-0.02506151,-0.013744481,0.03961586,-0.025918507,-0.041694117,,
07:58:09.770,0.020826545,-0.025062776,-0.013734984,0.039611201,-0.025886073,-0.041682537,,
07:58:09.775,0.020812666,-0.025086388,-0.013773936,0.039686903,-0.025846092,-0.041687591,,
07:58:09.780,0.020830303,-0.025101443,-0.013771421,0.039694212,-0.025800793,-0.041675008,,
07:58:09.785,0.020836218,-0.025106578,-0.01374943,0.039643088,-0.025762446,-0.041655115,,
07:58:09.790,0.02082739,-0.025116862,-0.013775195,0.039693539,-0.025729056,-0.041659059,,
07:58:09.795,0.020817145,-0.025142809,-0.013797479,0.039764044,-0.0256973,-0.04165317,,
07:58:09.800,0.020819624,-0.025154494,-0.013765214,0.039706428,-0.025637208,-0.041617188,,
07:58:09.805,0.020833837,-0.02515515,-0.013774324,0.039685524,-0.025597039,-0.041599062,,
07:58:09.810,0.020829178,-0.025174245,-0.013797323,0.039773243,-0.025576879,-0.041604112,,
07:58:09.815,0.020807937,-0.025189843,-0.013770221,0.039766733,-0.02552786,-0.041581218,,
07:58:09.820,0.020804622,-0.025201347,-0.013755333,0.039701687,-0.025495447,-0.041547945,,
07:58:09.825,0.020820177,-0.025227766,-0.013788244,0.039754479,-0.025486333,-0.041549175,,
07:58:09.830,0.020813837,-0.025255179,-0.013785381,0.039813223,-0.025468531,-0.041552206,,
07:58:09.835,0.020811332,-0.025254671,-0.013752705,0.039763811,-0.025425354,-0.041525844,,
07:58:09.840,0.020816072,-0.025267422,-0.013786916,0.039792087,-0.025391637,-0.041515197,,
07:58:09.845,0.020818831,-0.025284427,-0.013808313,0.039860643,-0.025363738,-0.04152187,,
07:58:09.850,0.020813163,-0.025279234,-0.013777827,0.039825857,-0.025311283,-0.041498789,,
07:58:09.855,0.020807118,-0.025285942,-0.013779416,0.039803339,-0.025266727,-0.041478413,,
07:58:09.860,0.020814813,-0.02531311,-0.013814204,0.039876386,-0.025246256,-0.041488145,,
07:58:09.865,0.020804718,-0.025327873,-0.01379075,0.039885482,-0.025208207,-0.041482937,,
07:58:09.870,0.020802757,-0.025328031,-0.013771931,0.039834427,-0.025160393,-0.041457777,,
07:58:09.875,0.020823152,-0.025342776,-0.013807932,0.039886304,-0.02512299,-0.041454413,,
07:58:09.880,0.02081034,-0.025364256,-0.013807854,0.03993684,-0.025092847,-0.041456208,,
07:58:09.885,0.020784392,-0.025379672,-0.013775438,0.039887063,-0.02504938,-0.041421258,,
07:58:09.890,0.020818219,-0.02538167,-0.01379745,0.039888368,-0.025004952,-0.041392874,,
07:58:09.895,0.020830924,-0.025400121,-0.013819415,0.03997159,-0.024993138,-0.041398205,,
07:58:09.900,0.020779944,-0.025426783,-0.013785971,0.039968981,-0.024963652,-0.041385485,,
07:58:09.905,0.020781994,-0.025433916,-0.013793108,0.039934727,-0.024900216,-0.041352938,,
07:58:09.910,0.020840494,-0.025434545,-0.013822707,0.039976531,-0.024871049,-0.041347599,,
07:58:09.915,0.020818056,-0.025456178,-0.013809672,0.039999247,-0.024848233,-0.041348629,,
07:58:09.920,0.020767335,-0.025487741,-0.013787321,0.03997471,-0.024790424,-0.041334329,,
07:58:09.925,0.020800895,-0.025499529,-0.013813668,0.039994289,-0.024747576,-0.041322085,,
07:58:09.930,0.020837583,-0.02550141,-0.013810545,0.040020765,-0.024730371,-0.041317102,,
07:58:09.935,0.020808104,-0.025513757,-0.013779728,0.040010475,-0.024706327,-0.041308257,,
07:58:09.940,0.020774248,-0.025544125,-0.013799891,0.040049675,-0.024662157,-0.041297162,,
07:58:09.945,0.020810163,-0.025561415,-0.013820583,0.040073132,-0.024615936,-0.041277286,,
07:58:09.950,0.020833154,-0.025550885,-0.013796329,0.0400282,-0.024582177,-0.041251548,,
07:58:09.955,0.02079042,-0.025555277,-0.013793822,0.040045012,-0.024559355,-0.041244059,,
07:58:09.960,0.020774514,-0.025594597,-0.013825588,0.040129513,-0.024512727,-0.041243664,,
07:58:09.965,0.020805727,-0.025603579,-0.013805366,0.040093638,-0.024459325,-0.041216577,,
07:58:09.970,0.020822062,-0.025593479,-0.013795145,0.040038545,-0.024437401,-0.041192531,,
07:58:09.975,0.020804327,-0.025618714,-0.013828988,0.040138389,-0.024406161,-0.041200709,,
07:58:09.980,0.020797779,-0.025648571,-0.013826414,0.040187708,-0.024345753,-0.041189367,,
07:58:09.985,0.020818592,-0.02564785,-0.013792617,0.040106094,-0.024296612,-0.041151032,,
07:58:09.990,0.020827299,-0.025643988,-0.013817451,0.040138197,-0.024278928,-0.041143946,,
07:58:09.995,0.0207964,-0.025674802,-0.013834022,0.040236751,-0.024243493,-0.041158336,,
07:58:10.000,0.020772393,-0.025695476,-0.013800271,0.040189044,-0.024186332,-0.041133678,,
07:58:10.005,0.020800665,-0.025695479,-0.013810143,0.040136487,-0.024150008,-0.041106621,,
07:58:10.010,0.02082923,-0.025705546,-0.013845538,0.040217173,-0.024135679,-0.041115614,,
07:58:10.015,0.020794703,-0.025722559,-0.013828908,0.040253982,-0.024085748,-0.041107006,,
07:58:10.020,0.020775641,-0.025732331,-0.013806482,0.040200265,-0.02401684,-0.041067956,,
07:58:10.025,0.020813079,-0.025741618,-0.013844546,0.040230302,-0.023998904,-0.041060757,,
07:58:10.030,0.0208155,-0.025753704,-0.01384008,0.040280711,-0.023986858,-0.041060347,,
07:58:10.035,0.020781937,-0.025768221,-0.01380395,0.040256012,-0.023943466,-0.041032513,,
07:58:10.040,0.020791415,-0.025787148,-0.013814958,0.040264853,-0.023919996,-0.041014969,,
07:58:10.045,0.020810288,-0.025809013,-0.013836349,0.040314824,-0.023902735,-0.041015999,,
07:58:10.050,0.02078675,-0.025819943,-0.013809051,0.040292015,-0.023853202,-0.04099903,,
07:58:10.055,0.020782562,-0.02581731,-0.013808564,0.040275519,-0.023795288,-0.040971257,,
07:58:10.060,0.020789699,-0.025836764,-0.013845722,0.040338019,-0.023756359,-0.0409666,,
07:58:10.065,0.02077511,-0.025853666,-0.013824449,0.040333494,-0.023721036,-0.040960217,,
07:58:10.070,0.02076235,-0.025864839,-0.013808307,0.040299523,-0.023669213,-0.040939324,,
07:58:10.075,0.020797806,-0.025874552,-0.013841092,0.040354339,-0.023628039,-0.040931085,,
07:58:10.080,0.020802394,-0.025898438,-0.013846579,0.040400576,-0.02359578,-0.040937579,,
07:58:10.085,0.020767673,-0.02591069,-0.013809484,0.040360722,-0.023549257,-0.040914138,,
07:58:10.090,0.020779921,-0.025911667,-0.013830327,0.040380677,-0.02349582,-0.040889538,,
07:58:10.095,0.020812248,-0.025926385,-0.013848212,0.040434099,-0.023461705,-0.040886295,,
07:58:10.100,0.02077971,-0.025940583,-0.013817176,0.04041814,-0.023435556,-0.040876667,,
07:58:10.105,0.020754607,-0.025958278,-0.013810694,0.040402476,-0.023384913,-0.040857804,,
07:58:10.110,0.02079159,-0.025972641,-0.01384921,0.040448487,-0.023351841,-0.040846034,,
07:58:10.115,0.020804538,-0.025981598,-0.013834696,0.04044806,-0.023324398,-0.040833259,,
07:58:10.120,0.020776405,-0.025997951,-0.013810499,0.040429372,-0.023287989,-0.040814141,,
07:58:10.125,0.020767956,-0.026024935,-0.013847398,0.040486131,-0.02324596,-0.040802244,,
07:58:10.130,0.020804126,-0.026028811,-0.013843488,0.040498299,-0.02321076,-0.040781666,,
07:58:10.135,0.02079092,-0.026027822,-0.013812961,0.040464432,-0.023178453,-0.040756655,,
07:58:10.140,0.020756849,-0.026055874,-0.013828697,0.040513689,-0.023141767,-0.040747106,,
07:58:10.145,0.02076708,-0.026089219,-0.013849177,0.040561987,-0.023094243,-0.040743405,,
07:58:10.150,0.020784321,-0.026088969,-0.013815117,0.040507978,-0.02305137,-0.04071892,,
07:58:10.155,0.020766352,-0.026088604,-0.01382095,0.040506036,-0.023023726,-0.0407073,,
07:58:10.160,0.020758494,-0.026114074,-0.013851681,0.040585394,-0.022981827,-0.040718822,,
07:58:10.165,0.020771066,-0.02613645,-0.013834064,0.040565967,-0.022922059,-0.040698303,,
07:58:10.170,0.020771681,-0.026136771,-0.013820208,0.040505703,-0.022884038,-0.040669404,,
07:58:10.175,0.020772224,-0.026142787,-0.013855565,0.040573343,-0.022855404,-0.040674114,,
07:58:10.180,0.020766906,-0.026172061,-0.013853003,0.040629177,-0.022814878,-0.040672387,,
07:58:10.185,0.020772124,-0.02618073,-0.01381852,0.040569562,-0.022769455,-0.040640859,,
07:58:10.190,0.020776282,-0.026193829,-0.013842358,0.040588568,-0.022736987,-0.040623999,,
07:58:10.195,0.020764807,-0.026210297,-0.013861484,0.040666385,-0.022709698,-0.040625407,,
07:58:10.200,0.02076172,-0.026206289,-0.013834676,0.040632695,-0.022651129,-0.040595153,,
07:58:10.205,0.020771656,-0.026213694,-0.013832943,0.040610883,-0.022604793,-0.040562401,,
07:58:10.210,0.020773416,-0.026238246,-0.013869067,0.040693181,-0.022576963,-0.040571535,,
07:58:10.215,0.02076618,-0.026250599,-0.013842348,0.040702842,-0.022516798,-0.04056215,,
07:58:10.220,0.020767668,-0.026255594,-0.013821729,0.040647692,-0.02246923,-0.040527583,,
07:58:10.225,0.020774622,-0.02628002,-0.013855966,0.04070376,-0.022446533,-0.040529396,,
07:58:10.230,0.020778994,-0.026301873,-0.013851435,0.040754903,-0.022419516,-0.040537425,,
07:58:10.235,0.020750091,-0.026309761,-0.013820108,0.040709528,-0.022359336,-0.040504371,,
07:58:10.240,0.020756834,-0.026315939,-0.013846836,0.040713217,-0.022312262,-0.040478005,,
07:58:10.245,0.020770986,-0.026337942,-0.013870015,0.04076622,-0.022288672,-0.040477314,,
07:58:10.250,0.02074116,-0.026348118,-0.013838965,0.040737569,-0.022247846,-0.040452845,,
07:58:10.255,0.020737376,-0.026353936,-0.013846809,0.040713357,-0.022194635,-0.04042924,,
07:58:10.260,0.020771269,-0.026373266,-0.013878263,0.040774995,-0.022163942,-0.040432403,,
07:58:10.265,0.020755542,-0.026397904,-0.013860842,0.040795326,-0.022128443,-0.040420639,,
07:58:10.270,0.020732898,-0.026403302,-0.013836873,0.040757179,-0.022075372,-0.040391764,,
07:58:10.275,0.020764728,-0.026410223,-0.013868782,0.040807159,-0.022039772,-0.040380603,,
07:58:10.280,0.02078444,-0.026426609,-0.013863266,0.040861498,-0.022008771,-0.04038145,,
07:58:10.285,0.020753241,-0.026435546,-0.013830061,0.040827649,-0.021967325,-0.040353917,,
07:58:10.290,0.020736543,-0.026454861,-0.013848318,0.040833981,-0.021911881,-0.040334345,,
07:58:10.295,0.020771822,-0.02646125,-0.013861807,0.04086965,-0.021882827,-0.04033328,,
07:58:10.300,0.02076837,-0.026461062,-0.013829231,0.040856753,-0.021850678,-0.040318437,,
07:58:10.305,0.020740324,-0.026474474,-0.013825989,0.04085939,-0.02179478,-0.040297853,,
07:58:10.310,0.020750527,-0.02649627,-0.013865383,0.040913414,-0.021746464,-0.040287077,,
07:58:10.315,0.020764848,-0.026498678,-0.013846558,0.040904209,-0.021700413,-0.040269053,,
07:58:10.320,0.020745851,-0.026503747,-0.013830308,0.040880343,-0.021665574,-0.040257054,,
07:58:10.325,0.020730755,-0.026531399,-0.013864573,0.040935541,-0.021621296,-0.040255531,,
07:58:10.330,0.020738308,-0.026557239,-0.013870819,0.040958111,-0.021569599,-0.040245918,,
07:58:10.335,0.020744546,-0.026558295,-0.0138426,0.040899616,-0.021532444,-0.040221087,,
07:58:10.340,0.02074098,-0.026573152,-0.013866182,0.040929934,-0.02151041,-0.040211378,,
07:58:10.345,0.020747303,-0.02660349,-0.013882768,0.04100422,-0.021464146,-0.040202104,,
07:58:10.350,0.02075306,-0.026605676,-0.013854405,0.040968849,-0.021406494,-0.040173907,,
07:58:10.355,0.020745956,-0.026609822,-0.013852654,0.040957141,-0.021367047,-0.040147167,,
07:58:10.360,0.02074479,-0.026630254,-0.013875746,0.041022655,-0.021337878,-0.040139935,,
07:58:10.365,0.020746304,-0.026648977,-0.013858284,0.041017376,-0.021285305,-0.040125553,,
07:58:10.370,0.020737752,-0.026656575,-0.013836432,0.040980862,-0.021235425,-0.040097903,,
07:58:10.375,0.020746313,-0.026665284,-0.013869065,0.041039675,-0.02121134,-0.040097955,,
07:58:10.380,0.020743275,-0.026688498,-0.013864298,0.041076077,-0.021174646,-0.040091348,,
07:58:10.385,0.020734751,-0.026696625,-0.013838486,0.04101763,-0.021115012,-0.04005604,,
07:58:10.390,0.020751452,-0.026698019,-0.013859307,0.041039559,-0.021075037,-0.040046965,,
07:58:10.395,0.020740404,-0.026719938,-0.013884377,0.041126306,-0.021049244,-0.040055765,,
07:58:10.400,0.020715591,-0.026735425,-0.013853456,0.041092232,-0.020986062,-0.040030165,,
07:58:10.405,0.020726478,-0.026736258,-0.013852323,0.041049995,-0.020927453,-0.039995405,,
07:58:10.410,0.020746644,-0.026752979,-0.013881964,0.04112565,-0.020894752,-0.040001926,,
07:58:10.415,0.0207396,-0.026767885,-0.013856383,0.041148712,-0.020846469,-0.039987223,,
07:58:10.420,0.020709946,-0.02677374,-0.013840489,0.041110404,-0.020790463,-0.039943288,,
07:58:10.425,0.020734407,-0.026778441,-0.013872939,0.041142219,-0.020745894,-0.039928368,,
07:58:10.430,0.020742133,-0.026800546,-0.013873307,0.041184804,-0.020715568,-0.039929656,,
07:58:10.435,0.02070325,-0.026826521,-0.013834754,0.041159133,-0.02067598,-0.039910688,,
07:58:10.440,0.02071557,-0.026838687,-0.013853881,0.041163445,-0.020620713,-0.039884371,,
07:58:10.445,0.020744772,-0.026843223,-0.013876649,0.041208428,-0.020591551,-0.039873302,,
07:58:10.450,0.020729472,-0.026848721,-0.013846996,0.041202266,-0.020552364,-0.039863051,,
07:58:10.455,0.020693807,-0.026870228,-0.013836935,0.041202444,-0.020493678,-0.039843736,,
07:58:10.460,0.020729883,-0.026878022,-0.013868005,0.041241506,-0.020455506,-0.039827934,,
07:58:10.465,0.020752183,-0.026877917,-0.01385222,0.041239829,-0.020419825,-0.039813313,,
07:58:10.470,0.02070069,-0.02689376,-0.013834007,0.041224185,-0.020385067,-0.039796439,,
07:58:10.475,0.020680871,-0.026918716,-0.013865072,0.04126569,-0.020334703,-0.039793279,,
07:58:10.480,0.020723159,-0.026919423,-0.013867139,0.041269734,-0.02028352,-0.039779685,,
07:58:10.485,0.020724684,-0.026914603,-0.013842083,0.041226084,-0.020241244,-0.039756319,,
07:58:10.490,0.02068493,-0.026940607,-0.013854414,0.04127784,-0.020196038,-0.03974908,,
07:58:10.495,0.020694503,-0.026972588,-0.013874364,0.041334426,-0.020144046,-0.039735029,,
07:58:10.500,0.020733095,-0.026967226,-0.013846018,0.041278994,-0.020095872,-0.039704051,,
07:58:10.505,0.020716745,-0.026969563,-0.013850469,0.041297984,-0.02006609,-0.039691956,,
07:58:10.510,0.020690385,-0.027007815,-0.013873433,0.041386904,-0.020020787,-0.0396872,,
07:58:10.515,0.020712873,-0.027020475,-0.013846752,0.041355923,-0.019961474,-0.03965673,,
07:58:10.520,0.020724194,-0.027005076,-0.013832005,0.041293134,-0.019927622,-0.039629748,,
07:58:10.525,0.020701393,-0.027022685,-0.013870325,0.041362871,-0.019889812,-0.039634396,,
07:58:10.530,0.020695411,-0.027049758,-0.013862743,0.041402826,-0.019836042,-0.039627728,,
07:58:10.535,0.020702524,-0.02704365,-0.013826404,0.041333917,-0.019789387,-0.039595112,,
07:58:10.540,0.020707859,-0.027048754,-0.013854549,0.041359318,-0.019748039,-0.039589102,,
07:58:10.545,0.020698984,-0.027082875,-0.013873276,0.041447626,-0.019708727,-0.039591751,,
07:58:10.550,0.020685993,-0.027100065,-0.013837421,0.041420433,-0.019653969,-0.039549052,,
07:58:10.555,0.02069731,-0.02709714,-0.013834448,0.04138254,-0.01960129,-0.039513624,,
07:58:10.560,0.0207092,-0.027110971,-0.013872761,0.041459927,-0.019569721,-0.03951418,,
07:58:10.565,0.020692846,-0.027133636,-0.013849346,0.041473952,-0.019512539,-0.039497347,,
07:58:10.570,0.020687111,-0.027138537,-0.013825733,0.041414822,-0.019456373,-0.03945817,,
07:58:10.575,0.020695715,-0.027146419,-0.013857172,0.041452743,-0.019423449,-0.039454693,,
07:58:10.580,0.020691346,-0.027167503,-0.013857934,0.041508512,-0.01938141,-0.039457772,,
07:58:10.585,0.020670865,-0.027182841,-0.013819589,0.041471628,-0.019334467,-0.039420702,,
07:58:10.590,0.020685121,-0.027186865,-0.013838496,0.041479564,-0.019285106,-0.039393325,,
07:58:10.595,0.020704092,-0.027200597,-0.013869893,0.041556229,-0.01925304,-0.039400558,,
07:58:10.600,0.020684147,-0.027208611,-0.013836759,0.041540887,-0.019207927,-0.039386624,,
07:58:10.605,0.020671469,-0.027212876,-0.013836279,0.041518001,-0.019136984,-0.039355792,,
07:58:10.610,0.020696316,-0.027224583,-0.013868509,0.041563231,-0.019092227,-0.039347376,,
07:58:10.615,0.020679858,-0.027246818,-0.013854457,0.0415724,-0.019048399,-0.039343213,,
07:58:10.620,0.020651236,-0.027251614,-0.013834539,0.041533821,-0.018981803,-0.039321862,,
07:58:10.625,0.020682547,-0.027260517,-0.013867386,0.041560676,-0.018926458,-0.039298703,,
07:58:10.630,0.020690527,-0.027287715,-0.013865404,0.041608665,-0.018902787,-0.039287767,,
07:58:10.635,0.020666329,-0.027287893,-0.013823573,0.041590514,-0.018862215,-0.03925795,,
07:58:10.640,0.020666516,-0.027301958,-0.013831287,0.041599831,-0.018817145,-0.039228759,,
07:58:10.645,0.020695557,-0.027317648,-0.013852051,0.041654474,-0.018783873,-0.039210043,,
07:58:10.650,0.020689896,-0.027327381,-0.013819188,0.041635977,-0.018739116,-0.039185575,,
07:58:10.655,0.020658225,-0.027345692,-0.013812504,0.041617469,-0.01869581,-0.039167948,,
07:58:10.660,0.020661004,-0.027356678,-0.013849876,0.041672532,-0.01864765,-0.039169376,,
07:58:10.665,0.020670726,-0.027360225,-0.013834491,0.041665979,-0.018599126,-0.03916077,,
07:58:10.670,0.020650986,-0.027362235,-0.013815111,0.041639959,-0.018555621,-0.039134213,,
07:58:10.675,0.020649434,-0.027378079,-0.013843312,0.041683295,-0.0185032,-0.03912409,,
07:58:10.680,0.020665247,-0.027394743,-0.013849639,0.041713274,-0.018449551,-0.039114295,,
07:58:10.685,0.020654163,-0.027393631,-0.01381781,0.041672945,-0.018396057,-0.039084398,,
07:58:10.690,0.020648001,-0.02740228,-0.013833388,0.041690426,-0.01834458,-0.039069735,,
07:58:10.695,0.020645082,-0.027429547,-0.013849297,0.041763291,-0.018301286,-0.039068368,,
07:58:10.700,0.020649623,-0.027433188,-0.013823161,0.041733044,-0.018247245,-0.039045326,,
07:58:10.705,0.020651706,-0.027432022,-0.013823762,0.041707462,-0.018201631,-0.039018336,,
07:58:10.710,0.020650026,-0.027450445,-0.013846932,0.041789808,-0.018163988,-0.039015872,,
07:58:10.715,0.020644315,-0.027471355,-0.013824288,0.041795661,-0.018097091,-0.038990682,,
07:58:10.720,0.020651494,-0.027475844,-0.013802114,0.041734066,-0.018041801,-0.038953685,,
07:58:10.725,0.020661324,-0.02748552,-0.013831731,0.041788681,-0.018008897,-0.038940443,,
07:58:10.730,0.020643028,-0.027509433,-0.013825935,0.041840545,-0.017969453,-0.038924076,,
07:58:10.735,0.020625519,-0.027522383,-0.013789807,0.04178198,-0.017910356,-0.038886679,,
07:58:10.740,0.020641727,-0.027527702,-0.013805169,0.041787212,-0.017877656,-0.038861481,,
07:58:10.745,0.020643439,-0.027542236,-0.013833247,0.041867843,-0.017854072,-0.038864433,,
07:58:10.750,0.020620797,-0.027550273,-0.013801337,0.041847536,-0.01778147,-0.038845669,,
07:58:10.755,0.02062036,-0.027552214,-0.01380096,0.04180417,-0.017723671,-0.038815569,,
07:58:10.760,0.020633741,-0.027567979,-0.013839006,0.041868368,-0.017699714,-0.038827194,,
07:58:10.765,0.020628992,-0.027584478,-0.013818639,0.041889238,-0.017648262,-0.03882399,,
07:58:10.770,0.020606187,-0.027595452,-0.013795648,0.041838632,-0.017586118,-0.038787833,,
07:58:10.775,0.020624734,-0.027608265,-0.013828996,0.041877407,-0.017542107,-0.038772823,,
07:58:10.780,0.020644941,-0.027625367,-0.013834064,0.041929254,-0.017504567,-0.038764525,,
07:58:10.785,0.020620882,-0.027637276,-0.013799487,0.04189569,-0.017450497,-0.038732758,,
07:58:10.790,0.020618017,-0.027649642,-0.013816732,0.041913669,-0.017384994,-0.038709481,,
07:58:10.795,0.020636813,-0.027667499,-0.013838896,0.041962333,-0.017332714,-0.038703013,,
07:58:10.800,0.020615277,-0.027682571,-0.013810531,0.041930307,-0.017282213,-0.038681635,,
07:58:10.805,0.020602332,-0.027682321,-0.013803505,0.041917169,-0.017223763,-0.038651758,,
07:58:10.810,0.020611387,-0.027702486,-0.013837616,0.041993509,-0.017175036,-0.038641225,,
07:58:10.815,0.020620004,-0.027721669,-0.013817137,0.041980724,-0.017129386,-0.038617799,,
07:58:10.820,0.020611784,-0.027719325,-0.013792001,0.041938018,-0.017076108,-0.038584354,,
07:58:10.825,0.020597688,-0.02773646,-0.013821168,0.042009535,-0.017038976,-0.038578223,,
07:58:10.830,0.020615214,-0.02775295,-0.013819473,0.042032579,-0.016989232,-0.038568291,,
07:58:10.835,0.020613495,-0.027753628,-0.013787144,0.041978025,-0.016947829,-0.038534252,,
07:58:10.840,0.020595899,-0.027762936,-0.013803785,0.042011369,-0.016919948,-0.038519636,,
07:58:10.845,0.020598308,-0.027781696,-0.013822793,0.042078545,-0.01686122,-0.038516605,,
07:58:10.850,0.020603613,-0.027788069,-0.013786489,0.042039842,-0.016805975,-0.038484221,,
07:58:10.855,0.020590177,-0.027789415,-0.013788382,0.042012712,-0.016758987,-0.038458707,,
07:58:10.860,0.020584385,-0.027806206,-0.013821887,0.042077645,-0.016705121,-0.038454923,,
07:58:10.865,0.020582344,-0.027825927,-0.013798089,0.042082175,-0.016646762,-0.0384393,,
07:58:10.870,0.020582877,-0.027816814,-0.013773457,0.04202868,-0.016589725,-0.038407912,,
07:58:10.875,0.020578717,-0.027838812,-0.013810173,0.042087622,-0.016552431,-0.038406538,,
07:58:10.880,0.020579384,-0.027862734,-0.013810411,0.042123071,-0.01649853,-0.038393913,,
07:58:10.885,0.02058129,-0.027857355,-0.013776308,0.042074638,-0.016444702,-0.038350633,,
07:58:10.890,0.020581241,-0.027870098,-0.013792932,0.042104613,-0.016415385,-0.038335454,,
07:58:10.895,0.02057454,-0.027895917,-0.013807514,0.042167667,-0.016359709,-0.03833295,,
07:58:10.900,0.020563806,-0.027911187,-0.013765536,0.042129706,-0.016298167,-0.038293543,,
07:58:10.905,0.020571369,-0.027906023,-0.013762126,0.042094479,-0.016245772,-0.038257931,,
07:58:10.910,0.020569458,-0.027918993,-0.013799536,0.042162943,-0.016205806,-0.038257598,,
07:58:10.915,0.020553765,-0.027943631,-0.013776439,0.042186171,-0.016147878,-0.038242743,,
07:58:10.920,0.02055101,-0.027944348,-0.013750427,0.042131165,-0.016075821,-0.038204787,,
07:58:10.925,0.020563028,-0.027951014,-0.013783666,0.042173728,-0.016041737,-0.03819463,,
07:58:10.930,0.020559083,-0.027961519,-0.013786724,0.042230009,-0.015991533,-0.038197951,,
07:58:10.935,0.020535928,-0.027967952,-0.013748061,0.042183082,-0.015929752,-0.038166396,,
07:58:10.940,0.020551463,-0.027978578,-0.013765582,0.042189637,-0.015880941,-0.038141219,,
07:58:10.945,0.020559045,-0.027992388,-0.013789328,0.04225426,-0.015845288,-0.038138779,,
07:58:10.950,0.020535515,-0.028002377,-0.013752329,0.042234368,-0.015803002,-0.038112438,,
07:58:10.955,0.020532416,-0.028010866,-0.013746367,0.042215484,-0.015736149,-0.038077774,,
07:58:10.960,0.02056105,-0.02802316,-0.013778242,0.042264598,-0.015689082,-0.038066711,,
07:58:10.965,0.020554132,-0.028046885,-0.013757527,0.042276223,-0.015647116,-0.038050824,,
07:58:10.970,0.020526874,-0.028053719,-0.013724315,0.042232774,-0.015580523,-0.038015802,,
07:58:10.975,0.020546036,-0.028060343,-0.013751289,0.042261968,-0.015528527,-0.03800431,,
07:58:10.980,0.020551122,-0.028080489,-0.013760211,0.042312665,-0.01549483,-0.037996405,,
07:58:10.985,0.020510897,-0.028096869,-0.013730316,0.042280376,-0.015443499,-0.037966416,,
07:58:10.990,0.020507945,-0.028107162,-0.013744504,0.042281875,-0.015378222,-0.037940819,,
07:58:10.995,0.020546081,-0.02810609,-0.013771499,0.042335675,-0.01533439,-0.037931021,,
07:58:11.000,0.020529577,-0.028114232,-0.013747334,0.042325287,-0.015284893,-0.037919378,,
07:58:11.005,0.020513064,-0.028122091,-0.013745479,0.042318938,-0.015222589,-0.037898286,,
07:58:11.010,0.020532021,-0.028131363,-0.013782761,0.042369252,-0.015158617,-0.0378822,,
07:58:11.015,0.02054245,-0.028139314,-0.013771805,0.042371839,-0.015109431,-0.037869424,,
07:58:11.020,0.020512365,-0.028152327,-0.013750668,0.042345378,-0.015059673,-0.037843255,,
07:58:11.025,0.020500974,-0.028172497,-0.013773713,0.042378471,-0.01500323,-0.037827801,,
07:58:11.030,0.020529459,-0.02819002,-0.013775943,0.042395788,-0.014946584,-0.037816686,,
07:58:11.035,0.020523093,-0.028192808,-0.013741528,0.042357167,-0.014892485,-0.037782644,,
07:58:11.040,0.020496933,-0.028208097,-0.013756503,0.042389324,-0.014856707,-0.037754747,,
07:58:11.045,0.020504644,-0.028227836,-0.013772306,0.042439243,-0.014802801,-0.037733067,,
07:58:11.050,0.020515148,-0.028229832,-0.013737625,0.042396302,-0.014743459,-0.037694837,,
07:58:11.055,0.020507009,-0.028230798,-0.013735085,0.042384031,-0.01469747,-0.03767628,,
07:58:11.060,0.020491076,-0.028254487,-0.013764463,0.042460271,-0.014647634,-0.037672561,,
07:58:11.065,0.020483646,-0.028262085,-0.013743465,0.042457264,-0.014583459,-0.037651135,,
07:58:11.070,0.020493522,-0.028247493,-0.013716395,0.042394112,-0.014526959,-0.037616352,,
07:58:11.075,0.02049205,-0.028266952,-0.013745333,0.042457874,-0.014484889,-0.037610256,,
07:58:11.080,0.020473199,-0.028283268,-0.013744145,0.042520666,-0.014426613,-0.037601589,,
07:58:11.085,0.02046641,-0.028286109,-0.013713208,0.042468468,-0.014355615,-0.037561259,,
07:58:11.090,0.020492068,-0.028287065,-0.013731949,0.042474443,-0.014316839,-0.037545182,,
07:58:11.095,0.020480599,-0.02830233,-0.013754071,0.042558913,-0.014278477,-0.037545805,,
07:58:11.100,0.020446426,-0.028318401,-0.013714313,0.042536211,-0.014208586,-0.037509659,,
07:58:11.105,0.020459194,-0.028312129,-0.013711871,0.042481833,-0.014143615,-0.037476851,,
07:58:11.110,0.020494481,-0.028318255,-0.01374442,0.042532959,-0.014100395,-0.037469191,,
07:58:11.115,0.02046697,-0.028339767,-0.013725975,0.042563267,-0.014051851,-0.037454401,,
07:58:11.120,0.020432216,-0.028352039,-0.013701058,0.042510613,-0.013973369,-0.037412951,,
07:58:11.125,0.020461067,-0.028364704,-0.013735312,0.042521559,-0.013922167,-0.037392373,,
07:58:11.130,0.020478021,-0.028378988,-0.013742374,0.042576896,-0.013890861,-0.037390421,,
07:58:11.135,0.020431255,-0.028402742,-0.013703156,0.042568485,-0.013834446,-0.037361417,,
07:58:11.140,0.020418602,-0.028420768,-0.013712977,0.04256573,-0.013768328,-0.037326489,,
07:58:11.145,0.020458496,-0.028428945,-0.013732422,0.042599596,-0.013736742,-0.03731165,,
07:58:11.150,0.020454238,-0.028431082,-0.013700719,0.042593066,-0.013694517,-0.037290882,,
07:58:11.155,0.020415816,-0.028434794,-0.013685486,0.042584279,-0.013610301,-0.037264732,,
07:58:11.160,0.02042316,-0.028450628,-0.013715739,0.042631697,-0.013555226,-0.037253377,,
07:58:11.165,0.020452996,-0.028444118,-0.013694513,0.042616958,-0.013509646,-0.037234667,,
07:58:11.170,0.02042219,-0.028443184,-0.013664706,0.04258787,-0.013460111,-0.037212319,,
07:58:11.175,0.020416832,-0.028457769,-0.013684165,0.042652879,-0.013406557,-0.037197379,,
07:58:11.180,0.020427322,-0.028472303,-0.013688129,0.042683908,-0.013338975,-0.037176079,,
07:58:11.185,0.020428928,-0.02847224,-0.013651794,0.042629706,-0.013296521,-0.037142985,,
07:58:11.190,0.020410471,-0.028482384,-0.013661773,0.042657917,-0.01323767,-0.037124176,,
07:58:11.195,0.020404253,-0.028506134,-0.013688616,0.042724147,-0.013175645,-0.037112836,,
07:58:11.200,0.020407545,-0.028518038,-0.013661753,0.042672447,-0.013115982,-0.037074803,,
07:58:11.205,0.020401683,-0.028527967,-0.013659598,0.042640369,-0.013061463,-0.037042771,,
07:58:11.210,0.020408047,-0.028550502,-0.013693303,0.042716547,-0.013007425,-0.037035564,,
07:58:11.215,0.0204021,-0.028560457,-0.013679895,0.04273118,-0.012944234,-0.037012057,,
07:58:11.220,0.020394447,-0.028564936,-0.013658146,0.04268104,-0.012892054,-0.036977104,,
07:58:11.225,0.020406579,-0.028574614,-0.013689539,0.042715614,-0.012843643,-0.036964985,,
07:58:11.230,0.020403204,-0.028584814,-0.013688688,0.042755848,-0.012788408,-0.036955454,,
07:58:11.235,0.020378839,-0.028591668,-0.01365361,0.042717964,-0.012724582,-0.036926651,,
07:58:11.240,0.020388627,-0.028600041,-0.013661049,0.042724805,-0.012673371,-0.03690725,,
07:58:11.245,0.020397362,-0.028617293,-0.01368443,0.042791353,-0.012634139,-0.036905624,,
07:58:11.250,0.020382544,-0.028622735,-0.013651166,0.042765085,-0.012564115,-0.036864182,,
07:58:11.255,0.020371736,-0.028625529,-0.013640419,0.042739527,-0.012493959,-0.036824108,,
07:58:11.260,0.020382761,-0.028636913,-0.013668373,0.042796684,-0.012448775,-0.036810231,,
07:58:11.265,0.020367922,-0.028643958,-0.013650277,0.042808375,-0.012391383,-0.036782982,,
07:58:11.270,0.020363696,-0.028643405,-0.013620826,0.042760106,-0.012327938,-0.036747434,,
07:58:11.275,0.020380966,-0.02865109,-0.013650045,0.042794805,-0.012281275,-0.036734022,,
07:58:11.280,0.020361861,-0.028671995,-0.013658326,0.042851252,-0.012231827,-0.036727422,,
07:58:11.285,0.020338254,-0.028680996,-0.013617084,0.042805832,-0.012171219,-0.036692814,,
07:58:11.290,0.020357717,-0.028680809,-0.013628321,0.042799551,-0.01211851,-0.036654294,,
07:58:11.295,0.020361959,-0.02869999,-0.013653282,0.042869577,-0.012073291,-0.036641864,,
07:58:11.300,0.020319708,-0.028715667,-0.013621676,0.042860019,-0.012005513,-0.036624414,,
07:58:11.305,0.020316096,-0.028715134,-0.013609047,0.042814575,-0.011926206,-0.03658946,,
07:58:11.310,0.020364665,-0.028720425,-0.013644407,0.042869236,-0.011875836,-0.03657617,,
07:58:11.315,0.020358437,-0.028729907,-0.013629042,0.042909149,-0.011825344,-0.036566629,,
07:58:11.320,0.020302207,-0.028745413,-0.01360187,0.042882386,-0.011756955,-0.036534457,,
07:58:11.325,0.020324039,-0.028758607,-0.013626798,0.042898063,-0.011699843,-0.036508603,,
07:58:11.330,0.020357814,-0.02876229,-0.013633958,0.042920283,-0.011653672,-0.036490208,,
07:58:11.335,0.020314877,-0.028774043,-0.013596659,0.042899802,-0.011591255,-0.036466572,,
07:58:11.340,0.020281342,-0.028795784,-0.013602708,0.042903735,-0.011535814,-0.036443074,,
07:58:11.345,0.020317943,-0.028806127,-0.013622209,0.042930292,-0.011494351,-0.036424727,,
07:58:11.350,0.020338387,-0.028801096,-0.013589677,0.042909502,-0.011441198,-0.036398241,,
07:58:11.355,0.020292773,-0.028813851,-0.013580069,0.042918239,-0.011386119,-0.036375257,,
07:58:11.360,0.020287072,-0.028838268,-0.013606278,0.042975771,-0.011323497,-0.036354978,,
07:58:11.365,0.020321242,-0.028832831,-0.013586606,0.042949687,-0.011262944,-0.036322218,,
07:58:11.370,0.02030994,-0.028820608,-0.013559629,0.042907906,-0.011214386,-0.036289124,,
07:58:11.375,0.020270661,-0.028845914,-0.013588872,0.042984967,-0.011152645,-0.036283128,,
07:58:11.380,0.020283079,-0.028868832,-0.013591015,0.043016286,-0.011084138,-0.036262243,,
07:58:11.385,0.020302786,-0.028863573,-0.013558196,0.042937324,-0.011029138,-0.036220524,,
07:58:11.390,0.020285714,-0.028871916,-0.013574493,0.042976895,-0.010984712,-0.03621402,,
07:58:11.395,0.020271073,-0.028896985,-0.013596985,0.043070724,-0.010923994,-0.036207461,,
07:58:11.400,0.020267919,-0.028907009,-0.013566446,0.043022167,-0.010844975,-0.036165059,,
07:58:11.405,0.020284341,-0.028894607,-0.013564643,0.042968841,-0.010773896,-0.036128292,,
07:58:11.410,0.020280816,-0.028906411,-0.013599052,0.043047192,-0.010724198,-0.03612747,,
07:58:11.415,0.020251905,-0.028925385,-0.013574007,0.043062401,-0.010661522,-0.036110695,,
07:58:11.420,0.020255086,-0.028931424,-0.013539912,0.042986893,-0.010589995,-0.036063191,,
07:58:11.425,0.020290044,-0.028938059,-0.013570794,0.043020141,-0.010554298,-0.036046842,,
07:58:11.430,0.020284185,-0.028955153,-0.013573858,0.043089498,-0.010509499,-0.036044005,,
07:58:11.435,0.020246542,-0.028974948,-0.013531066,0.043057365,-0.010429167,-0.035996535,,
07:58:11.440,0.020241464,-0.02897958,-0.013545237,0.043039448,-0.01036423,-0.035952282,,
07:58:11.445,0.020260594,-0.028988859,-0.013572168,0.0430958,-0.010329921,-0.035939745,,
07:58:11.450,0.020244663,-0.029002947,-0.013539468,0.043083395,-0.010278835,-0.035903568,,
07:58:11.455,0.020219613,-0.029004139,-0.013525945,0.043053021,-0.010200003,-0.035867069,,
07:58:11.460,0.020228731,-0.029016446,-0.013553817,0.043107115,-0.010148586,-0.035859783,,
07:58:11.465,0.020234942,-0.029022247,-0.013537447,0.043129745,-0.01009913,-0.035846716,,
07:58:11.470,0.020207547,-0.02902092,-0.013506777,0.043084421,-0.010016388,-0.035806111,,
07:58:11.475,0.020202134,-0.029030537,-0.013536168,0.04312321,-0.009955156,-0.035789782,,
07:58:11.480,0.020216089,-0.029036671,-0.013541035,0.04316248,-0.009907581,-0.035785759,,
07:58:11.485,0.020201618,-0.029040572,-0.013503479,0.043119385,-0.009844907,-0.035757623,,
07:58:11.490,0.020187083,-0.029049245,-0.013516276,0.043124327,-0.009778997,-0.035730539,,
07:58:11.495,0.020202297,-0.029067809,-0.013540834,0.043179503,-0.009724291,-0.035718979,,
07:58:11.500,0.020203826,-0.029075476,-0.013508686,0.04316335,-0.009673597,-0.035690778,,
07:58:11.505,0.020181143,-0.029075977,-0.013498963,0.04313731,-0.009611623,-0.035649234,,
07:58:11.510,0.020181055,-0.029093106,-0.013533359,0.043186769,-0.009536805,-0.035621168,,
07:58:11.515,0.020194498,-0.029096485,-0.013517701,0.043194819,-0.009477333,-0.035592068,,
07:58:11.520,0.020179384,-0.029100162,-0.013488487,0.043160376,-0.009422805,-0.035548585,,
07:58:11.525,0.020169778,-0.029117432,-0.013508537,0.04319634,-0.00937391,-0.035529013,,
07:58:11.530,0.020170933,-0.029133479,-0.013503934,0.043238038,-0.009316933,-0.035522276,,
07:58:11.535,0.020165756,-0.029143795,-0.013461298,0.043191462,-0.009259993,-0.03548128,,
07:58:11.540,0.020159071,-0.02915772,-0.013468078,0.043190675,-0.009201758,-0.035451432,,
07:58:11.545,0.020156542,-0.029173905,-0.01348315,0.043252158,-0.00913729,-0.035441983,,
07:58:11.550,0.020148106,-0.029167196,-0.013452776,0.043219015,-0.009064741,-0.035408712,,
07:58:11.555,0.020128493,-0.029169879,-0.013441815,0.04319401,-0.009013053,-0.03537795,,
07:58:11.560,0.020142177,-0.029187535,-0.013474473,0.043258745,-0.008959777,-0.035367996,,
07:58:11.565,0.020161765,-0.029190068,-0.013461725,0.043256347,-0.008883353,-0.035350627,,
07:58:11.570,0.020137058,-0.029194993,-0.013436964,0.043221544,-0.008828771,-0.035314586,,
07:58:11.575,0.020137421,-0.029202776,-0.013465495,0.043268638,-0.008780952,-0.035293546,,
07:58:11.580,0.020151221,-0.029211058,-0.013465179,0.043301444,-0.008714389,-0.035274041,,
07:58:11.585,0.020133102,-0.029216895,-0.013431737,0.043267746,-0.00864813,-0.035241602,,
07:58:11.590,0.020120633,-0.029221931,-0.01344261,0.043259398,-0.008579078,-0.035218885,,
07:58:11.595,0.020117722,-0.029244745,-0.013463082,0.043326325,-0.008527468,-0.035210002,,
07:58:11.600,0.020109561,-0.029248324,-0.013428942,0.043296515,-0.008467167,-0.035177379,,
07:58:11.605,0.020097581,-0.029251983,-0.013420196,0.043258003,-0.008383186,-0.035143478,,
07:58:11.610,0.02010313,-0.029273833,-0.013452028,0.043331882,-0.008338873,-0.035126203,,
07:58:11.615,0.020107758,-0.029278469,-0.013432921,0.043337026,-0.00827099,-0.035094856,,
07:58:11.620,0.020079523,-0.029281381,-0.013399619,0.043296342,-0.008185305,-0.035052661,,
07:58:11.625,0.020081844,-0.029292191,-0.013426605,0.043328357,-0.008136896,-0.035034122,,
07:58:11.630,0.020085928,-0.029311425,-0.013436133,0.043366628,-0.008081301,-0.03501958,,
07:58:11.635,0.020055444,-0.029324058,-0.013400888,0.043328535,-0.008020075,-0.03498599,,
07:58:11.640,0.020053919,-0.029330729,-0.013411859,0.043319539,-0.007957517,-0.034962846,,
07:58:11.645,0.02007951,-0.029342641,-0.013436391,0.043371943,-0.007910844,-0.034947744,,
07:58:11.650,0.020064123,-0.02935011,-0.01340961,0.04336693,-0.007852692,-0.034915816,,
07:58:11.655,0.020056385,-0.029342787,-0.013394186,0.04333507,-0.00777408,-0.034877949,,
07:58:11.660,0.020069415,-0.029347668,-0.013425404,0.04338589,-0.007717606,-0.034867718,,
07:58:11.665,0.020067676,-0.029352592,-0.013408876,0.043394389,-0.007655883,-0.034843718,,
07:58:11.670,0.020046215,-0.029358623,-0.013378841,0.04335746,-0.007577597,-0.034801388,,
07:58:11.675,0.020050812,-0.029373679,-0.013397139,0.043389771,-0.007513256,-0.034776431,,
07:58:11.680,0.020070794,-0.029379414,-0.013397512,0.043426574,-0.007458653,-0.034755462,,
07:58:11.685,0.020041926,-0.029380478,-0.013361214,0.043400724,-0.007396721,-0.034717108,,
07:58:11.690,0.020018566,-0.029386868,-0.013370179,0.043407019,-0.007331615,-0.034681347,,
07:58:11.695,0.020025217,-0.029397435,-0.013392788,0.043447893,-0.007272583,-0.034667986,,
07:58:11.700,0.02001628,-0.029401667,-0.01336246,0.043406855,-0.007213479,-0.034641322,,
07:58:11.705,0.020009621,-0.029407909,-0.01335274,0.043385986,-0.007146462,-0.034608448,,
07:58:11.710,0.020000313,-0.029432888,-0.013381124,0.043457588,-0.007091508,-0.03459758,,
07:58:11.715,0.019999713,-0.029450394,-0.013366039,0.043462937,-0.007024179,-0.034575002,,
07:58:11.720,0.020009438,-0.029442607,-0.013334954,0.04340395,-0.006952938,-0.034527253,,
07:58:11.725,0.019986936,-0.029451496,-0.0133724,0.043457554,-0.006900185,-0.034510459,,
07:58:11.730,0.019983637,-0.029467335,-0.013377576,0.043507911,-0.006824217,-0.034496073,,
07:58:11.735,0.019983446,-0.029465277,-0.013332703,0.043445914,-0.00674913,-0.034451279,,
07:58:11.740,0.019971511,-0.029472505,-0.013341269,0.043449523,-0.006700197,-0.034422007,,
07:58:11.745,0.019980541,-0.029492859,-0.013367677,0.04351878,-0.006640129,-0.03441222,,
07:58:11.750,0.019968964,-0.029497491,-0.013330218,0.043492269,-0.006566009,-0.034374308,,
07:58:11.755,0.01996153,-0.029485603,-0.013309656,0.04344959,-0.006510523,-0.03432863,,
07:58:11.760,0.019963044,-0.02949273,-0.013339201,0.043509332,-0.006458589,-0.034322049,,
07:58:11.765,0.01995613,-0.029502494,-0.013321447,0.043528452,-0.006390584,-0.034300789,,
07:58:11.770,0.019943059,-0.029501215,-0.01328933,0.043467227,-0.006314456,-0.034250532,,
07:58:11.775,0.019936954,-0.029509868,-0.013314254,0.043494378,-0.006261983,-0.034228018,,
07:58:11.780,0.01994517,-0.02952317,-0.013319585,0.043542423,-0.006207964,-0.034219726,,
07:58:11.785,0.019922758,-0.029535734,-0.013279661,0.043504561,-0.006129325,-0.034179147,,
07:58:11.790,0.019923594,-0.029535563,-0.013294565,0.043508932,-0.006062185,-0.034144874,,
07:58:11.795,0.019942567,-0.02954578,-0.013315608,0.043568662,-0.006004627,-0.034132769,,
07:58:11.800,0.019914671,-0.029554519,-0.013288923,0.043549068,-0.005931814,-0.034092997,,
07:58:11.805,0.019889494,-0.029551594,-0.013277545,0.043515886,-0.005842773,-0.034054555,,
07:58:11.810,0.019901013,-0.029563324,-0.013303428,0.043563035,-0.005777789,-0.034042365,,
07:58:11.815,0.019905393,-0.029570844,-0.013286321,0.043571358,-0.005720327,-0.034015945,,
07:58:11.820,0.019892899,-0.029569401,-0.013253501,0.043519341,-0.005653017,-0.033980271,,
07:58:11.825,0.019877181,-0.029588182,-0.013275135,0.043564777,-0.005599915,-0.033960513,,
07:58:11.830,0.019884442,-0.029604045,-0.013277629,0.043615061,-0.005542347,-0.033940974,,
07:58:11.835,0.019879817,-0.029602855,-0.013239948,0.043555141,-0.005466811,-0.033895196,,
07:58:11.840,0.019863467,-0.029613005,-0.013246356,0.043559296,-0.005404061,-0.033858435,,
07:58:11.845,0.019865915,-0.02963464,-0.013269532,0.043622306,-0.005359957,-0.033840402,,
07:58:11.850,0.019850452,-0.029641939,-0.013232839,0.043593356,-0.005293195,-0.03380202,,
07:58:11.855,0.019846361,-0.029640233,-0.013227139,0.043554064,-0.005220504,-0.033765179,,
07:58:11.860,0.019852495,-0.029653682,-0.013262513,0.043618131,-0.005155931,-0.033751288,,
07:58:11.865,0.019841974,-0.029664316,-0.013244591,0.043635611,-0.005083522,-0.033726028,,
07:58:11.870,0.019832359,-0.02965371,-0.013213653,0.043570278,-0.004995753,-0.033683392,,
07:58:11.875,0.019834873,-0.02965442,-0.013243504,0.04360223,-0.004924475,-0.0336586,,
07:58:11.880,0.0198308,-0.029673419,-0.013250202,0.043662086,-0.004868677,-0.033647711,,
07:58:11.885,0.019814584,-0.029667997,-0.013207919,0.043613778,-0.004791642,-0.033610358,,
07:58:11.890,0.01980748,-0.029668737,-0.013214753,0.043604967,-0.004730193,-0.033578858,,
07:58:11.895,0.019820757,-0.029678005,-0.013233996,0.043665973,-0.004680454,-0.033568728,,
07:58:11.900,0.019798584,-0.029685528,-0.013200941,0.043652019,-0.004611059,-0.033538333,,
07:58:11.905,0.019776206,-0.029691316,-0.013178746,0.043610461,-0.0045372,-0.033488056,,
07:58:11.910,0.019790771,-0.029699851,-0.013204985,0.043647562,-0.004483427,-0.033458384,,
07:58:11.915,0.019792126,-0.02971418,-0.013184589,0.043655276,-0.004417126,-0.033435124,,
07:58:11.920,0.019762365,-0.029719918,-0.013156425,0.043626003,-0.004341043,-0.033394065,,
07:58:11.925,0.019760189,-0.029731578,-0.013181191,0.043664372,-0.004285211,-0.033364614,,
07:58:11.930,0.019780347,-0.02974555,-0.013183118,0.043700246,-0.004221633,-0.033345549,,
07:58:11.935,0.019757548,-0.029746868,-0.013147901,0.043667214,-0.004148423,-0.033308878,,
07:58:11.940,0.019738636,-0.029747878,-0.013149875,0.04367447,-0.004082054,-0.033276922,,
07:58:11.945,0.019741583,-0.029759377,-0.013168511,0.043724545,-0.004006499,-0.03325272,,
07:58:11.950,0.019744886,-0.02976195,-0.013134656,0.043686667,-0.00394239,-0.03321529,,
07:58:11.955,0.019733002,-0.029761029,-0.013121421,0.043661774,-0.003877161,-0.033184336,,
07:58:11.960,0.019723396,-0.029775779,-0.013148708,0.043722348,-0.003814073,-0.033170816,,
07:58:11.965,0.019724656,-0.029786157,-0.013134685,0.043723216,-0.003745216,-0.033140271,,
07:58:11.970,0.019709266,-0.029781079,-0.013102877,0.043665575,-0.003672003,-0.033093642,,
07:58:11.975,0.019708071,-0.029781229,-0.013129779,0.043699933,-0.003609457,-0.0330653,,
07:58:11.980,0.0197087,-0.029794751,-0.013132787,0.043745342,-0.003537099,-0.033039797,,
07:58:11.985,0.019688983,-0.029800129,-0.013092378,0.043690766,-0.003461747,-0.032994401,,
07:58:11.990,0.019688737,-0.029799729,-0.013098691,0.043688739,-0.003397183,-0.032956585,,
07:58:11.995,0.019695145,-0.029811861,-0.013121382,0.043760685,-0.003343229,-0.032945966,,
07:58:12.000,0.019686666,-0.029820347,-0.013092657,0.043744357,-0.003262848,-0.032918547,,
07:58:12.005,0.019681645,-0.029819577,-0.013075808,0.043703847,-0.003184659,-0.03286624,,
07:58:12.010,0.019674835,-0.029828948,-0.013108771,0.043764102,-0.003130602,-0.032853266,,
07:58:12.015,0.019676329,-0.029830596,-0.013087095,0.043771335,-0.003052283,-0.032830411,,
07:58:12.020,0.019648919,-0.029834818,-0.01305921,0.043720087,-0.002982817,-0.032785333,,
07:58:12.025,0.019634362,-0.029848941,-0.013080953,0.0437476,-0.0029198,-0.032759212,,
07:58:12.030,0.019649389,-0.029860631,-0.013085749,0.043778054,-0.002856943,-0.032741968,,
07:58:12.035,0.019638011,-0.029866217,-0.01304524,0.043742231,-0.002797843,-0.032709471,,
07:58:12.040,0.019622262,-0.029875258,-0.013050274,0.04375109,-0.002724024,-0.032675512,,
07:58:12.045,0.019615972,-0.029897792,-0.013073413,0.043801028,-0.00264111,-0.032651457,,
07:58:12.050,0.019615576,-0.029903518,-0.013038815,0.043768597,-0.002577725,-0.032615186,,
07:58:12.055,0.019608014,-0.029892252,-0.013021057,0.043731636,-0.002508171,-0.032570415,,
07:58:12.060,0.019598766,-0.029899133,-0.013053711,0.043791874,-0.00243746,-0.032546873,,
07:58:12.065,0.019600661,-0.029911174,-0.013039743,0.043806797,-0.002371081,-0.032518411,,
07:58:12.070,0.0195991,-0.029902973,-0.013003511,0.043744178,-0.002303282,-0.03247199,,
07:58:12.075,0.019600738,-0.029905185,-0.013027722,0.043787527,-0.002241064,-0.032448328,,
07:58:12.080,0.019602018,-0.029918222,-0.013025534,0.043840221,-0.002165544,-0.032424419,,
07:58:12.085,0.01958405,-0.02991669,-0.012988448,0.04378867,-0.002091147,-0.032375666,,
07:58:12.090,0.019576285,-0.029916578,-0.012986104,0.043781816,-0.002018538,-0.03233203,,
07:58:12.095,0.019564095,-0.029934274,-0.013010444,0.043840752,-0.001952513,-0.032313317,,
07:58:12.100,0.019550389,-0.029939596,-0.012982407,0.043816306,-0.00188075,-0.032283198,,
07:58:12.105,0.019541097,-0.029932577,-0.012967391,0.043774239,-0.001800067,-0.032245818,,
07:58:12.110,0.019536515,-0.029939767,-0.013002612,0.043827182,-0.001739143,-0.032226424,,
07:58:12.115,0.01953035,-0.029946786,-0.012987755,0.043841206,-0.001669483,-0.032199187,,
07:58:12.120,0.019507602,-0.029947782,-0.012954227,0.04378761,-0.001588046,-0.032157184,,
07:58:12.125,0.019506954,-0.029955843,-0.012970456,0.043806407,-0.001524121,-0.032129981,,
07:58:12.130,0.019510272,-0.029972251,-0.012969931,0.043853555,-0.00145978,-0.032115431,,
07:58:12.135,0.01948815,-0.029975603,-0.012925259,0.043816799,-0.001393492,-0.032069601,,
07:58:12.140,0.019486182,-0.029977161,-0.012929265,0.04381695,-0.001327315,-0.032030669,,
07:58:12.145,0.019497256,-0.029998179,-0.012947896,0.043881271,-0.001265295,-0.032016637,,
07:58:12.150,0.01947513,-0.030013326,-0.012925469,0.043858967,-0.001189343,-0.031974762,,
07:58:12.155,0.019456507,-0.030006649,-0.012912209,0.043812798,-0.001117368,-0.031924119,,
07:58:12.160,0.019475941,-0.03000363,-0.012940701,0.043852951,-0.001060627,-0.031903463,,
07:58:12.165,0.019461734,-0.030018422,-0.012925717,0.043878817,-0.000982267,-0.031886266,,
07:58:12.170,0.019443779,-0.03001428,-0.012888872,0.04382673,-0.000898807,-0.031837624,,
07:58:12.175,0.019453072,-0.030013961,-0.012908183,0.043842706,-0.000832786,-0.031802617,,
07:58:12.180,0.019454354,-0.030021622,-0.012911822,0.043900211,-0.000774124,-0.03178683,,
07:58:12.185,0.019426185,-0.030026832,-0.012869423,0.043862864,-0.000694685,-0.031740504,,
07:58:12.190,0.019420278,-0.030025433,-0.012867696,0.043843607,-0.000616446,-0.031693661,,
07:58:12.195,0.019430786,-0.03003486,-0.01289436,0.043901434,-0.000557893,-0.031675655,,
07:58:12.200,0.019414713,-0.030042535,-0.01285757,0.043877589,-0.000475196,-0.03163928,,
07:58:12.205,0.019393072,-0.030044643,-0.01284217,0.043838683,-0.000402646,-0.031597474,,
07:58:12.210,0.019410872,-0.030054265,-0.012866887,0.04389078,-0.000338674,-0.031572352,,
07:58:12.215,0.019401343,-0.030072434,-0.012852988,0.043910073,-0.000267083,-0.031542351,,
07:58:12.220,0.019367554,-0.030073856,-0.01281676,0.043859749,-0.000188211,-0.03149832,,
07:58:12.225,0.019370693,-0.030076264,-0.01283801,0.043880556,-0.000112127,-0.03145812,,
07:58:12.230,0.019374748,-0.030090825,-0.012850046,0.043928573,-4.58226E-05,-0.031433576,,
07:58:12.235,0.019354014,-0.030087825,-0.012810712,0.043887667,3.11106E-05,-0.031396793,,
07:58:12.240,0.019344669,-0.030096035,-0.012810112,0.04388391,0.000100161,-0.031361843,,
07:58:12.245,0.019363708,-0.030102603,-0.012829853,0.043932615,0.000166602,-0.031343901,,
07:58:12.250,0.019357639,-0.030108494,-0.012799102,0.043920857,0.000236823,-0.031313176,,
07:58:12.255,0.019321354,-0.030119578,-0.012774916,0.04389608,0.000302546,-0.031276397,,
07:58:12.260,0.019322857,-0.030124055,-0.012804966,0.043927089,0.000373001,-0.031245341,,
07:58:12.265,0.01933937,-0.030118441,-0.012792557,0.043921193,0.000449274,-0.031211084,,
07:58:12.270,0.019309791,-0.030119357,-0.012767916,0.043887856,0.000525994,-0.031180945,,
07:58:12.275,0.019289919,-0.030137458,-0.012786878,0.043922091,0.000605796,-0.031155719,,
07:58:12.280,0.019319529,-0.030137187,-0.012797732,0.043951261,0.000680571,-0.031122989,,
07:58:12.285,0.019308034,-0.030136394,-0.012767566,0.043897307,0.00076262,-0.031081258,,
07:58:12.290,0.019281817,-0.030150629,-0.012772308,0.043901111,0.000836814,-0.031049723,,
07:58:12.295,0.019292467,-0.030152956,-0.012786247,0.043960051,0.000905819,-0.031020268,,
07:58:12.300,0.019290581,-0.030143724,-0.012749025,0.043923054,0.00097782,-0.030975439,,
07:58:12.305,0.019264234,-0.030137678,-0.01274012,0.043887846,0.001055978,-0.030928304,,
07:58:12.310,0.019256425,-0.030150107,-0.012759762,0.043943616,0.00111767,-0.03090145,,
07:58:12.315,0.019258709,-0.030162142,-0.012738714,0.043952392,0.001190501,-0.030871138,,
07:58:12.320,0.019244333,-0.030157165,-0.012704268,0.043893185,0.001273259,-0.030819949,,
07:58:12.325,0.019238484,-0.03017147,-0.012727359,0.043934324,0.001339785,-0.030801126,,
07:58:12.330,0.019224587,-0.030200084,-0.012723922,0.04399256,0.001402146,-0.030781925,,
07:58:12.335,0.019214594,-0.030190609,-0.012686457,0.043934799,0.001486128,-0.030719048,,
07:58:12.340,0.019206051,-0.030182854,-0.01268901,0.043917117,0.001570334,-0.030681263,,
07:58:12.345,0.019195195,-0.030199977,-0.012709948,0.043985937,0.001626982,-0.030665253,,
07:58:12.350,0.019179321,-0.030200846,-0.012673761,0.043968872,0.001708037,-0.03061912,,
07:58:12.355,0.019173933,-0.030186345,-0.012651056,0.043909609,0.001789578,-0.030568458,,
07:58:12.360,0.01917397,-0.030197423,-0.012683327,0.043965681,0.001844617,-0.030558029,,
07:58:12.365,0.019161429,-0.030210762,-0.012667148,0.043989926,0.001916929,-0.03052835,,
07:58:12.370,0.019141493,-0.030203606,-0.01263441,0.043920282,0.002007201,-0.030463994,,
07:58:12.375,0.019147887,-0.030200802,-0.012651265,0.043940497,0.002073903,-0.030426382,,
07:58:12.380,0.019151269,-0.03020888,-0.012659647,0.044001462,0.00213888,-0.030413052,,
07:58:12.385,0.019125642,-0.030211936,-0.012614402,0.043956839,0.002218627,-0.030373178,,
07:58:12.390,0.019122077,-0.030214739,-0.012622957,0.043937547,0.002292965,-0.030330708,,
07:58:12.395,0.019131111,-0.030222655,-0.012656456,0.043999264,0.00236507,-0.030317598,,
07:58:12.400,0.019125122,-0.030221117,-0.012623956,0.043976021,0.002451448,-0.03028301,,
07:58:12.405,0.019092542,-0.030228949,-0.012596175,0.043928518,0.002529114,-0.030239383,,
07:58:12.410,0.019093428,-0.030232928,-0.01262341,0.043977775,0.002591382,-0.030219835,,
07:58:12.415,0.019108561,-0.030235332,-0.012614228,0.043986479,0.002675037,-0.03018929,,
07:58:12.420,0.019099071,-0.03023222,-0.01257256,0.043927169,0.002753593,-0.030138068,,
07:58:12.425,0.019067962,-0.030250451,-0.012589452,0.0439693,0.002819155,-0.030107493,,
07:58:12.430,0.01906836,-0.030273487,-0.012588911,0.044004088,0.002891628,-0.030077008,,
07:58:12.435,0.019071536,-0.030266555,-0.012544912,0.043941193,0.002968473,-0.030025338,,
07:58:12.440,0.019049048,-0.03026937,-0.012543566,0.043949907,0.003037836,-0.029978716,,
07:58:12.445,0.019030541,-0.030289224,-0.012566555,0.044021831,0.003117333,-0.029949816,,
07:58:12.450,0.01901866,-0.030290978,-0.012526912,0.043984183,0.003204147,-0.029896785,,
07:58:12.455,0.019017831,-0.030279063,-0.012514232,0.043940552,0.003278058,-0.029842705,,
07:58:12.460,0.019019261,-0.030278764,-0.012548702,0.044008457,0.003345731,-0.029830294,,
07:58:12.465,0.019009926,-0.030288541,-0.012537354,0.044029923,0.003425545,-0.029805866,,
07:58:12.470,0.018996154,-0.03028407,-0.012509542,0.043966375,0.003514708,-0.02975903,,
07:58:12.475,0.019008603,-0.030275694,-0.012534645,0.043984162,0.003587539,-0.029735508,,
07:58:12.480,0.019001739,-0.03028676,-0.012543692,0.044040221,0.003665285,-0.029719681,,
07:58:12.485,0.018969593,-0.030288381,-0.012499904,0.043984138,0.003757041,-0.02966659,,
07:58:12.490,0.0189734,-0.030275998,-0.012506399,0.043949891,0.003830672,-0.029616723,,
07:58:12.495,0.01897938,-0.030277077,-0.012525467,0.044007576,0.003895215,-0.029606548,,
07:58:12.500,0.018948741,-0.030290565,-0.012491717,0.044001051,0.003982904,-0.029568416,,
07:58:12.505,0.018918796,-0.03029491,-0.012465526,0.043955711,0.004071568,-0.029505236,,
07:58:12.510,0.018937918,-0.030295155,-0.012492425,0.043991882,0.00413446,-0.02946976,,
07:58:12.515,0.018937747,-0.030305482,-0.012477626,0.044010953,0.004197394,-0.029438251,,
07:58:12.520,0.018903378,-0.030309174,-0.012437123,0.043964425,0.004289816,-0.029386953,,
07:58:12.525,0.018886308,-0.030320853,-0.012453666,0.043999666,0.00436907,-0.029355238,,
07:58:12.530,0.01889537,-0.030331416,-0.012462909,0.044026161,0.004427233,-0.029337051,,
07:58:12.535,0.018882718,-0.030333274,-0.012425541,0.043967833,0.004504107,-0.029293609,,
07:58:12.540,0.018871806,-0.030331473,-0.012419309,0.043959438,0.004579378,-0.029251463,,
07:58:12.545,0.018872581,-0.030337265,-0.012444756,0.044017663,0.004645049,-0.029234834,,
07:58:12.550,0.01885888,-0.030333816,-0.012406529,0.044004998,0.004725795,-0.029195128,,
07:58:12.555,0.018844851,-0.030323293,-0.012383586,0.043966214,0.004815516,-0.029136397,,
07:58:12.560,0.018847416,-0.030328644,-0.01240691,0.044010305,0.004886171,-0.029098195,,
07:58:12.565,0.018839114,-0.030332291,-0.01240024,0.044032229,0.004962389,-0.02906551,,
07:58:12.570,0.018815392,-0.030328864,-0.012362287,0.043973869,0.005052635,-0.029017341,,
07:58:12.575,0.018824249,-0.030329787,-0.012380124,0.043977301,0.005125562,-0.028975949,,
07:58:12.580,0.018822068,-0.030341716,-0.01238965,0.044032133,0.005201377,-0.028954661,,
07:58:12.585,0.0187988,-0.030345397,-0.012349522,0.044000534,0.005283516,-0.028918126,,
07:58:12.590,0.018777776,-0.030348657,-0.012348611,0.043990335,0.005369237,-0.028873517,,
07:58:12.595,0.018789161,-0.030352246,-0.012367105,0.044019613,0.005442518,-0.028834611,,
07:58:12.600,0.018788419,-0.030348577,-0.012337235,0.043987386,0.005521385,-0.028787979,,
07:58:12.605,0.018749941,-0.030351369,-0.012307482,0.04397505,0.00560371,-0.028744059,,
07:58:12.610,0.018743034,-0.030370163,-0.012328974,0.044013831,0.005687063,-0.028706255,,
07:58:12.615,0.018765214,-0.030368083,-0.01230648,0.043996363,0.005759684,-0.028662218,,
07:58:12.620,0.018741956,-0.030353979,-0.012270538,0.043959989,0.00582566,-0.02861478,,
07:58:12.625,0.018697458,-0.030373026,-0.012284802,0.044007351,0.005902894,-0.028591086,,
07:58:12.630,0.018701926,-0.030393274,-0.012286084,0.044036957,0.005984854,-0.028559859,,
07:58:12.635,0.018704063,-0.030382369,-0.012246211,0.043965134,0.006062495,-0.028504605,,
07:58:12.640,0.018684506,-0.03037442,-0.01225904,0.043963709,0.006129387,-0.028477197,,
07:58:12.645,0.018665165,-0.030389407,-0.012281732,0.044043354,0.006211028,-0.028467864,,
07:58:12.650,0.018665122,-0.030390721,-0.012243317,0.043991945,0.006299802,-0.028417466,,
07:58:12.655,0.018668823,-0.030374786,-0.012234671,0.043929998,0.00638471,-0.028361089,,
07:58:12.660,0.018664092,-0.030369985,-0.012261954,0.044004717,0.006463742,-0.028340106,,
07:58:12.665,0.018636672,-0.03038651,-0.012245645,0.04403374,0.006543779,-0.028304511,,
07:58:12.670,0.018633392,-0.030378241,-0.012205354,0.043951242,0.006634608,-0.028241459,,
07:58:12.675,0.018646297,-0.030374487,-0.012233732,0.043973392,0.006710171,-0.028213039,,
07:58:12.680,0.018635877,-0.030392305,-0.01223986,0.044037574,0.006779376,-0.028193663,,
07:58:12.685,0.018612184,-0.030392844,-0.012193813,0.043984193,0.006881594,-0.028133813,,
07:58:12.690,0.018606542,-0.03038493,-0.01219023,0.043949886,0.006966176,-0.02807565,,
07:58:12.695,0.01861755,-0.030387263,-0.012213135,0.044008352,0.007024962,-0.028042896,,
07:58:12.700,0.018597737,-0.030388399,-0.012168216,0.044004429,0.007119579,-0.027995818,,
07:58:12.705,0.01856377,-0.030386993,-0.012141879,0.043950524,0.007207361,-0.02792993,,
07:58:12.710,0.018563235,-0.030397708,-0.012174641,0.043980129,0.007282372,-0.027903238,,
07:58:12.715,0.018560518,-0.03040097,-0.012158798,0.04398894,0.007355002,-0.027881898,,
07:58:12.720,0.018540631,-0.030393866,-0.012121582,0.043942424,0.007426316,-0.02782905,,
07:58:12.725,0.018526137,-0.030398343,-0.012136599,0.043966914,0.007516768,-0.027795803,,
07:58:12.730,0.018505939,-0.030414113,-0.012151243,0.044006067,0.007591064,-0.027772664,,
07:58:12.735,0.018497102,-0.030408959,-0.0121025,0.043950566,0.007671658,-0.027717659,,
07:58:12.740,0.018498264,-0.030390461,-0.012101523,0.043932567,0.007757869,-0.027662677,,
07:58:12.745,0.018480401,-0.030403924,-0.012121391,0.044008252,0.00782877,-0.027643394,,
07:58:12.750,0.018453996,-0.030417765,-0.012087008,0.043990749,0.007909128,-0.027611874,,
07:58:12.755,0.018459628,-0.030404258,-0.012061049,0.043927328,0.008006206,-0.027546586,,
07:58:12.760,0.018471297,-0.030401151,-0.012089922,0.043977078,0.008079083,-0.027508618,,
07:58:12.765,0.018436611,-0.030414008,-0.012077646,0.044005506,0.008162645,-0.027485812,,
07:58:12.770,0.018406234,-0.030417205,-0.012030786,0.043943566,0.008258871,-0.02743646,,
07:58:12.775,0.018428501,-0.030411091,-0.012051449,0.043939253,0.008333438,-0.027384355,,
07:58:12.780,0.018440339,-0.030404183,-0.012064381,0.043980885,0.008402081,-0.027357601,,
07:58:12.785,0.018389796,-0.030417571,-0.0120289,0.043966861,0.008486867,-0.027328594,,
07:58:12.790,0.018370516,-0.030423991,-0.012015839,0.043932818,0.008574372,-0.0272805,,
07:58:12.795,0.018393178,-0.030415843,-0.012042407,0.043950906,0.008647768,-0.027239797,,
07:58:12.800,0.018381212,-0.03040884,-0.012007718,0.043945169,0.008718094,-0.027200347,,
07:58:12.805,0.018332061,-0.030413846,-0.011982946,0.043930092,0.00880583,-0.027156155,,
07:58:12.810,0.018335363,-0.030426474,-0.012001384,0.043956557,0.008897869,-0.027118606,,
07:58:12.815,0.018360387,-0.030422135,-0.011985297,0.043953531,0.008965318,-0.027075403,,
07:58:12.820,0.018331581,-0.030411244,-0.011943466,0.043916631,0.009050572,-0.027022122,,
07:58:12.825,0.01830233,-0.030422759,-0.011952557,0.043951486,0.009137277,-0.026987336,,
07:58:12.830,0.018303921,-0.030442378,-0.011957907,0.043976286,0.009212086,-0.026950528,,
07:58:12.835,0.018311132,-0.030433923,-0.011918518,0.043898652,0.009297505,-0.026892256,,
07:58:12.840,0.018303648,-0.030423877,-0.011920724,0.043903072,0.009374994,-0.026847938,,
07:58:12.845,0.018263041,-0.030443515,-0.011940321,0.043980583,0.009453884,-0.026822312,,
07:58:12.850,0.018247083,-0.030450383,-0.011916312,0.043939817,0.009550905,-0.026769296,,
07:58:12.855,0.018255446,-0.030438289,-0.011895506,0.04387344,0.009631144,-0.026714192,,
07:58:12.860,0.018240172,-0.030440921,-0.011929277,0.043948449,0.00968979,-0.026697102,,
07:58:12.865,0.018215477,-0.030451619,-0.011909176,0.043970424,0.009792375,-0.026658132,,
07:58:12.870,0.018194674,-0.030454684,-0.011869747,0.043891968,0.00989626,-0.02659285,,
07:58:12.875,0.018216249,-0.030435092,-0.011886137,0.043892133,0.009969402,-0.026557554,,
07:58:12.880,0.018216919,-0.030430452,-0.011893133,0.043958489,0.010044247,-0.026539664,,
07:58:12.885,0.018183159,-0.030435815,-0.011847671,0.043924823,0.010145797,-0.026488089,,
07:58:12.890,0.01817756,-0.030432777,-0.011843751,0.043882379,0.010232929,-0.026436828,,
07:58:12.895,0.018200716,-0.030440133,-0.011867779,0.043940071,0.010293648,-0.026411834,,
07:58:12.900,0.018181352,-0.030433347,-0.011829766,0.043921686,0.010381418,-0.02636798,,
07:58:12.905,0.018139594,-0.030428741,-0.011812243,0.043876462,0.010473793,-0.026301207,,
07:58:12.910,0.018144886,-0.030442841,-0.011839068,0.043907246,0.010554728,-0.026257943,,
07:58:12.915,0.018144456,-0.030442505,-0.011824176,0.043908915,0.010629177,-0.026217623,,
07:58:12.920,0.01810673,-0.030442201,-0.011777249,0.043849436,0.010718573,-0.0261546,,
07:58:12.925,0.018100059,-0.030448686,-0.011788648,0.043864995,0.010810397,-0.026108967,,
07:58:12.930,0.018101023,-0.03046517,-0.011794659,0.043915123,0.01087849,-0.026085757,,
07:58:12.935,0.018089198,-0.030462028,-0.011752556,0.04385892,0.010961414,-0.026045802,,
07:58:12.940,0.018068378,-0.030459458,-0.011750126,0.043853981,0.011047571,-0.025993807,,
07:58:12.945,0.018078368,-0.030452006,-0.011773905,0.043911186,0.011129667,-0.025957282,,
07:58:12.950,0.018049829,-0.030457394,-0.011739429,0.043896195,0.011215294,-0.025918796,,
07:58:12.955,0.018012143,-0.03045402,-0.011709466,0.043846188,0.011304267,-0.025860375,,
07:58:12.960,0.018026907,-0.030448943,-0.011734813,0.043866265,0.011391339,-0.025816294,,
07:58:12.965,0.01803643,-0.030449506,-0.011717786,0.043873159,0.011467116,-0.025777219,,
07:58:12.970,0.017987784,-0.030453828,-0.011678048,0.043838645,0.011559352,-0.025740093,,
07:58:12.975,0.017968763,-0.030454509,-0.011679275,0.043856311,0.011650919,-0.025700761,,
07:58:12.980,0.017992003,-0.030444739,-0.011686334,0.043883572,0.011734274,-0.025652568,,
07:58:12.985,0.017965712,-0.030439297,-0.011645109,0.04384139,0.011819863,-0.025603606,,
07:58:12.990,0.017921531,-0.030445668,-0.011640771,0.043835939,0.011905956,-0.025563427,,
07:58:12.995,0.01792235,-0.030458011,-0.011660796,0.043875458,0.011990081,-0.02552417,,
07:58:13.000,0.017940578,-0.030439999,-0.011630136,0.043834164,0.012067414,-0.025474172,,
07:58:13.005,0.017916521,-0.030430497,-0.011616947,0.043805843,0.01215277,-0.025427544,,
07:58:13.010,0.017893442,-0.030456974,-0.011641339,0.043857308,0.01223362,-0.025406612,,
07:58:13.015,0.017900518,-0.030463927,-0.011630761,0.043851515,0.012319198,-0.025362757,,
07:58:13.020,0.017902704,-0.03044006,-0.011593907,0.043767735,0.012404639,-0.025290273,,
07:58:13.025,0.017864536,-0.030443107,-0.011612386,0.04381063,0.012475967,-0.025261645,,
07:58:13.030,0.017851994,-0.030463249,-0.011609451,0.0438546,0.012572927,-0.025228213,,
07:58:13.035,0.017851644,-0.030464052,-0.011564364,0.043783103,0.012665877,-0.025159044,,
07:58:13.040,0.017843348,-0.030451162,-0.011560664,0.043764018,0.012738733,-0.025111192,,
07:58:13.045,0.01783025,-0.030458554,-0.011581502,0.043846049,0.012819369,-0.025088663,,
07:58:13.050,0.017795742,-0.030471664,-0.011539987,0.043833514,0.01292239,-0.025034065,,
07:58:13.055,0.017803017,-0.030450933,-0.011510674,0.043738627,0.013015066,-0.024960895,,
07:58:13.060,0.017801986,-0.030439011,-0.011535827,0.043791513,0.013085414,-0.024935636,,
07:58:13.065,0.017781705,-0.030444007,-0.011513075,0.043839251,0.013167301,-0.024911652,,
07:58:13.070,0.017755826,-0.030448629,-0.011472835,0.04376925,0.0132734,-0.024848074,,
07:58:13.075,0.017760161,-0.030450359,-0.011490395,0.043759828,0.0133429,-0.024798836,,
07:58:13.080,0.017765598,-0.030448834,-0.01150354,0.043805658,0.013410206,-0.024778562,,
07:58:13.085,0.017735021,-0.030443721,-0.011457479,0.043777726,0.013517507,-0.024725763,,
07:58:13.090,0.017726445,-0.030441998,-0.011461395,0.043743166,0.013622854,-0.02465857,,
07:58:13.095,0.017730033,-0.030444761,-0.01148798,0.043778683,0.013704815,-0.024620102,,
07:58:13.100,0.017704419,-0.030442039,-0.011463142,0.043780286,0.013793287,-0.02458283,,
07:58:13.105,0.017676065,-0.030431902,-0.011430925,0.043729122,0.013902971,-0.024523089,,
07:58:13.110,0.017693952,-0.030430089,-0.011456621,0.043748757,0.013989016,-0.024474231,,
07:58:13.115,0.017678318,-0.030442838,-0.01144587,0.043776849,0.014060055,-0.024446126,,
07:58:13.120,0.017625908,-0.030446834,-0.011398114,0.043723468,0.014161524,-0.024392422,,
07:58:13.125,0.017634558,-0.030437804,-0.011410286,0.043717033,0.014248975,-0.024334054,,
07:58:13.130,0.017651454,-0.030435224,-0.011418973,0.04375199,0.014314419,-0.024295085,,
07:58:13.135,0.017600845,-0.030447028,-0.011378795,0.043732835,0.014399541,-0.02426288,,
07:58:13.140,0.017577305,-0.030451167,-0.011361052,0.043696136,0.014499847,-0.024209596,,
07:58:13.145,0.017622396,-0.030437122,-0.01138304,0.043718816,0.014578067,-0.024163413,,
07:58:13.150,0.017602345,-0.030434836,-0.011353332,0.043720177,0.014651949,-0.024123202,,
07:58:13.155,0.017535423,-0.03044642,-0.011331567,0.043696252,0.014744014,-0.024077642,,
07:58:13.160,0.017549939,-0.030439846,-0.011345458,0.043703675,0.014842422,-0.024027322,,
07:58:13.165,0.017583275,-0.030415563,-0.011337635,0.043707613,0.01492288,-0.023979501,,
07:58:13.170,0.017522195,-0.030415822,-0.011311568,0.04367773,0.015018884,-0.023936687,,
07:58:13.175,0.017479567,-0.030424962,-0.011320784,0.043684522,0.015117813,-0.023889957,,
07:58:13.180,0.017516683,-0.030419371,-0.011321082,0.043693018,0.01520038,-0.023837864,,
07:58:13.185,0.017524275,-0.030399482,-0.011280975,0.043644109,0.015287471,-0.02378915,,
07:58:13.190,0.017466944,-0.030405245,-0.011280524,0.043665599,0.015380935,-0.023748713,,
07:58:13.195,0.017461874,-0.030416994,-0.011288009,0.043710103,0.015476246,-0.023706246,,
07:58:13.200,0.017474125,-0.030405004,-0.011253587,0.043654727,0.015569707,-0.023647348,,
07:58:13.205,0.017451306,-0.030390053,-0.011227656,0.043619974,0.015647447,-0.023594545,,
07:58:13.210,0.017417925,-0.030406122,-0.011248819,0.043682337,0.015735174,-0.023562381,,
07:58:13.215,0.017407424,-0.030415136,-0.011226377,0.043668811,0.015833121,-0.023505465,,
07:58:13.220,0.017413999,-0.030394594,-0.011189533,0.043579251,0.015923664,-0.023435857,,
07:58:13.225,0.017387751,-0.030397184,-0.011202297,0.043608105,0.015992715,-0.023409615,,
07:58:13.230,0.017347438,-0.030419375,-0.011203956,0.043678281,0.016065328,-0.023378776,,
07:58:13.235,0.017346487,-0.030412772,-0.011160891,0.043593389,0.016176846,-0.023307232,,
07:58:13.240,0.017360983,-0.030391407,-0.011163753,0.043550938,0.016256864,-0.023249873,,
07:58:13.245,0.017339501,-0.030399407,-0.011186452,0.043650154,0.016325549,-0.023233483,,
07:58:13.250,0.017305615,-0.030405996,-0.011145223,0.043632369,0.016437269,-0.023180757,,
07:58:13.255,0.017299369,-0.030390158,-0.011121189,0.04354624,0.016544699,-0.023101797,,
07:58:13.260,0.017297338,-0.030381687,-0.0111472,0.043584452,0.01661338,-0.023065588,,
07:58:13.265,0.01727264,-0.030379205,-0.011133937,0.043625058,0.016701591,-0.02302725,,
07:58:13.270,0.017242161,-0.030372887,-0.011082495,0.043559081,0.01682419,-0.02295696,,
07:58:13.275,0.017249519,-0.030369309,-0.011098157,0.043546806,0.016905915,-0.022905857,,
07:58:13.280,0.017248173,-0.030375768,-0.01110306,0.043608292,0.016981584,-0.022880722,,
07:58:13.285,0.017219507,-0.030371955,-0.011052408,0.043581012,0.017080009,-0.022831734,,
07:58:13.290,0.017222375,-0.030362383,-0.011040824,0.043531159,0.017181831,-0.022761313,,
07:58:13.295,0.017241175,-0.030369695,-0.011062461,0.043579913,0.017268575,-0.022730658,,
07:58:13.300,0.017200145,-0.030378648,-0.011034467,0.043582632,0.017348632,-0.022703191,,
07:58:13.305,0.01716307,-0.030363594,-0.011005617,0.043501314,0.017450245,-0.022629171,,
07:58:13.310,0.01717568,-0.030350396,-0.011034457,0.043511383,0.017542616,-0.022574565,,
07:58:13.315,0.017175757,-0.030347493,-0.011020447,0.043531519,0.017626032,-0.022539014,,
07:58:13.320,0.017125708,-0.030353737,-0.010975101,0.043488939,0.017722201,-0.022483696,,
07:58:13.325,0.017115502,-0.030354487,-0.010979043,0.043488149,0.017823491,-0.022428276,,
07:58:13.330,0.01713947,-0.03035049,-0.010988682,0.043518065,0.017903886,-0.02238385,,
07:58:13.335,0.017100571,-0.030355324,-0.010943788,0.043487017,0.017982326,-0.022331241,,
07:58:13.340,0.017067392,-0.030359745,-0.010928907,0.043473949,0.018081902,-0.022272646,,
07:58:13.345,0.017077856,-0.030362148,-0.010948523,0.043507127,0.018182885,-0.022218956,,
07:58:13.350,0.01707702,-0.030346184,-0.01092364,0.04347298,0.018269639,-0.022154704,,
07:58:13.355,0.017036975,-0.030329593,-0.010896334,0.043434557,0.01835201,-0.022100226,,
07:58:13.360,0.01701481,-0.030332258,-0.010914504,0.043469145,0.018442668,-0.022070125,,
07:58:13.365,0.017020454,-0.030329222,-0.010902415,0.043460947,0.01853688,-0.02202415,,
07:58:13.370,0.017007767,-0.030313606,-0.010861153,0.043383068,0.018625734,-0.021964257,,
07:58:13.375,0.016986789,-0.030309531,-0.0108759,0.043413864,0.01871062,-0.021929626,,
07:58:13.380,0.016973777,-0.030313691,-0.010873889,0.043464851,0.018811918,-0.021890804,,
07:58:13.385,0.016959163,-0.03030862,-0.010835183,0.043400438,0.018913009,-0.021825646,,
07:58:13.390,0.016945187,-0.030295262,-0.010831905,0.04336767,0.019004306,-0.021769385,,
07:58:13.395,0.016930559,-0.030295441,-0.010847631,0.043438714,0.019095781,-0.02173461,,
07:58:13.400,0.016897934,-0.030297673,-0.010810117,0.043430087,0.01920416,-0.021679923,,
07:58:13.405,0.01689881,-0.030284207,-0.010778949,0.043356646,0.0193065,-0.021608997,,
07:58:13.410,0.016895382,-0.030281871,-0.010801457,0.043397138,0.019376052,-0.021566979,,
07:58:13.415,0.016867386,-0.030286708,-0.010781534,0.043423631,0.019464732,-0.02152912,,
07:58:13.420,0.016842969,-0.030287356,-0.01073209,0.043348447,0.019570391,-0.02146203,,
07:58:13.425,0.016845673,-0.03027603,-0.010742951,0.043333548,0.019643184,-0.021402344,,
07:58:13.430,0.016842313,-0.030279938,-0.010761878,0.043376448,0.019721696,-0.02136998,,
07:58:13.435,0.016807379,-0.030278076,-0.010716514,0.043328493,0.019825843,-0.021316249,,
07:58:13.440,0.016780715,-0.030275822,-0.010714017,0.043296494,0.019919431,-0.021255317,,
07:58:13.445,0.016792075,-0.030274216,-0.010741181,0.04332727,0.020005831,-0.021213071,,
07:58:13.450,0.016777005,-0.03025946,-0.010717451,0.043313628,0.02010185,-0.021164429,,
07:58:13.455,0.016741438,-0.030252111,-0.010680528,0.043271775,0.020210645,-0.021103868,,
07:58:13.460,0.016740841,-0.030257375,-0.010696582,0.043301535,0.020311189,-0.021053231,,
07:58:13.465,0.016738814,-0.030255151,-0.01068274,0.043313506,0.020401643,-0.021006397,,
07:58:13.470,0.016703765,-0.030246684,-0.010635229,0.043251772,0.02050649,-0.020946234,,
07:58:13.475,0.016687991,-0.030252383,-0.010641092,0.043265234,0.020593893,-0.020896179,,
07:58:13.480,0.016702132,-0.03025808,-0.010638178,0.043295163,0.02066318,-0.020852237,,
07:58:13.485,0.016676395,-0.030250107,-0.010589844,0.043253361,0.020761704,-0.020796066,,
07:58:13.490,0.016638278,-0.030243187,-0.010570431,0.04323885,0.020863217,-0.020739567,,
07:58:13.495,0.016649878,-0.030238247,-0.0105939,0.043272511,0.020950272,-0.020695156,,
07:58:13.500,0.016645638,-0.030225434,-0.010566801,0.043247572,0.021039613,-0.020639864,,
07:58:13.505,0.016585776,-0.030223251,-0.010548441,0.043201682,0.021144321,-0.020580233,,
07:58:13.510,0.016568173,-0.030224739,-0.010568496,0.043224374,0.021250932,-0.020537844,,
07:58:13.515,0.016596531,-0.030211234,-0.010557499,0.043218196,0.021343906,-0.020482554,,
07:58:13.520,0.016562915,-0.030206094,-0.010515197,0.043166654,0.021435122,-0.020414455,,
07:58:13.525,0.01652307,-0.030212608,-0.010520594,0.043192045,0.021537034,-0.020371324,,
07:58:13.530,0.016536227,-0.030212406,-0.010522823,0.04322061,0.021631815,-0.020321475,,
07:58:13.535,0.016541901,-0.030187506,-0.010477802,0.043155378,0.021712924,-0.020253036,,
07:58:13.540,0.01650254,-0.030182897,-0.010480721,0.043147698,0.021806861,-0.020212861,,
07:58:13.545,0.016485756,-0.030195909,-0.010499019,0.043196081,0.021909669,-0.020177055,,
07:58:13.550,0.016493512,-0.030180631,-0.010463073,0.043148953,0.022002865,-0.020111792,,
07:58:13.555,0.016471698,-0.030157337,-0.010429289,0.043084624,0.022087504,-0.02004532,,
07:58:13.560,0.016439608,-0.030165157,-0.010450455,0.043137595,0.022181958,-0.020007153,,
07:58:13.565,0.016425036,-0.030176057,-0.010419078,0.043141323,0.022277119,-0.019953524,,
07:58:13.570,0.016418741,-0.030165238,-0.010380674,0.043049758,0.022378753,-0.019869779,,
07:58:13.575,0.016402399,-0.030156854,-0.010397213,0.043059175,0.022467584,-0.019819343,,
07:58:13.580,0.016387276,-0.03016126,-0.010402235,0.04312142,0.022553628,-0.019780669,,
07:58:13.585,0.016374967,-0.030157428,-0.010354046,0.04307184,0.022676408,-0.019708472,,
07:58:13.590,0.016347998,-0.030146932,-0.010349203,0.043027498,0.022779854,-0.019647258,,
07:58:13.595,0.016336162,-0.030142588,-0.0103694,0.043078357,0.022867651,-0.019617101,,
07:58:13.600,0.016306977,-0.030131449,-0.010326245,0.043070378,0.022968159,-0.01956812,,
07:58:13.605,0.016282459,-0.030120618,-0.010290651,0.043007636,0.023083674,-0.019500784,,
07:58:13.610,0.016294374,-0.030116824,-0.01030806,0.043016694,0.023165532,-0.019454641,,
07:58:13.615,0.016277154,-0.030113496,-0.010297147,0.043049877,0.02323969,-0.019413197,,
07:58:13.620,0.016245977,-0.030103539,-0.010243523,0.043000795,0.023343788,-0.019342813,,
07:58:13.625,0.016236144,-0.030103217,-0.010251368,0.042982825,0.023446654,-0.019271862,,
07:58:13.630,0.016229848,-0.030104052,-0.010255433,0.043019456,0.023519333,-0.019221145,,
07:58:13.635,0.016198046,-0.030095001,-0.01021426,0.042981191,0.023620953,-0.019161276,,
07:58:13.640,0.016171345,-0.030088139,-0.010203686,0.042933246,0.023728307,-0.019094544,,
07:58:13.645,0.016174236,-0.030087626,-0.010226078,0.04297017,0.023806151,-0.019054985,,
07:58:13.650,0.016168071,-0.030081525,-0.010200061,0.04296297,0.023904328,-0.019014707,,
07:58:13.655,0.016139584,-0.030076233,-0.010172059,0.042905984,0.02400758,-0.018954038,,
07:58:13.660,0.016127666,-0.030076232,-0.010191285,0.042929177,0.024101234,-0.018908355,,
07:58:13.665,0.016110568,-0.03007409,-0.01017809,0.042927739,0.024198722,-0.018858962,,
07:58:13.670,0.016073591,-0.030061789,-0.010134802,0.042869377,0.024306505,-0.018798537,,
07:58:13.675,0.016062165,-0.030051418,-0.010129937,0.04287557,0.024413278,-0.01874217,,
07:58:13.680,0.016060738,-0.030054195,-0.010139527,0.042910258,0.024503927,-0.01869634,,
07:58:13.685,0.016038459,-0.030046494,-0.010095514,0.042856749,0.024595892,-0.018639444,,
07:58:13.690,0.016019034,-0.030041658,-0.010082227,0.042833775,0.024694179,-0.018579342,,
07:58:13.695,0.016015137,-0.030041855,-0.010100817,0.042885576,0.024794565,-0.018531857,,
07:58:13.700,0.016011201,-0.030027383,-0.0100703,0.042852256,0.024897288,-0.018464157,,
07:58:13.705,0.015983944,-0.030021915,-0.010040633,0.042806718,0.024992239,-0.018396815,,
07:58:13.710,0.015971905,-0.030020174,-0.010060815,0.042843593,0.025099385,-0.018353829,,
07:58:13.715,0.015953954,-0.030017552,-0.01004743,0.042846011,0.025194102,-0.018300343,,
07:58:13.720,0.015934059,-0.029995154,-0.010003737,0.042764821,0.025280398,-0.018229358,,
07:58:13.725,0.015921515,-0.02998749,-0.010019039,0.04277083,0.025381353,-0.018186582,,
07:58:13.730,0.015908252,-0.030001556,-0.010019948,0.042822135,0.025477069,-0.018150212,,
07:58:13.735,0.015891974,-0.029997747,-0.009969465,0.042751041,0.025581496,-0.018074962,,
07:58:13.740,0.015875632,-0.029984884,-0.009952831,0.042709401,0.025676876,-0.018004242,,
07:58:13.745,0.015861905,-0.029995544,-0.009974606,0.042771792,0.025770559,-0.017961066,,
07:58:13.750,0.015847719,-0.02999513,-0.009935381,0.042741411,0.025886057,-0.017891057,,
07:58:13.755,0.015822928,-0.029973968,-0.009904898,0.042679552,0.025986385,-0.017810268,,
07:58:13.760,0.015803881,-0.029968005,-0.009929949,0.042711598,0.026073038,-0.017763345,,
07:58:13.765,0.015783994,-0.029970134,-0.00991345,0.042716544,0.026172445,-0.017716365,,
07:58:13.770,0.015751339,-0.029957724,-0.009866127,0.04265693,0.02627916,-0.017642585,,
07:58:13.775,0.015751616,-0.029934338,-0.009876019,0.042637808,0.026380253,-0.017589842,,
07:58:13.780,0.015740355,-0.02993226,-0.009887848,0.042681043,0.026467263,-0.017560518,,
07:58:13.785,0.015712542,-0.029918482,-0.009838951,0.042636672,0.02657155,-0.017497933,,
07:58:13.790,0.015690745,-0.02990378,-0.009830216,0.042591868,0.026675413,-0.01743609,,
07:58:13.795,0.015691684,-0.029906094,-0.009848002,0.042640358,0.026758432,-0.017391308,,
07:58:13.800,0.015669445,-0.029902611,-0.009815828,0.042628984,0.026865732,-0.017334388,,
07:58:13.805,0.015626838,-0.029895189,-0.009773813,0.042567467,0.026975504,-0.017261913,,
07:58:13.810,0.015631497,-0.029886788,-0.009789882,0.042586323,0.027070302,-0.017205086,,
07:58:13.815,0.015626536,-0.029883176,-0.009780076,0.042600097,0.027165613,-0.017156185,,
07:58:13.820,0.015596011,-0.02987175,-0.009737385,0.042535034,0.02726958,-0.017082663,,
07:58:13.825,0.015578695,-0.02986338,-0.009744086,0.042526302,0.027379603,-0.017016963,,
07:58:13.830,0.015574439,-0.029862575,-0.009750435,0.042550716,0.027461471,-0.016966406,,
07:58:13.835,0.015544015,-0.029852552,-0.009709112,0.042494632,0.027567186,-0.016898924,,
07:58:13.840,0.015512426,-0.029844231,-0.009690871,0.042462731,0.027676627,-0.016829892,,
07:58:13.845,0.01550465,-0.029850093,-0.009706134,0.042505696,0.027762999,-0.016780866,,
07:58:13.850,0.015499123,-0.029839069,-0.009661172,0.042481139,0.02786519,-0.016724983,,
07:58:13.855,0.015463619,-0.029825126,-0.009626622,0.042426127,0.027967722,-0.016663517,,
07:58:13.860,0.015436371,-0.029819548,-0.009642766,0.042466939,0.028069723,-0.01661631,,
07:58:13.865,0.015439342,-0.029809597,-0.009631059,0.0424696,0.028171549,-0.016563205,,
07:58:13.870,0.015418493,-0.029800051,-0.009590031,0.042393143,0.028270734,-0.016497172,,
07:58:13.875,0.015394861,-0.029791648,-0.009602166,0.042405106,0.028370037,-0.016446894,,
07:58:13.880,0.015388039,-0.029792976,-0.00960954,0.042447256,0.02846989,-0.016400752,,
07:58:13.885,0.01537826,-0.029779291,-0.009558424,0.042380709,0.028574008,-0.016322989,,
07:58:13.890,0.015352709,-0.029769194,-0.009546471,0.042353743,0.02868138,-0.016257255,,
07:58:13.895,0.015344226,-0.029774812,-0.009563083,0.042407252,0.028786864,-0.0162165,,
07:58:13.900,0.015329682,-0.029771045,-0.009532213,0.042387306,0.028892347,-0.016149208,,
07:58:13.905,0.015300097,-0.029756913,-0.009497235,0.042307362,0.028990922,-0.016072062,,
07:58:13.910,0.015271455,-0.02975806,-0.009525363,0.042335665,0.029078663,-0.016030816,,
07:58:13.915,0.015264242,-0.029749388,-0.009508409,0.04234282,0.029183808,-0.015975775,,
07:58:13.920,0.015251879,-0.029723592,-0.009461022,0.042265949,0.029292845,-0.015899237,,
07:58:13.925,0.015220234,-0.029714409,-0.009472489,0.042271804,0.029387154,-0.01584903,,
07:58:13.930,0.01520714,-0.029714816,-0.009479423,0.04231274,0.029491717,-0.015809168,,
07:58:13.935,0.015183453,-0.029710902,-0.009428189,0.042258779,0.029605264,-0.015736832,,
07:58:13.940,0.015175225,-0.029693407,-0.009412071,0.042212511,0.029703719,-0.015661798,,
07:58:13.945,0.015160798,-0.029697303,-0.009437143,0.042267034,0.029795866,-0.015615363,,
07:58:13.950,0.015129771,-0.029698643,-0.009405296,0.042251755,0.029893352,-0.015550249,,
07:58:13.955,0.01511987,-0.029670497,-0.009372389,0.042160867,0.030006093,-0.015457472,,
07:58:13.960,0.015121209,-0.02965362,-0.009387741,0.042180873,0.030103962,-0.015401181,,
07:58:13.965,0.015083966,-0.029664029,-0.00936826,0.042216825,0.030207145,-0.015362631,,
07:58:13.970,0.015061471,-0.029654381,-0.009304437,0.042138342,0.030327505,-0.015292866,,
07:58:13.975,0.015064436,-0.029638114,-0.009313353,0.042116642,0.030421075,-0.015224863,,
07:58:13.980,0.015059499,-0.029633067,-0.009316693,0.042164306,0.030511582,-0.01518116,,
07:58:13.985,0.015013627,-0.029634797,-0.009263346,0.042133946,0.03061452,-0.015120522,,
07:58:13.990,0.014992584,-0.029616715,-0.00924608,0.042079132,0.030727854,-0.015043351,,
07:58:13.995,0.015005954,-0.029597943,-0.009271809,0.042108746,0.030836861,-0.014988858,,
07:58:14.000,0.014970393,-0.029591217,-0.009245535,0.042103908,0.030932591,-0.01493335,,
07:58:14.005,0.014914346,-0.029588255,-0.009207455,0.042047463,0.031047328,-0.014866594,,
07:58:14.010,0.014909066,-0.029575774,-0.009231209,0.042042598,0.031152591,-0.014811711,,
07:58:14.015,0.014918544,-0.029555835,-0.009225508,0.042043958,0.031238795,-0.014765172,,
07:58:14.020,0.014884232,-0.029541399,-0.009178881,0.041996741,0.031349769,-0.014700661,,
07:58:14.025,0.014857168,-0.029540035,-0.00917985,0.041995154,0.031452721,-0.01463123,,
07:58:14.030,0.014856708,-0.029536061,-0.009191274,0.042026966,0.031551565,-0.014571366,,
07:58:14.035,0.014831633,-0.02952089,-0.009140664,0.041968098,0.031653085,-0.014496219,,
07:58:14.040,0.014798677,-0.02951453,-0.009117489,0.041935588,0.031748589,-0.014419769,,
07:58:14.045,0.014790539,-0.02951681,-0.00912602,0.041969681,0.031854927,-0.014360128,,
07:58:14.050,0.014769275,-0.029509481,-0.00909559,0.041935305,0.031955235,-0.01429636,,
07:58:14.055,0.014735362,-0.029491357,-0.009059158,0.041872095,0.032056576,-0.014223108,,
07:58:14.060,0.014731013,-0.029487539,-0.009069721,0.041897535,0.032168057,-0.014165735,,
07:58:14.065,0.014716794,-0.029489745,-0.009054949,0.04191498,0.032276922,-0.014115937,,
07:58:14.070,0.014679181,-0.029465567,-0.009006638,0.04184356,0.03238923,-0.014048324,,
07:58:14.075,0.014660543,-0.029457843,-0.009009354,0.041828443,0.032485005,-0.013987613,,
07:58:14.080,0.014670517,-0.029455866,-0.009013523,0.041863474,0.032579929,-0.013939151,,
07:58:14.085,0.014642546,-0.029440588,-0.008971545,0.041817978,0.032694575,-0.013868051,,
07:58:14.090,0.014605281,-0.029439161,-0.008957618,0.041773197,0.032802774,-0.01379906,,
07:58:14.095,0.014604593,-0.029432047,-0.008981266,0.041821361,0.032900874,-0.013753487,,
07:58:14.100,0.014589554,-0.029406056,-0.008950942,0.041801896,0.033015204,-0.013685261,,
07:58:14.105,0.014554942,-0.029388053,-0.008919059,0.041717724,0.033129991,-0.0136105,,
07:58:14.110,0.014529358,-0.029383301,-0.008934065,0.041747431,0.03323404,-0.013564585,,
07:58:14.115,0.014527432,-0.029374832,-0.008924273,0.041766665,0.033343772,-0.013510529,,
07:58:14.120,0.014511805,-0.029357131,-0.008878622,0.041680337,0.033459024,-0.013425572,,
07:58:14.125,0.01448118,-0.029353159,-0.008878131,0.041669404,0.03355645,-0.01335513,,
07:58:14.130,0.014457715,-0.029364091,-0.008879669,0.04171957,0.033650542,-0.013309381,,
07:58:14.135,0.014440798,-0.029348082,-0.008827902,0.04165567,0.033768706,-0.013225708,,
07:58:14.140,0.014427792,-0.029330209,-0.008808177,0.04159885,0.033863318,-0.013133249,,
07:58:14.145,0.014402969,-0.029334905,-0.008822593,0.041646505,0.033949643,-0.013089643,,
07:58:14.150,0.014358435,-0.029334134,-0.00878679,0.041632057,0.034058539,-0.013038312,,
07:58:14.155,0.014343162,-0.029313904,-0.008749038,0.041547551,0.034165495,-0.012954073,,
07:58:14.160,0.014360628,-0.029297534,-0.008769406,0.041563614,0.034262804,-0.012898788,,
07:58:14.165,0.014321151,-0.029299755,-0.008754952,0.041602774,0.034364813,-0.012853821,,
07:58:14.170,0.014276276,-0.029287392,-0.008706221,0.041538463,0.034488252,-0.012776483,,
07:58:14.175,0.014270961,-0.029267762,-0.00871379,0.041505367,0.034605578,-0.012702738,,
07:58:14.180,0.014282088,-0.029254058,-0.008722351,0.041537374,0.034689627,-0.012651892,,
07:58:14.185,0.014229396,-0.029251739,-0.008676437,0.041512768,0.034795647,-0.012592884,,
07:58:14.190,0.014185942,-0.029241954,-0.008658762,0.041460448,0.034921768,-0.012522002,,
07:58:14.195,0.014212945,-0.02922581,-0.0086856,0.041470034,0.03503388,-0.012461931,,
07:58:14.200,0.014211566,-0.029202111,-0.008651571,0.041453803,0.035133656,-0.01240019,,
07:58:14.205,0.014146951,-0.029186849,-0.008607387,0.041419157,0.035249016,-0.012333426,,
07:58:14.210,0.014132401,-0.02918556,-0.008615125,0.041431538,0.03537966,-0.012268709,,
07:58:14.215,0.014159442,-0.029178129,-0.008602523,0.041416177,0.035483315,-0.012196472,,
07:58:14.220,0.014132811,-0.029151714,-0.008550546,0.041345071,0.035573242,-0.012116605,,
07:58:14.225,0.014067675,-0.029150582,-0.008547874,0.041362308,0.03567882,-0.012051386,,
07:58:14.230,0.014046938,-0.029163004,-0.008551481,0.041386917,0.03578668,-0.011986684,,
07:58:14.235,0.014053092,-0.029145247,-0.008505697,0.041293704,0.03588143,-0.011901971,,
07:58:14.240,0.014025248,-0.029120117,-0.008488734,0.041260846,0.035972094,-0.011830302,,
07:58:14.245,0.013989142,-0.029126868,-0.008503022,0.041329142,0.036092345,-0.011787521,,
07:58:14.250,0.013971586,-0.02912263,-0.008466438,0.041282852,0.036214618,-0.0117164,,
07:58:14.255,0.013958382,-0.029090697,-0.008431945,0.041192798,0.036314359,-0.011638278,,
07:58:14.260,0.013938861,-0.029070539,-0.008453774,0.041241783,0.036416045,-0.011603483,,
07:58:14.265,0.013896783,-0.029069533,-0.008438044,0.041266096,0.036525263,-0.011551141,,
07:58:14.270,0.013873173,-0.029055884,-0.008391998,0.041173952,0.036638821,-0.01146385,,
07:58:14.275,0.013886014,-0.029031923,-0.008396394,0.041143398,0.036738534,-0.011391715,,
07:58:14.280,0.013867914,-0.029030903,-0.008404645,0.041221075,0.036831656,-0.011344803,,
07:58:14.285,0.013806291,-0.029035407,-0.008356088,0.041184823,0.036958623,-0.011273012,,
07:58:14.290,0.013797338,-0.029016683,-0.008338963,0.041086097,0.037082563,-0.01117592,,
07:58:14.295,0.013820039,-0.028995087,-0.008356049,0.041113028,0.037173747,-0.011122721,,
07:58:14.300,0.013788636,-0.028986757,-0.008319724,0.041122485,0.037287716,-0.011072745,,
07:58:14.305,0.013732724,-0.028992111,-0.008282174,0.041059259,0.037423407,-0.01098718,,
07:58:14.310,0.013731506,-0.028978233,-0.008296874,0.041047023,0.037522927,-0.010920634,,
07:58:14.315,0.013727204,-0.02895931,-0.008290783,0.041063099,0.037619226,-0.010864024,,
07:58:14.320,0.013672704,-0.028947814,-0.008239775,0.041021518,0.037731188,-0.010786303,,
07:58:14.325,0.013646657,-0.02893897,-0.008236346,0.040989661,0.037839282,-0.010706526,,
07:58:14.330,0.013652706,-0.028926155,-0.008239689,0.040998382,0.03794063,-0.01064314,,
07:58:14.335,0.013631216,-0.028912968,-0.008189808,0.040956067,0.038041591,-0.010577466,,
07:58:14.340,0.013593484,-0.028907143,-0.008166667,0.040926083,0.038160946,-0.010506893,,
07:58:14.345,0.013579126,-0.028903282,-0.00818856,0.040954798,0.038268623,-0.010444731,,
07:58:14.350,0.013574608,-0.028888948,-0.008153511,0.040913806,0.038375205,-0.010377284,,
07:58:14.355,0.013540186,-0.028871574,-0.008108999,0.040856361,0.038482898,-0.010305747,,
07:58:14.360,0.013512295,-0.028857391,-0.008121253,0.040881759,0.03859312,-0.010247526,,
07:58:14.365,0.013503225,-0.02884782,-0.00810747,0.040873281,0.038701828,-0.010188186,,
07:58:14.370,0.013466344,-0.028823399,-0.008057914,0.040801342,0.038811883,-0.01011444,,
07:58:14.375,0.013444071,-0.028811679,-0.008056206,0.040790176,0.038928804,-0.010051997,,
07:58:14.380,0.013444373,-0.028809576,-0.008064446,0.040816591,0.039037574,-0.009989132,,
07:58:14.385,0.013414719,-0.028785706,-0.008018991,0.040768071,0.039149668,-0.009904321,,
07:58:14.390,0.01337006,-0.028787423,-0.008004111,0.040730699,0.039261985,-0.009828065,,
07:58:14.395,0.013372448,-0.028779502,-0.008023247,0.040755211,0.039372105,-0.009760989,,
07:58:14.400,0.013364018,-0.028764454,-0.007992075,0.040729624,0.039483565,-0.009683382,,
07:58:14.405,0.013293667,-0.028761548,-0.007959326,0.040669526,0.039595149,-0.009602221,,
07:58:14.410,0.013271987,-0.028749177,-0.007972204,0.04067901,0.039709812,-0.0095443,,
07:58:14.415,0.013284106,-0.028736098,-0.007956929,0.040672098,0.039808736,-0.009481084,,
07:58:14.420,0.013240715,-0.028712695,-0.00791371,0.040606159,0.039919985,-0.009403955,,
07:58:14.425,0.013206317,-0.028693928,-0.007910096,0.040600484,0.040029975,-0.009339749,,
07:58:14.430,0.013203116,-0.028694508,-0.007905565,0.040626037,0.040135794,-0.009279119,,
07:58:14.435,0.013189781,-0.028677734,-0.007850657,0.040555001,0.040251742,-0.00919233,,
07:58:14.440,0.0131627,-0.028640784,-0.007832975,0.040511934,0.040363999,-0.009116507,,
07:58:14.445,0.013137927,-0.028642011,-0.007848923,0.040562453,0.040464672,-0.009076099,,
07:58:14.450,0.013127275,-0.02864032,-0.007812571,0.040527029,0.040578162,-0.009003744,,
07:58:14.455,0.013108227,-0.028608494,-0.007776961,0.040446552,0.040705521,-0.008916245,,
07:58:14.460,0.013065801,-0.028598776,-0.007789039,0.040470163,0.040806144,-0.008857094,,
07:58:14.465,0.013048338,-0.028588437,-0.007770693,0.040485777,0.040915988,-0.008793477,,
07:58:14.470,0.013022653,-0.028571341,-0.00771717,0.04039191,0.04104274,-0.008702391,,
07:58:14.475,0.012999351,-0.028557919,-0.007714358,0.040369498,0.041156858,-0.008629153,,
07:58:14.480,0.012984879,-0.02855073,-0.007717063,0.040428089,0.041258501,-0.008580065,,
07:58:14.485,0.012950301,-0.028538329,-0.00766815,0.040375639,0.041378457,-0.008497667,,
07:58:14.490,0.012921697,-0.028514795,-0.007652791,0.040310576,0.041496257,-0.00841132,,
07:58:14.495,0.012923721,-0.028497373,-0.00767136,0.040341344,0.041592692,-0.008348803,,
07:58:14.500,0.012884502,-0.028500051,-0.007641049,0.04033655,0.041704638,-0.008283039,,
07:58:14.505,0.012850442,-0.028475468,-0.007603397,0.040255284,0.041839331,-0.008193117,,
07:58:14.510,0.012856893,-0.028454849,-0.007618466,0.040245444,0.041952686,-0.008122143,,
07:58:14.515,0.012826207,-0.028454961,-0.007607969,0.040261204,0.042050124,-0.008069328,,
07:58:14.520,0.012773386,-0.02844481,-0.007558351,0.040207073,0.042172095,-0.007994303,,
07:58:14.525,0.012764977,-0.028431724,-0.007553424,0.040169259,0.042286985,-0.007918142,,
07:58:14.530,0.012770852,-0.028421829,-0.007554446,0.040192628,0.042387285,-0.00785659,,
07:58:14.535,0.012726323,-0.02840985,-0.007500739,0.040157905,0.042494999,-0.007784088,,
07:58:14.540,0.012676611,-0.028397447,-0.007477217,0.040106062,0.042616605,-0.007695945,,
07:58:14.545,0.012673942,-0.028386115,-0.00749529,0.040120197,0.042720802,-0.00762605,,
07:58:14.550,0.012675757,-0.028361289,-0.007465681,0.040084314,0.0428241,-0.007566047,,
07:58:14.555,0.012620511,-0.028349527,-0.007430595,0.040031863,0.042946675,-0.00749486,,
07:58:14.560,0.012599383,-0.02833911,-0.007439726,0.040038868,0.043058085,-0.007425776,,
07:58:14.565,0.012595437,-0.028321605,-0.007423617,0.040031314,0.043175904,-0.007355576,,
07:58:14.570,0.012566948,-0.028298886,-0.007374118,0.039955257,0.04328645,-0.00727172,,
07:58:14.575,0.012527212,-0.028290799,-0.007372648,0.039952674,0.043400389,-0.007206637,,
07:58:14.580,0.012520064,-0.028277813,-0.007379032,0.039989373,0.043516651,-0.007145109,,
07:58:14.585,0.012504487,-0.028261006,-0.007338867,0.039930014,0.043633166,-0.00706345,,
07:58:14.590,0.012459643,-0.028251042,-0.007321256,0.039889384,0.043741171,-0.006987045,,
07:58:14.595,0.012435866,-0.028242639,-0.007340127,0.03991874,0.043861077,-0.006921248,,
07:58:14.600,0.012422605,-0.028223932,-0.007304638,0.039879635,0.04398489,-0.006836461,,
07:58:14.605,0.012401514,-0.028189148,-0.007262158,0.039791213,0.044102019,-0.006750652,,
07:58:14.610,0.012377061,-0.02818123,-0.007271368,0.039809562,0.044217418,-0.006693264,,
07:58:14.615,0.012368605,-0.028180349,-0.007250831,0.039824087,0.044328703,-0.006617478,,
07:58:14.620,0.012335936,-0.028161549,-0.00719787,0.039750824,0.044441353,-0.006528714,,
07:58:14.625,0.012323536,-0.028140515,-0.007187831,0.039732677,0.044549261,-0.006458877,,
07:58:14.630,0.012293779,-0.028153333,-0.007191426,0.039776206,0.044653131,-0.006397794,,
07:58:14.635,0.012256624,-0.028144461,-0.007144589,0.039711076,0.044772258,-0.006308948,,
07:58:14.640,0.012233097,-0.028112533,-0.007119414,0.039636818,0.044899763,-0.006213234,,
07:58:14.645,0.012204635,-0.028098462,-0.007133522,0.039677823,0.044996808,-0.006155238,,
07:58:14.650,0.012171717,-0.028085666,-0.007104992,0.039648042,0.045115463,-0.006092966,,
07:58:14.655,0.012139967,-0.028059933,-0.007065323,0.039560059,0.045245716,-0.006001641,,
07:58:14.660,0.012130897,-0.028043121,-0.007079851,0.039575065,0.045356975,-0.005939051,,
07:58:14.665,0.012108571,-0.028030874,-0.007064325,0.039588313,0.045461803,-0.005887567,,
07:58:14.670,0.012066083,-0.02801226,-0.007009286,0.039515983,0.045588819,-0.005797176,,
07:58:14.675,0.012057016,-0.027986511,-0.007010039,0.039487706,0.045711101,-0.00570917,,
07:58:14.680,0.012054056,-0.027968417,-0.007015085,0.039526368,0.045816338,-0.005647324,,
07:58:14.685,0.012015656,-0.027954402,-0.006964219,0.039483149,0.045936647,-0.005572182,,
07:58:14.690,0.011980447,-0.02793557,-0.006937738,0.039417876,0.046060577,-0.005478367,,
07:58:14.695,0.011966494,-0.027931146,-0.006951362,0.039442665,0.046165226,-0.005405284,,
07:58:14.700,0.011942702,-0.027912852,-0.006914149,0.039417674,0.046270765,-0.00533725,,
07:58:14.705,0.011897838,-0.027889092,-0.006874499,0.039337977,0.046395933,-0.005248458,,
07:58:14.710,0.011886463,-0.027878072,-0.006887414,0.039345483,0.046509186,-0.00517413,,
07:58:14.715,0.011872582,-0.02787199,-0.006873932,0.039357428,0.04661977,-0.005109128,,
07:58:14.720,0.011825331,-0.027857559,-0.006813699,0.039284557,0.046743632,-0.005022034,,
07:58:14.725,0.01181316,-0.027833929,-0.006807414,0.039257996,0.046863621,-0.004944226,,
07:58:14.730,0.01179576,-0.027826996,-0.006817289,0.039282978,0.046980121,-0.004883254,,
07:58:14.735,0.011756976,-0.02781202,-0.006765957,0.039225165,0.047098133,-0.00480549,,
07:58:14.740,0.011714771,-0.027799817,-0.006742454,0.039163218,0.047216721,-0.004722529,,
07:58:14.745,0.011711396,-0.027798493,-0.006760819,0.039183779,0.047323316,-0.004657893,,
07:58:14.750,0.011706973,-0.027773393,-0.006730757,0.039164665,0.047437715,-0.004587478,,
07:58:14.755,0.011667108,-0.027748021,-0.006688132,0.039097647,0.047560765,-0.004501577,,
07:58:14.760,0.01163059,-0.027741626,-0.006696839,0.039119317,0.047680745,-0.004430434,,
07:58:14.765,0.011635587,-0.027718475,-0.006681284,0.039115172,0.047799705,-0.004352234,,
07:58:14.770,0.011610407,-0.02768579,-0.006632296,0.039027141,0.047914171,-0.004255273,,
07:58:14.775,0.011554975,-0.027667388,-0.006624859,0.039029568,0.048020051,-0.004182299,,
07:58:14.780,0.011532705,-0.027659579,-0.006626989,0.039050986,0.048139661,-0.004120154,,
07:58:14.785,0.011532492,-0.027632667,-0.006575249,0.038974311,0.048260999,-0.004027418,,
07:58:14.790,0.01149209,-0.027604406,-0.006555362,0.038927827,0.048375901,-0.003938173,,
07:58:14.795,0.011442332,-0.027603442,-0.006569523,0.038968254,0.048498298,-0.003880797,,
07:58:14.800,0.011432714,-0.027592513,-0.006531246,0.038917569,0.048623308,-0.00380437,,
07:58:14.805,0.0114219,-0.027562321,-0.006491208,0.038804081,0.048742674,-0.00371194,,
07:58:14.810,0.011381906,-0.027560739,-0.006512386,0.038838628,0.048842223,-0.003653246,,
07:58:14.815,0.0113457,-0.027567,-0.006496141,0.038857738,0.048966035,-0.003585465,,
07:58:14.820,0.011341293,-0.027541848,-0.006438632,0.03874705,0.049092166,-0.003475794,,
07:58:14.825,0.011330389,-0.027508356,-0.00644158,0.038726481,0.049191215,-0.003391145,,
07:58:14.830,0.011272906,-0.027507841,-0.006446848,0.038790843,0.049304274,-0.003342586,,
07:58:14.835,0.011236912,-0.027501648,-0.00638918,0.038720924,0.049440565,-0.003254284,,
07:58:14.840,0.011240373,-0.02746495,-0.006360506,0.038625686,0.049562667,-0.00315405,,
07:58:14.845,0.011215187,-0.027453136,-0.006374042,0.038685637,0.049663715,-0.003098764,,
07:58:14.850,0.011161788,-0.027453556,-0.006337028,0.038686608,0.049784147,-0.003026707,,
07:58:14.855,0.011144227,-0.027419192,-0.006289483,0.038583314,0.049916192,-0.002919316,,
07:58:14.860,0.011145018,-0.027393981,-0.006298684,0.038586308,0.050017123,-0.002840187,,
07:58:14.865,0.011117665,-0.027379705,-0.006280477,0.038606738,0.050138444,-0.002785075,,
07:58:14.870,0.011055713,-0.027364744,-0.006223671,0.038533673,0.050279589,-0.002697852,,
07:58:14.875,0.011046097,-0.027330711,-0.006224522,0.038465975,0.05040217,-0.002603604,,
07:58:14.880,0.011056278,-0.027310533,-0.006240108,0.038483461,0.050507395,-0.00254846,,
07:58:14.885,0.010997098,-0.027303142,-0.006195072,0.038468112,0.050627929,-0.00248756,,
07:58:14.890,0.010940562,-0.027287211,-0.006174106,0.038404137,0.050770749,-0.00239286,,
07:58:14.895,0.010953867,-0.027263297,-0.006194359,0.038408002,0.050883512,-0.002303088,,
07:58:14.900,0.010939199,-0.027239924,-0.006160889,0.038391377,0.050982632,-0.002228284,,
07:58:14.905,0.010861928,-0.027227593,-0.006109034,0.038334391,0.051113916,-0.002142118,,
07:58:14.910,0.010849162,-0.027216943,-0.006114142,0.038333117,0.051242317,-0.002056131,,
07:58:14.915,0.010859685,-0.027200651,-0.006099457,0.038328838,0.051353374,-0.001986398,,
07:58:14.920,0.010808598,-0.02718648,-0.006041953,0.038267031,0.05147055,-0.001905946,,
07:58:14.925,0.010760156,-0.027181977,-0.006027773,0.038248754,0.051593734,-0.001824327,,
07:58:14.930,0.010749008,-0.027168048,-0.006031067,0.038248396,0.051709576,-0.001742775,,
07:58:14.935,0.010735901,-0.027140123,-0.00598379,0.038174476,0.051825177,-0.001650217,,
07:58:14.940,0.010687259,-0.02711351,-0.00595465,0.038125163,0.051943877,-0.001568917,,
07:58:14.945,0.01065908,-0.027101405,-0.005962966,0.038152697,0.052060252,-0.001500444,,
07:58:14.950,0.010649285,-0.027087748,-0.005931166,0.038113396,0.052187967,-0.001417963,,
07:58:14.955,0.010627738,-0.027053383,-0.005893827,0.038032068,0.052306304,-0.001330292,,
07:58:14.960,0.010591598,-0.027041746,-0.005903431,0.038063053,0.052409174,-0.001266951,,
07:58:14.965,0.010567041,-0.027033464,-0.005895721,0.038075113,0.052541242,-0.001191447,,
07:58:14.970,0.010555081,-0.026996082,-0.005848438,0.037966917,0.052679093,-0.001092183,,
07:58:14.975,0.010531374,-0.026959282,-0.005845881,0.037938,0.052783672,-0.00101571,,
07:58:14.980,0.010474617,-0.026965414,-0.005853432,0.037988909,0.052898687,-0.000957906,,
07:58:14.985,0.010456958,-0.026944139,-0.005800612,0.037908437,0.053044503,-0.000856195,,
07:58:14.990,0.010441487,-0.026905677,-0.005769964,0.037830064,0.053169998,-0.000751178,,
07:58:14.995,0.010403352,-0.026896334,-0.005785061,0.037885062,0.053270946,-0.000685125,,
07:58:15.000,0.010363956,-0.026884046,-0.005746968,0.037853789,0.053417322,-0.000572488,,
07:58:15.005,0.010346977,-0.026856903,-0.005695568,0.037735829,0.053574565,-0.000399072,,
07:58:15.010,0.01033746,-0.026834471,-0.005707164,0.037744864,0.053705618,-0.000220036,,
07:58:15.015,0.010294397,-0.026829458,-0.00569377,0.037782745,0.053851068,5.01252E-06,,
07:58:15.020,0.010245427,-0.026824013,-0.005635414,0.037713416,0.054023995,0.000325455,,
07:58:15.025,0.010243043,-0.026804925,-0.005621802,0.037689765,0.054170511,0.000684145,,
07:58:15.030,0.010239789,-0.026780425,-0.005611196,0.037784325,0.054284414,0.001004546,,
07:58:15.035,0.010185307,-0.02676434,-0.005518812,0.037828079,0.054404569,0.001272488,,
07:58:15.040,0.010156495,-0.026736971,-0.005425305,0.037820539,0.054493622,0.001426597,,
07:58:15.045,0.010193516,-0.026688408,-0.005335154,0.037905884,0.054515707,0.001325909,,
07:58:15.050,0.01020354,-0.026636183,-0.005141524,0.037961614,0.054517034,0.000962525,,
07:58:15.055,0.010182299,-0.026588994,-0.004891892,0.037891618,0.054539017,0.000434952,,
07:58:15.060,0.01022437,-0.026533989,-0.004673071,0.037782578,0.054614675,-9.38524E-05,,
07:58:15.065,0.010287188,-0.026471519,-0.00445251,0.037602649,0.054765383,-0.000446044,,
07:58:15.070,0.010255256,-0.026428404,-0.004264559,0.037348336,0.054983296,-0.000539635,,
07:58:15.075,0.010182536,-0.02641067,-0.004270017,0.037167063,0.055236485,-0.000381994,,
07:58:15.080,0.010129979,-0.026419688,-0.004479153,0.037055468,0.055482713,6.06989E-05,,
07:58:15.085,0.009997951,-0.026440291,-0.004837922,0.036995681,0.055711061,0.00083038,,
07:58:15.090,0.009780581,-0.026487237,-0.005337761,0.037120267,0.055922594,0.001745966,,
07:58:15.095,0.009613081,-0.026558658,-0.005841058,0.037479039,0.056014026,0.002496618,,
07:58:15.100,0.009538245,-0.026585693,-0.006133141,0.037814735,0.055975668,0.002935841,,
07:58:15.105,0.009515309,-0.026552498,-0.006200197,0.038042105,0.055950269,0.003050718,,
07:58:15.110,0.009521212,-0.026540968,-0.006101638,0.038239704,0.056007674,0.002964192,,
07:58:15.115,0.009666551,-0.026513554,-0.005705507,0.038185178,0.056182716,0.002921148,,
07:58:15.120,0.009925234,-0.026438212,-0.005006222,0.037806846,0.056439008,0.003027766,,
07:58:15.125,0.010189514,-0.026353103,-0.004254922,0.037328958,0.05670784,0.003142145,,
07:58:15.130,0.010367818,-0.026289271,-0.003684891,0.036867806,0.05694613,0.00313951,,
07:58:15.135,0.010398076,-0.026224613,-0.00337958,0.036408725,0.057108377,0.003218431,,
07:58:15.140,0.0102558,-0.026169223,-0.003398185,0.036132633,0.057314872,0.003766032,,
07:58:15.145,0.009980291,-0.026138828,-0.00359727,0.036229472,0.057677619,0.004925244,,
07:58:15.150,0.009693091,-0.026055221,-0.003714141,0.0366182,0.05802833,0.006353143,,
07:58:15.155,0.009467063,-0.025927197,-0.003720078,0.037296265,0.058145582,0.007556216,,
07:58:15.160,0.009302408,-0.025870419,-0.003775862,0.03825103,0.058089889,0.008411933,,
07:58:15.165,0.009188924,-0.025888764,-0.003805916,0.039161056,0.058118438,0.009122604,,
07:58:15.170,0.009280223,-0.025848969,-0.0035441,0.039759436,0.058264567,0.009729997,,
07:58:15.175,0.009734091,-0.025685855,-0.002788876,0.040049831,0.058380983,0.010001313,,
07:58:15.180,0.010414733,-0.025480456,-0.001610881,0.039974186,0.058416071,0.009823071,,
07:58:15.185,0.01097994,-0.02532398,-0.00043495,0.039470171,0.058491341,0.009369441,,
07:58:15.190,0.011275668,-0.025212626,0.000355214,0.038833356,0.058595537,0.008839487,,
07:58:15.195,0.011334406,-0.025115562,0.000835981,0.038368046,0.058629374,0.008328435,,
07:58:15.200,0.01120744,-0.02501783,0.001292466,0.038007847,0.058691176,0.007990591,,
07:58:15.205,0.01094944,-0.024946852,0.001661407,0.037738467,0.058844789,0.007827858,,
07:58:15.210,0.010603985,-0.024933457,0.001771023,0.037827365,0.058902556,0.007751337,,
07:58:15.215,0.010196311,-0.024972964,0.00167741,0.038293125,0.058841728,0.007966953,,
07:58:15.220,0.009805706,-0.025057793,0.001432993,0.038794826,0.05892289,0.008750314,,
07:58:15.225,0.009599627,-0.02510713,0.001029449,0.039190008,0.059344538,0.010104624,,
07:58:15.230,0.009633488,-0.02502108,0.000681567,0.039537855,0.059933549,0.011783031,,
07:58:15.235,0.009791971,-0.024870887,0.000448252,0.039922726,0.060353058,0.013441883,,
07:58:15.240,0.009972608,-0.024848045,9.68051E-05,0.040381427,0.060536975,0.01470623,,
07:58:15.245,0.010196834,-0.024926518,-0.000248639,0.040689332,0.060666822,0.015373786,,
07:58:15.250,0.010525177,-0.024847097,-5.9066E-05,0.040516868,0.060889364,0.01567665,,
07:58:15.255,0.011006589,-0.024610898,0.000859557,0.040004877,0.061154656,0.016051458,,
07:58:15.260,0.01153971,-0.024448483,0.002187999,0.039555542,0.061339625,0.016613645,,
07:58:15.265,0.011882262,-0.024402068,0.003660856,0.039247362,0.061429419,0.017003762,,
07:58:15.270,0.012009717,-0.024335497,0.00507088,0.03900677,0.061575031,0.017013195,,
07:58:15.275,0.012049272,-0.024221918,0.006103966,0.038852592,0.061838283,0.016899853,,
07:58:15.280,0.012030125,-0.024094956,0.006655876,0.038827794,0.062010932,0.016721333,,
07:58:15.285,0.011933455,-0.023977626,0.006962888,0.039085077,0.061986215,0.0162987,,
07:58:15.290,0.011873453,-0.023866821,0.007218019,0.0396784,0.06202942,0.015841289,,
07:58:15.295,0.011951209,-0.023716623,0.007413656,0.040303602,0.062427421,0.015766587,,
07:58:15.300,0.012014149,-0.023589874,0.007439137,0.040672093,0.062997427,0.016026494,,
07:58:15.305,0.011974991,-0.023586172,0.007206979,0.04101153,0.063361267,0.016229501,,
07:58:15.310,0.011991866,-0.02366498,0.00688405,0.041643426,0.063564696,0.016419522,,
07:58:15.315,0.012184938,-0.023683705,0.006759765,0.042307559,0.063851103,0.016953571,,
07:58:15.320,0.012467545,-0.023533118,0.006800354,0.042610882,0.064275153,0.017784364,,
07:58:15.325,0.012670661,-0.023262022,0.006813312,0.042619788,0.064660151,0.018558667,,
07:58:15.330,0.012684361,-0.023022243,0.006904581,0.042361146,0.0647516,0.019141368,,
07:58:15.335,0.012595339,-0.022858774,0.007182073,0.041754894,0.06456129,0.019591436,,
07:58:15.340,0.012458104,-0.022771207,0.007469179,0.04114964,0.064258239,0.019845916,,
07:58:15.345,0.012209194,-0.02273769,0.007754434,0.040892246,0.06399152,0.01982297,,
07:58:15.350,0.011956897,-0.022706855,0.008307788,0.040850972,0.06397993,0.019703454,,
07:58:15.355,0.011869759,-0.022770073,0.009070487,0.040768696,0.064204755,0.019613587,,
07:58:15.360,0.011899823,-0.023002436,0.009730128,0.04069769,0.064347393,0.019353454,,
07:58:15.365,0.011994123,-0.023187274,0.010304587,0.040654973,0.064340761,0.018825032,,
07:58:15.370,0.012246756,-0.023038951,0.010862276,0.040485001,0.064464517,0.018342117,,
07:58:15.375,0.01266257,-0.022607021,0.011166719,0.040076456,0.064872277,0.018377576,,
07:58:15.380,0.012918024,-0.022201686,0.010933568,0.039596182,0.065482778,0.019075533,,
07:58:15.385,0.012812837,-0.021975136,0.010186455,0.039463534,0.066123097,0.020107776,,
07:58:15.390,0.012632991,-0.021912642,0.009124404,0.039877613,0.066716434,0.021022823,,
07:58:15.395,0.012589311,-0.021905997,0.008063287,0.040501966,0.067166533,0.021603403,,
07:58:15.400,0.01270654,-0.021810976,0.00741257,0.041119886,0.067052775,0.021657195,,
07:58:15.405,0.013011628,-0.021661886,0.007310621,0.041882258,0.06626071,0.021003896,,
07:58:15.410,0.013368909,-0.02166721,0.007626912,0.042569069,0.065587824,0.019864524,,
07:58:15.415,0.013599908,-0.021893057,0.008345167,0.042753793,0.065866461,0.018901797,,
07:58:15.420,0.013771163,-0.022060091,0.009416687,0.042462674,0.066673638,0.018455618,,
07:58:15.425,0.013942892,-0.022094632,0.01047179,0.042120231,0.066998716,0.018291663,,
07:58:15.430,0.014002864,-0.022289387,0.011085362,0.041621798,0.06680828,0.018136581,,
07:58:15.435,0.013847984,-0.022563774,0.011101618,0.040574762,0.066527049,0.017584501,,
07:58:15.440,0.013566362,-0.022666981,0.010715556,0.039609048,0.0662211,0.016788794,,
07:58:15.445,0.013263784,-0.022728475,0.010221348,0.039638447,0.066143489,0.016517145,,
07:58:15.450,0.012860321,-0.022937877,0.009795806,0.040386942,0.066443694,0.016489719,,
07:58:15.455,0.012340646,-0.023217291,0.009498706,0.040809386,0.066695561,0.015594963,,
07:58:15.460,0.011834608,-0.023224998,0.009456088,0.040380561,0.066541431,0.013660211,,
07:58:15.465,0.011392607,-0.022846281,0.009644418,0.039634708,0.066103852,0.011540824,,
07:58:15.470,0.011003246,-0.022303505,0.009771134,0.039091402,0.065905817,0.009508846,,
07:58:15.475,0.010909853,-0.021680725,0.0098303,0.038448961,0.066198122,0.007027671,,
07:58:15.480,0.011206418,-0.021169803,0.009991542,0.037196412,0.066659166,0.004444119,,
07:58:15.485,0.011406435,-0.021194783,0.00982438,0.035319271,0.067007419,0.003269911,,
07:58:15.490,0.01097677,-0.021823088,0.008732356,0.033670363,0.067282527,0.004651129,,
07:58:15.495,0.010083199,-0.022492458,0.007007677,0.033084332,0.067574175,0.008429736,,
07:58:15.500,0.009148034,-0.022903599,0.005143242,0.033711847,0.067568315,0.012915118,,
07:58:15.505,0.00823741,-0.023464677,0.003033765,0.035379407,0.067038188,0.015585357,,
07:58:15.510,0.007321482,-0.024358569,0.000674042,0.037596891,0.066375173,0.015286243,,
07:58:15.515,0.006700157,-0.025132074,-0.001046161,0.039418472,0.065914513,0.013754202,,
07:58:15.520,0.007074782,-0.025206829,-0.00114136,0.039878925,0.065696448,0.013206093,,
07:58:15.525,0.008619504,-0.024716944,0.000535489,0.03855359,0.065763935,0.013402483,,
07:58:15.530,0.010571301,-0.024326093,0.003248172,0.035603714,0.066257245,0.01265547,,
07:58:15.535,0.012070016,-0.024325278,0.005536249,0.031793576,0.067418932,0.010586393,,
07:58:15.540,0.012653196,-0.024550404,0.006054498,0.028329632,0.068852137,0.008814555,,
07:58:15.545,0.012157449,-0.024742799,0.004882695,0.026251559,0.069839741,0.008937768,,
07:58:15.550,0.010877506,-0.024777479,0.003364988,0.026007516,0.070509459,0.010617292,,
07:58:15.555,0.009141417,-0.024627329,0.002313135,0.027382646,0.070905598,0.011792005,,
07:58:15.560,0.006806605,-0.024355193,0.001466154,0.029884712,0.070615665,0.011186859,,
07:58:15.565,0.003821648,-0.024226235,0.000525794,0.032807717,0.069788315,0.00947631,,
07:58:15.570,0.000982206,-0.024193601,-0.00013938,0.035483524,0.068827386,0.007738168,,
07:58:15.575,-0.000379081,-0.023856017,0.000241697,0.037667216,0.068087865,0.006702636,,
07:58:15.580,0.00036823,-0.023156201,0.00212075,0.038765946,0.067523504,0.006501439,,
07:58:15.585,0.002474903,-0.022475181,0.004775764,0.038531653,0.066555273,0.006217863,,
07:58:15.590,0.004776311,-0.022255157,0.006691955,0.037258583,0.065323531,0.004710678,,
07:58:15.595,0.006558017,-0.022691179,0.006838394,0.034667175,0.064686815,0.002442092,,
07:58:15.600,0.007516193,-0.023543779,0.005597952,0.030785527,0.065351198,0.002091704,,
07:58:15.605,0.008149918,-0.024086571,0.004360083,0.026311898,0.067108361,0.005236557,,
07:58:15.610,0.008924917,-0.024134807,0.003647727,0.02249682,0.068303334,0.009567743,,
07:58:15.615,0.009056261,-0.024621403,0.002336757,0.021083421,0.06771807,0.012115115,,
07:58:15.620,0.007655075,-0.026006272,-0.000884509,0.022752653,0.06611604,0.012409176,,
07:58:15.625,0.005077368,-0.027510481,-0.005406229,0.026264641,0.065364663,0.011345978,,
07:58:15.630,0.002512695,-0.028165202,-0.008916184,0.029560901,0.065998002,0.009386168,,
07:58:15.635,0.000818984,-0.027742499,-0.009692062,0.030631231,0.067214189,0.006481209,,
07:58:15.640,0.000114644,-0.026725413,-0.008136178,0.029523674,0.068164243,0.003594373,,
07:58:15.645,0.000177142,-0.025602125,-0.005700613,0.02766047,0.068765069,0.002346797,,
07:58:15.650,0.000599136,-0.024375136,-0.003310826,0.025756382,0.07050868,0.00345457,,
07:58:15.655,0.000866807,-0.023103942,-0.00175982,0.026206352,0.071129765,0.006230087,,
07:58:15.660,0.000627711,-0.022295905,-0.001815047,0.026312286,0.073128715,0.008491809,,
07:58:15.665,-0.000170413,-0.022213384,-0.003302303,0.029286432,0.072479708,0.010379325,,
07:58:15.670,-0.001118445,-0.022604513,-0.005108106,0.032788001,0.069875693,0.009932777,,
07:58:15.675,-0.001482274,-0.023151046,-0.005907852,0.028652539,0.078309382,0.008581614,,
07:58:15.680,-0.000876203,-0.023719463,-0.004952219,0.03837226,0.067139327,0.010293249,,
07:58:15.685,0.000390315,-0.024605952,-0.002737239,0.039975619,0.062929193,0.009788498,,
07:58:15.690,0.002100791,-0.025676344,-0.000367923,0.031672425,0.075943527,0.010414407,,
07:58:15.695,0.004265881,-0.026239591,0.001185082,0.03351725,0.070858342,0.008801074,,
07:58:15.700,0.006215024,-0.026257844,0.001046557,0.031784533,0.067327656,0.004145438,,
07:58:15.705,0.007379778,-0.026004033,-0.00099238,0.027423379,0.069581431,0.001532779,,
07:58:15.710,0.007833373,-0.025637867,-0.00394142,0.023837848,0.06959893,-0.000998935,,
07:58:15.715,0.007058902,-0.025604812,-0.006791419,0.019991449,0.071644894,-0.00229095,,
07:58:15.720,0.004713137,-0.0257885,-0.009123981,0.019163081,0.072366372,-0.001753727,,
07:58:15.725,0.001663888,-0.025250744,-0.010889618,0.0208898,0.072948167,0.000335182,,
07:58:15.730,-0.001511743,-0.024009313,-0.012723521,0.024663954,0.072732603,0.002720168,,
07:58:15.735,-0.004815308,-0.023247257,-0.0149027,0.029702464,0.071021169,0.004221286,,
07:58:15.740,-0.00717253,-0.0230713,-0.016403018,0.03396394,0.069495766,0.004717333,,
07:58:15.745,-0.007151072,-0.022403756,-0.016178057,0.036558497,0.068484214,0.004739909,,
07:58:15.750,-0.005053852,-0.021010828,-0.014439228,0.036930594,0.068896832,0.005105952,,
07:58:15.755,-0.002371526,-0.019592361,-0.012145209,0.03497592,0.07025289,0.006657614,,
07:58:15.760,8.17963E-05,-0.018687069,-0.010451948,0.03161466,0.071255643,0.009441704,,
07:58:15.765,0.00231596,-0.018379072,-0.009904853,0.028415207,0.071317589,0.013119631,,
07:58:15.770,0.004354299,-0.018679988,-0.010075181,0.02647028,0.070580165,0.017312818,,
07:58:15.775,0.005897195,-0.019949163,-0.010628432,0.026911988,0.069365223,0.021491215,,
07:58:15.780,0.006817387,-0.021965673,-0.011718126,0.029611882,0.068766559,0.023920869,,
07:58:15.785,0.007121409,-0.023935415,-0.013409533,0.032748301,0.069100645,0.02371074,,
07:58:15.790,0.007066634,-0.025412832,-0.014940163,0.034712829,0.070103506,0.021911954,,
07:58:15.795,0.007501917,-0.025852409,-0.014985913,0.035139907,0.071774369,0.020003344,,
07:58:15.800,0.00862426,-0.025430844,-0.012842919,0.034851154,0.073189225,0.018964653,,
07:58:15.805,0.009675693,-0.024842331,-0.010191176,0.034663859,0.073857969,0.019458182,,
07:58:15.810,0.010163224,-0.024411821,-0.009798931,0.034328709,0.074272125,0.021084035,,
07:58:15.815,0.010421667,-0.023893691,-0.012103843,0.033852234,0.075095703,0.021927542,,
07:58:15.820,0.010987524,-0.022836279,-0.014988458,0.034580582,0.076823915,0.020497662,,
07:58:15.825,0.011780049,-0.021372648,-0.016626847,0.037684463,0.078490985,0.016792172,,
07:58:15.830,0.012487759,-0.019702328,-0.016427318,0.042830665,0.078020574,0.011729946,,
07:58:15.835,0.012895906,-0.018153409,-0.014196282,0.047999586,0.07442617,0.006746795,,
07:58:15.840,0.012595192,-0.017234904,-0.010344583,0.050535254,0.06956472,0.003200947,,
07:58:15.845,0.011320458,-0.016921,-0.005992503,0.050079739,0.066344449,0.00174304,,
07:58:15.850,0.009580437,-0.017030416,-0.002679402,0.048638467,0.065543749,0.002290685,,
07:58:15.855,0.008513025,-0.017999906,-0.001388796,0.047392513,0.06558557,0.003002627,,
07:58:15.860,0.008798185,-0.02014184,-0.001898007,0.046072868,0.064784033,0.002639724,,
07:58:15.865,0.009990293,-0.022668067,-0.003701547,0.043531238,0.0642671,0.002356174,,
07:58:15.870,0.011425727,-0.024391825,-0.006593662,0.039417829,0.065869876,0.004726779,,
07:58:15.875,0.012704342,-0.025193876,-0.010331977,0.035857266,0.068632279,0.01133293,,
07:58:15.880,0.013783599,-0.025816459,-0.014124532,0.034296961,0.069818086,0.020840317,,
07:58:15.885,0.014987001,-0.026367802,-0.016726757,0.034420695,0.06842275,0.028267017,,
07:58:15.890,0.016110208,-0.02639745,-0.018151936,0.037113978,0.066572022,0.029494472,,
07:58:15.895,0.01628001,-0.026235377,-0.019831223,0.041880457,0.066356026,0.024265719,,
07:58:15.900,0.015715471,-0.02621232,-0.021490209,0.045143378,0.068167523,0.015088068,,
07:58:15.905,0.015862632,-0.025950685,-0.02072791,0.045455144,0.071004337,0.005225406,,
07:58:15.910,0.016878325,-0.025396404,-0.016641587,0.044150287,0.07326369,-0.001730848,,
07:58:15.915,0.017299163,-0.02464519,-0.011010782,0.041639845,0.074440067,-0.004096543,,
07:58:15.920,0.016378246,-0.023459043,-0.006322814,0.037982817,0.074888904,-0.001999615,,
07:58:15.925,0.014412659,-0.021914247,-0.004947732,0.034643774,0.075088457,0.003169232,,
07:58:15.930,0.011966501,-0.020878585,-0.008031822,0.033156846,0.075372175,0.009590139,,
07:58:15.935,0.010244771,-0.021547664,-0.013766217,0.034782788,0.07563017,0.016244587,,
07:58:15.940,0.01025208,-0.02395412,-0.018678169,0.039993596,0.075917313,0.02383333,,
07:58:15.945,0.011439515,-0.026833834,-0.020562384,0.047298693,0.075930968,0.032701769,,
07:58:15.950,0.012902286,-0.028996248,-0.019128589,0.054646488,0.074820496,0.041869679,,
07:58:15.955,0.01493891,-0.029627246,-0.015380956,0.060128289,0.072532595,0.04791611,,
07:58:15.960,0.018408453,-0.028686941,-0.010983263,0.062159829,0.07019979,0.046799958,,
07:58:15.965,0.023501298,-0.02769005,-0.006969696,0.059973407,0.06902944,0.039586087,,
07:58:15.970,0.029761969,-0.028178545,-0.002757455,0.053443261,0.069009825,0.03166794,,
07:58:15.975,0.035840312,-0.029462376,0.003075509,0.043578622,0.069084842,0.026025445,,
07:58:15.980,0.039333503,-0.030024594,0.010299407,0.032723811,0.069085171,0.022677868,,
07:58:15.985,0.038644141,-0.029557496,0.0164621,0.024023046,0.070361882,0.021806911,,
07:58:15.990,0.034012922,-0.028444161,0.018701916,0.020400621,0.072847172,0.02361373,,
07:58:15.995,0.026996804,-0.027031685,0.015994547,0.022692728,0.073969192,0.02608331,,
07:58:16.000,0.019893418,-0.025406292,0.009925583,0.029323041,0.072332862,0.027200673,,
07:58:16.005,0.014385615,-0.023707864,0.003060412,0.038863113,0.070384347,0.02781012,,
07:58:16.010,0.010868831,-0.022536256,-0.002884878,0.050119104,0.071372556,0.029029679,,
07:58:16.015,0.009064698,-0.022603517,-0.006548335,0.059964162,0.074065633,0.029983656,,
07:58:16.020,0.008901403,-0.023511464,-0.006505095,0.064950793,0.074314078,0.027740777,,
07:58:16.025,0.010613781,-0.02400908,-0.002794793,0.064254768,0.071698773,0.020855189,,
07:58:16.030,0.014073206,-0.023326576,0.002668252,0.059718304,0.069802198,0.013269593,,
07:58:16.035,0.01898992,-0.021379947,0.00754769,0.053965643,0.070740991,0.010994153,,
07:58:16.040,0.024520016,-0.019326498,0.010263331,0.048483946,0.073904038,0.015195278,,
07:58:16.045,0.02827512,-0.019381783,0.009733105,0.044299611,0.077170587,0.02330967,,
07:58:16.050,0.027924355,-0.022496113,0.005949154,0.041823016,0.079339248,0.032988127,,
07:58:16.055,0.023659319,-0.027256156,0.000590434,0.042760429,0.078930391,0.040073967,,
07:58:16.060,0.017723102,-0.031893473,-0.004277932,0.044887047,0.077744739,0.043500094,,
07:58:16.065,0.012650568,-0.035607372,-0.007319746,0.045631522,0.07833851,0.044683639,,
07:58:16.070,0.010397879,-0.037925597,-0.007359823,0.051221588,0.076174925,0.040473257,,
07:58:16.075,0.011881421,-0.038403594,-0.00331986,0.056859203,0.076728156,0.034496402,,
07:58:16.080,0.016052164,-0.036719997,0.004136826,0.059160112,0.08046361,0.030050903,,
07:58:16.085,0.020400768,-0.033574665,0.011929752,0.058176747,0.084743997,0.026801714,,
07:58:16.090,0.023214756,-0.030755147,0.017418587,0.051233447,0.08962097,0.023352029,,
07:58:16.095,0.024399999,-0.028897802,0.020906805,0.039915107,0.093153706,0.01797265,,
07:58:16.100,0.023720281,-0.027040514,0.02373483,0.028110477,0.095804952,0.013443009,,
07:58:16.105,0.020909253,-0.02415484,0.026802956,0.020453029,0.097725479,0.015267941,,
07:58:16.110,0.016747177,-0.020083188,0.030035096,0.01856288,0.098187644,0.024810218,,
07:58:16.115,0.012008696,-0.015540413,0.031448039,0.021364373,0.095686828,0.037269529,,
07:58:16.120,0.007087057,-0.011854755,0.028994276,0.027852991,0.091320703,0.04598438,,
07:58:16.125,0.002681153,-0.011046904,0.023085569,0.037152917,0.087047138,0.047628154,,
07:58:16.130,0.000436095,-0.013957427,0.017419258,0.046949785,0.082208353,0.042601502,,
07:58:16.135,0.001554227,-0.018943675,0.016727822,0.05375606,0.077343487,0.035161485,,
07:58:16.140,0.005582097,-0.023383398,0.022281616,0.055448659,0.075008576,0.030086405,,
07:58:16.145,0.011407237,-0.025252817,0.030823553,0.052143432,0.076182955,0.027837723,,
07:58:16.150,0.017477642,-0.024221776,0.037332405,0.044021815,0.079471577,0.024772889,,
07:58:16.155,0.021272448,-0.022217939,0.037595237,0.032545152,0.082656356,0.019770401,,
07:58:16.160,0.021128253,-0.021796937,0.030964666,0.022295396,0.084778025,0.016106436,,
07:58:16.165,0.017939686,-0.023215856,0.020878593,0.017438354,0.087313245,0.017238039,,
07:58:16.170,0.01359516,-0.024890316,0.011797931,0.017754395,0.090935301,0.022536038,,
07:58:16.175,0.008636591,-0.025997124,0.005515327,0.020365293,0.093987637,0.028773958,,
07:58:16.180,0.002999191,-0.026303514,0.000489168,0.023718201,0.096047847,0.0335564,,
07:58:16.185,-0.00216304,-0.024947691,-0.00454355,0.027299694,0.097940836,0.0350029,,
07:58:16.190,-0.005792768,-0.021678931,-0.008551693,0.030102706,0.09901214,0.032375169,,
07:58:16.195,-0.007989908,-0.018136634,-0.010423681,0.031817576,0.098777124,0.027332085,,
07:58:16.200,-0.008786802,-0.016114269,-0.010482391,0.03394842,0.099414836,0.022758796,,
07:58:16.205,-0.007310638,-0.015614301,-0.009236818,0.036647566,0.102624972,0.020837579,,
07:58:16.210,-0.003057116,-0.015441376,-0.00647422,0.036249465,0.105712235,0.02090858,,
07:58:16.215,0.002520249,-0.015398038,-0.001644692,0.030422834,0.104370066,0.0204059,,
07:58:16.220,0.006974762,-0.016455469,0.005423899,0.022214994,0.098225384,0.019357592,,
07:58:16.225,0.008753992,-0.018192107,0.013705954,0.016254308,0.090926054,0.019402617,,
07:58:16.230,0.008281234,-0.019016838,0.020214247,0.014262086,0.085777963,0.020098491,,
07:58:16.235,0.007014665,-0.01894379,0.021620636,0.015647367,0.083310225,0.020171992,,
07:58:16.240,0.005357839,-0.019554301,0.016985287,0.019856963,0.083113971,0.020737392,,
07:58:16.245,0.003413465,-0.021311421,0.009604783,0.024462024,0.084646392,0.023160422,,
07:58:16.250,0.002134534,-0.02231444,0.004605578,0.026031614,0.085610213,0.027439205,,
07:58:16.255,0.001531815,-0.021162519,0.003039117,0.024796161,0.08470041,0.030174387,,
07:58:16.260,0.000953645,-0.01898696,0.002091848,0.023758813,0.084149031,0.026849916,,
07:58:16.265,0.001086363,-0.017080412,0.001092716,0.024994115,0.085881195,0.017106623,,
07:58:16.270,0.00325963,-0.015275894,0.002745475,0.027952167,0.089396949,0.005384372,,
07:58:16.275,0.006296131,-0.013775078,0.008493446,0.030474402,0.093489479,-0.004088346,,
07:58:16.280,0.005992253,-0.013213372,0.016191803,0.03100384,0.09726675,-0.009368896,,
07:58:16.285,-0.00051501,-0.012435608,0.022930813,0.029963478,0.099846759,-0.011164331,,
07:58:16.290,-0.01143912,-0.009810307,0.027523658,0.028759112,0.100731164,-0.010328849,,
07:58:16.295,-0.023205824,-0.006620293,0.028463735,0.027636573,0.100620354,-0.006907715,,
07:58:16.300,-0.033817715,-0.005918186,0.023812957,0.025845819,0.100202878,-0.000153096,,
07:58:16.305,-0.041713255,-0.008551861,0.014602537,0.024053297,0.099337501,0.011229762,,
07:58:16.310,-0.044916435,-0.012053418,0.005122213,0.023542615,0.09769937,0.026465677,,
07:58:16.315,-0.042306288,-0.014442877,-0.000731193,0.022463313,0.095331998,0.042135066,,
07:58:16.320,-0.034812905,-0.016992406,-0.002563475,0.018603068,0.093222016,0.055566144,,
07:58:16.325,-0.024867298,-0.020496849,-0.002626491,0.013791768,0.092356667,0.06374324,,
07:58:16.330,-0.013746145,-0.023351481,-0.001874176,0.010831511,0.09189828,0.064694932,,
07:58:16.335,-0.001756274,-0.024623632,0.000403596,0.010119159,0.089926834,0.061038501,,
07:58:16.340,0.008974294,-0.024105997,0.003545919,0.010375851,0.08730785,0.056451472,,
07:58:16.345,0.015271898,-0.021584264,0.006013447,0.009703372,0.086753914,0.052232051,,
07:58:16.350,0.015783568,-0.018464337,0.007711423,0.007707628,0.088426687,0.049709961,,
07:58:16.355,0.011245594,-0.016751353,0.009696695,0.006758918,0.09109038,0.050223726,,
07:58:16.360,0.003979313,-0.016833223,0.011770187,0.009387427,0.09334773,0.05194518,,
07:58:16.365,-0.003426532,-0.017999157,0.01222974,0.015682396,0.09400099,0.052383763,,
07:58:16.370,-0.009182742,-0.019632973,0.011338338,0.0238032,0.093631569,0.052956947,,
07:58:16.375,-0.011988715,-0.020665404,0.012284994,0.031714039,0.093755513,0.055114789,,
07:58:16.380,-0.012394769,-0.018821174,0.017685111,0.037264202,0.094099019,0.056451995,,
07:58:16.385,-0.01233319,-0.013578623,0.027540624,0.038176302,0.092870604,0.053975734,,
07:58:16.390,-0.012652586,-0.008574397,0.039118004,0.034860617,0.090150638,0.047401384,,
07:58:16.395,-0.012341724,-0.007279444,0.047407645,0.031391579,0.087696252,0.038021594,,
07:58:16.400,-0.009222532,-0.009219111,0.049188314,0.029210475,0.086818383,0.029194022,,
07:58:16.405,-0.002810353,-0.01199223,0.046020598,0.026839754,0.085803803,0.027570147,,
07:58:16.410,0.00385738,-0.014821774,0.041358515,0.023057104,0.082999347,0.035880096,,
07:58:16.415,0.00627872,-0.018108234,0.036666131,0.016681876,0.080449822,0.049510505,,
07:58:16.420,0.002581242,-0.020906633,0.031704983,0.013135308,0.075032053,0.061520088,,
07:58:16.425,-0.003821788,-0.022134161,0.026183225,0.011497016,0.073695773,0.066031896,,
07:58:16.430,-0.008117928,-0.022831209,0.020032239,0.015459099,0.072479554,0.062544165,,
07:58:16.435,-0.008404814,-0.024185821,0.014449039,0.026880845,0.070083639,0.057464347,,
07:58:16.440,-0.004920023,-0.02505374,0.012452481,0.030820921,0.084229494,0.053638059,,
07:58:16.445,0.000756316,-0.024065671,0.015493459,0.036740953,0.089016601,0.049180069,,
07:58:16.450,0.006347976,-0.021910457,0.020733172,0.036708269,0.092881984,0.043076096,,
07:58:16.455,0.010131348,-0.019730644,0.024333703,0.030310926,0.095901605,0.034286019,,
07:58:16.460,0.0119806,-0.016451995,0.026009895,0.025295113,0.093819651,0.02242831,,
07:58:16.465,0.012661812,-0.011380209,0.027130281,0.022939538,0.095972138,0.008762711,,
07:58:16.470,0.011982404,-0.007042645,0.02585665,0.026874188,0.098254339,-0.002070069,,
07:58:16.475,0.009232261,-0.00555342,0.019772503,0.032413014,0.099363983,-0.004308691,,
07:58:16.480,0.004686742,-0.007225199,0.009173519,0.037362041,0.095821833,0.002216463,,
07:58:16.485,-0.000851787,-0.012308346,-0.005193298,0.039970921,0.092385788,0.012382644,,
07:58:16.490,-0.006008273,-0.019787128,-0.021655439,0.041006931,0.091377369,0.020899202,,
07:58:16.495,-0.00858229,-0.027179328,-0.036300836,0.041346749,0.090771155,0.024535438,,
07:58:16.500,-0.008390103,-0.032686398,-0.044791633,0.041026467,0.087386113,0.021786865,,
07:58:16.505,-0.00753397,-0.035518894,-0.045542704,0.040032032,0.083078557,0.015101861,,
07:58:16.510,-0.00655271,-0.03518752,-0.040103721,0.03844821,0.082041685,0.009059455,,
07:58:16.515,-0.00420708,-0.031782126,-0.03092907,0.036410252,0.083804563,0.005432315,,
07:58:16.520,-0.000719986,-0.02651681,-0.022063822,0.033851323,0.086182635,0.004070972,,
07:58:16.525,0.002104961,-0.021852701,-0.017387537,0.03053339,0.087417366,0.0052688,,
07:58:16.530,0.004241375,-0.019740951,-0.016320157,0.027595138,0.086407712,0.009488472,,
07:58:16.535,0.007344086,-0.019709315,-0.015492143,0.026427846,0.08453549,0.015947936,,
07:58:16.540,0.010523544,-0.019667896,-0.013133503,0.026820126,0.083275617,0.02455546,,
07:58:16.545,0.011400688,-0.018785538,-0.009600633,0.028422685,0.08307585,0.035165848,,
07:58:16.550,0.009176783,-0.018421047,-0.006078456,0.031562782,0.084521145,0.044876988,,
07:58:16.555,0.005696406,-0.018118886,-0.003227699,0.035244239,0.087238853,0.051472971,,
07:58:16.560,0.004840878,-0.016461498,-0.000939219,0.03661325,0.089546293,0.056258202,,
07:58:16.565,0.008081633,-0.014962059,0.000589241,0.034729241,0.089532299,0.060179198,,
07:58:16.570,0.013687001,-0.015500579,0.001178616,0.031593616,0.088277186,0.062405464,,
07:58:16.575,0.019722551,-0.01685467,0.002057577,0.029416372,0.088204615,0.062238324,,
07:58:16.580,0.02425149,-0.016465923,0.00490571,0.02976313,0.088449148,0.060630474,,
07:58:16.585,0.026709426,-0.014712987,0.008745446,0.032237457,0.086874742,0.059735477,,
07:58:16.590,0.028649058,-0.013761426,0.010541907,0.035648678,0.082868585,0.06156007,,
07:58:16.595,0.030625758,-0.014077793,0.009324331,0.040927789,0.077998428,0.06556598,,
07:58:16.600,0.032357218,-0.014997748,0.005157891,0.049033044,0.073926879,0.068338876,,
07:58:16.605,0.03388833,-0.016815141,-0.002017886,0.056455488,0.070952704,0.066407289,,
07:58:16.610,0.034366546,-0.02067538,-0.008875314,0.058042954,0.069353176,0.060624228,,
07:58:16.615,0.033136016,-0.025801524,-0.010930396,0.054131285,0.069638698,0.054330467,,
07:58:16.620,0.030190308,-0.028918287,-0.00784693,0.048811504,0.071529981,0.047239732,,
07:58:16.625,0.026476406,-0.028294146,-0.002458456,0.044963367,0.07455672,0.036435397,,
07:58:16.630,0.02412973,-0.025444846,0.002528453,0.043879476,0.080015252,0.022787977,,
07:58:16.635,0.022971261,-0.023073632,0.005374828,0.046628404,0.087479702,0.011278085,,
07:58:16.640,0.020403805,-0.022947298,0.006153667,0.052741584,0.093113856,0.004711559,,
07:58:16.645,0.015211743,-0.02490427,0.007214628,0.057031103,0.095262916,0.002540445,,
07:58:16.650,0.007297323,-0.027521819,0.009536731,0.055184561,0.094763515,0.00406188,,
07:58:16.655,-0.002043715,-0.028399642,0.011658434,0.049145405,0.093324747,0.007707855,,
07:58:16.660,-0.008712063,-0.026756921,0.01366387,0.042186016,0.092838005,0.012430859,,
07:58:16.665,-0.00972681,-0.024782788,0.016450844,0.034779021,0.093516439,0.018489465,,
07:58:16.670,-0.007158391,-0.02443506,0.01847537,0.026811299,0.093590736,0.025830899,,
07:58:16.675,-0.004720278,-0.026102787,0.017020747,0.020978866,0.091786488,0.035242376,,
07:58:16.680,-0.002457941,-0.029328443,0.011341953,0.020686362,0.088805355,0.046886347,,
07:58:16.685,0.002925591,-0.033125068,0.003343453,0.024567987,0.085127593,0.05798557,,
07:58:16.690,0.013103153,-0.036974181,-0.003560652,0.028112625,0.08186308,0.064584081,,
07:58:16.695,0.025099393,-0.040618715,-0.005135053,0.030011185,0.080339229,0.065946188,,
07:58:16.700,0.034358854,-0.042508779,0.001991985,0.029645747,0.081492631,0.065548466,,
07:58:16.705,0.039265662,-0.040349723,0.0167675,0.025096522,0.085250464,0.06566147,,
07:58:16.710,0.040437791,-0.034022009,0.032257813,0.019291557,0.0887584,0.066132788,,
07:58:16.715,0.037807986,-0.025923632,0.041436443,0.016930358,0.091167679,0.067875975,,
07:58:16.720,0.031692894,-0.01842689,0.043588237,0.017589354,0.093926059,0.069832409,,
07:58:16.725,0.024172552,-0.012586333,0.042936922,0.019577241,0.09626783,0.069349361,,
07:58:16.730,0.017153724,-0.009105651,0.043457095,0.021705425,0.097214313,0.067665356,,
07:58:16.735,0.01064298,-0.009483729,0.04552261,0.021969073,0.097775826,0.067327771,,
07:58:16.740,0.004491497,-0.013187141,0.047135606,0.021234222,0.100369275,0.06607167,,
07:58:16.745,-0.000328172,-0.017289566,0.04725649,0.023208316,0.107071298,0.061059364,,
07:58:16.750,-0.0024448,-0.020819218,0.045754208,0.028349848,0.116345436,0.056473019,,
07:58:16.755,-0.000974152,-0.02432909,0.042078378,0.033034902,0.123329824,0.060475707,,
07:58:16.760,0.004143658,-0.027195682,0.035776057,0.034427413,0.125116423,0.073314468,,
07:58:16.765,0.01209017,-0.027777609,0.027266987,0.032249988,0.122153993,0.084907982,,
07:58:16.770,0.020735959,-0.026337491,0.018204049,0.028153469,0.115178415,0.085794595,,
07:58:16.775,0.026868092,-0.026630557,0.010735426,0.02515301,0.105575894,0.077654341,,
07:58:16.780,0.026813854,-0.029969838,0.005157404,0.026147848,0.096004864,0.068725422,,
07:58:16.785,0.020699166,-0.031865821,0.000340074,0.030702152,0.088834933,0.064560267,,
07:58:16.790,0.013962117,-0.029077849,-0.003112522,0.034040176,0.086066189,0.064750743,,
07:58:16.795,0.011153748,-0.024226131,-0.005113543,0.032432551,0.087510421,0.064479225,,
07:58:16.800,0.012500412,-0.021880679,-0.009044554,0.027659357,0.090378707,0.061495795,,
07:58:16.805,0.015979646,-0.023808473,-0.015149257,0.023032566,0.095233061,0.05979552,,
07:58:16.810,0.019912812,-0.028249987,-0.017572831,0.02052694,0.103012166,0.063661355,,
07:58:16.815,0.022640917,-0.031421682,-0.013328732,0.022902162,0.110145311,0.072817553,,
07:58:16.820,0.021041263,-0.030778247,-0.006333744,0.031974421,0.114846676,0.082937915,,
07:58:16.825,0.01450823,-0.027129737,-0.001444273,0.046174531,0.117414129,0.088873908,,
07:58:16.830,0.007472931,-0.022631085,0.000321114,0.061884824,0.116906336,0.087069931,,
07:58:16.835,0.00358622,-0.018827757,0.002079996,0.076604257,0.115059254,0.079151303,,
07:58:16.840,0.002757338,-0.015869461,0.008684019,0.088826934,0.115744269,0.071161395,,
07:58:16.845,0.003975389,-0.011681613,0.023111856,0.094766395,0.118246606,0.066085477,,
07:58:16.850,0.006079957,-0.005407599,0.04189696,0.092460843,0.117945252,0.063339362,,
07:58:16.855,0.00745833,-0.000337387,0.057758285,0.084509175,0.115698856,0.063184705,,
07:58:16.860,0.00823053,0.001098564,0.0689963,0.073010778,0.116831907,0.065391498,,
07:58:16.865,0.009518575,0.001116323,0.077082127,0.060439666,0.11986382,0.068577405,,
07:58:16.870,0.010385902,0.002388067,0.080668443,0.050807375,0.11782384,0.072443442,,
07:58:16.875,0.008403791,0.003905631,0.078698683,0.046878526,0.109462748,0.075533806,,
07:58:16.880,0.002965028,0.004056227,0.073016151,0.049874312,0.101219013,0.074653953,,
07:58:16.885,-0.002995934,0.002634837,0.067002145,0.058374416,0.097717999,0.070433605,,
07:58:16.890,-0.006208771,-0.000913454,0.065417302,0.066545954,0.097492569,0.068379615,,
07:58:16.895,-0.006059117,-0.005975317,0.07000007,0.066942342,0.098203097,0.070656788,,
07:58:16.900,-0.004402188,-0.009813125,0.076973928,0.056795399,0.100638207,0.07434749,,
07:58:16.905,-0.003406904,-0.009531511,0.082298919,0.04280425,0.106701075,0.077658968,,
07:58:16.910,-0.002674989,-0.004247652,0.084229681,0.035555536,0.115094167,0.080960003,,
07:58:16.915,-0.000837076,0.003014609,0.081729333,0.035683973,0.123029537,0.083306282,,
07:58:16.920,0.00192955,0.007155216,0.075475409,0.034930661,0.128285341,0.083655656,,
07:58:16.925,0.005730323,0.006206062,0.068304588,0.029008303,0.129632441,0.08305586,,
07:58:16.930,0.011058619,0.000509371,0.062240054,0.01988303,0.128633771,0.083204981,,
07:58:16.935,0.016445594,-0.009597759,0.057684606,0.011128836,0.127678912,0.083134629,,
07:58:16.940,0.020067971,-0.020869902,0.053464203,0.006630335,0.127584142,0.080706911,,
07:58:16.945,0.02087387,-0.028698921,0.047336171,0.009331187,0.129024761,0.076899479,,
07:58:16.950,0.018540581,-0.031907952,0.038894973,0.017098793,0.131542567,0.076305236,,
07:58:16.955,0.015673726,-0.032431943,0.028447196,0.02377343,0.131331805,0.081851221,,
07:58:16.960,0.016832407,-0.031605561,0.016695878,0.025439465,0.126154233,0.090547943,,
07:58:16.965,0.024342133,-0.029240563,0.005393121,0.021620033,0.116798649,0.09518408,,
07:58:16.970,0.034117859,-0.027139468,-0.005269808,0.01471061,0.103504105,0.090820335,,
07:58:16.975,0.038665311,-0.028397944,-0.013527195,0.010244215,0.088113183,0.0776423,,
07:58:16.980,0.035818712,-0.031913231,-0.013850873,0.012475477,0.07654817,0.059449436,,
07:58:16.985,0.028921079,-0.034707418,-0.003122773,0.019613546,0.075084662,0.042123386,,
07:58:16.990,0.022128383,-0.035885326,0.013367656,0.026637978,0.083302915,0.030122917,,
07:58:16.995,0.018162803,-0.034668917,0.027618149,0.030039067,0.092146194,0.021677911,,
07:58:17.000,0.017738036,-0.030539739,0.036932755,0.029129606,0.094353653,0.01313885,,
07:58:17.005,0.018084073,-0.024217651,0.043121531,0.027833443,0.093255812,0.007240087,,
07:58:17.010,0.013969599,-0.018978103,0.045933087,0.030748599,0.095207929,0.009397125,,
07:58:17.015,0.005501954,-0.018516764,0.042658883,0.03667265,0.099840884,0.018900714,,
07:58:17.020,-0.002291919,-0.021739641,0.033452119,0.041121799,0.102396483,0.02756439,,
07:58:17.025,-0.006899316,-0.02560305,0.020804517,0.042776698,0.101240445,0.029373503,,
07:58:17.030,-0.010054796,-0.028882831,0.008512558,0.044524843,0.099698436,0.027187607,,
07:58:17.035,-0.013015122,-0.030894151,0.001381246,0.049327721,0.101020247,0.026320835,,
07:58:17.040,-0.013566228,-0.031265767,0.002303678,0.05660388,0.104105107,0.026158778,,
07:58:17.045,-0.010088622,-0.030457655,0.011093454,0.06214576,0.104395118,0.020565144,,
07:58:17.050,-0.003871565,-0.027685358,0.023914668,0.061985022,0.101038872,0.00783995,,
07:58:17.055,0.002563236,-0.021903806,0.034446953,0.056417717,0.097660043,-0.005302175,,
07:58:17.060,0.006716721,-0.015079069,0.038390723,0.047021243,0.097414667,-0.011328355,,
07:58:17.065,0.007340437,-0.009707423,0.035304841,0.033690526,0.100570734,-0.006153143,,
07:58:17.070,0.005300314,-0.007200786,0.025310673,0.019910922,0.101735214,0.011026741,,
07:58:17.075,0.001450975,-0.009016043,0.008409097,0.00601556,0.106372479,0.035138297,,
07:58:17.080,-0.004868265,-0.013432925,-0.011511516,0.001061697,0.110801417,0.060659848,,
07:58:17.085,-0.01256212,-0.016726311,-0.026047426,0.010658767,0.10812134,0.083305119,,
07:58:17.090,-0.017284344,-0.018130942,-0.029283975,0.023565892,0.107005549,0.092952868,,
07:58:17.095,-0.016406214,-0.018815559,-0.02272694,0.045559051,0.097760388,0.088885178,,
07:58:17.100,-0.012574047,-0.020129182,-0.010662871,0.063321005,0.094882191,0.07742272,,
07:58:17.105,-0.009303509,-0.02172927,0.003002945,0.066545005,0.101413103,0.061670261,,
07:58:17.110,-0.005879146,-0.020455852,0.015127544,0.06077153,0.107855736,0.044776353,,
07:58:17.115,-0.001136714,-0.015948038,0.024602393,0.05081133,0.113645774,0.03031889,,
07:58:17.120,0.002775138,-0.012517005,0.031526992,0.039238071,0.116786839,0.022136154,,
07:58:17.125,0.003914157,-0.013409724,0.03779489,0.024826566,0.118339243,0.023935692,,
07:58:17.130,0.00397973,-0.01812,0.045786232,0.011544756,0.117658392,0.036299689,,
07:58:17.135,0.005059207,-0.023603526,0.053230129,0.003259451,0.113191373,0.053077878,,
07:58:17.140,0.005654361,-0.02625392,0.055494872,0.003028414,0.10044732,0.065440456,,
07:58:17.145,0.003970342,-0.024545835,0.051485271,0.006591206,0.083631958,0.0676376,,
07:58:17.150,5.60325E-06,-0.019256524,0.044312471,0.007472786,0.068750326,0.059398802,,
07:58:17.155,-0.005949459,-0.012318615,0.038082746,0.004853054,0.05799504,0.045319487,,
07:58:17.160,-0.012339217,-0.007018478,0.034068949,0.001515525,0.052879975,0.03213595,,
07:58:17.165,-0.016675971,-0.006126116,0.030608167,0.00112871,0.056684932,0.027051406,,
07:58:17.170,-0.017832304,-0.010659817,0.0257684,0.002647071,0.073112776,0.03318369,,
07:58:17.175,-0.014869781,-0.019593728,0.019862845,0.002188023,0.095196444,0.046967144,,
07:58:17.180,-0.006637088,-0.027641508,0.015636349,-0.001605982,0.11116378,0.064382837,,
07:58:17.185,0.003510447,-0.028450284,0.014428082,-0.005345072,0.116795059,0.083480195,,
07:58:17.190,0.009488082,-0.022307513,0.014549029,-0.006187359,0.117563641,0.099550042,,
07:58:17.195,0.008998965,-0.01687743,0.015313457,-0.003173054,0.115457117,0.104080704,,
07:58:17.200,0.003724284,-0.017267738,0.018297409,0.004651078,0.108646333,0.093713962,,
07:58:17.205,-0.003131987,-0.020479498,0.024714524,0.013966052,0.101721678,0.075507253,,
07:58:17.210,-0.008670847,-0.022363334,0.033892493,0.018974905,0.100803121,0.060566173,,
07:58:17.215,-0.010934811,-0.022818973,0.042761822,0.016023673,0.10800671,0.055598292,,
07:58:17.220,-0.010045693,-0.024117327,0.046170477,0.006531981,0.119695178,0.061120145,,
07:58:17.225,-0.007640411,-0.027434583,0.03951354,-0.003388564,0.130876227,0.073077835,,
07:58:17.230,-0.004546116,-0.03185916,0.02356034,-0.009472886,0.139468901,0.086107668,,
07:58:17.235,-0.00060509,-0.035323447,0.00453663,-0.010521119,0.142211379,0.096870657,,
07:58:17.240,0.003559043,-0.035195676,-0.011503235,-0.005660941,0.138299506,0.103811024,,
07:58:17.245,0.004630241,-0.030751241,-0.021612288,0.005900942,0.131949569,0.101729132,,
07:58:17.250,-0.00046004,-0.024219377,-0.025912629,0.022344675,0.126868521,0.088397317,,
07:58:17.255,-0.008769089,-0.017658813,-0.024528089,0.03617608,0.124535826,0.071938904,,
07:58:17.260,-0.014583654,-0.011543759,-0.016431672,0.041871739,0.123110959,0.059472675,,
07:58:17.265,-0.017093009,-0.005749684,-0.003452837,0.043771586,0.122109174,0.054289018,,
07:58:17.270,-0.018801332,-8.29664E-05,0.010883325,0.048054195,0.125759277,0.057489526,,
07:58:17.275,-0.020579715,0.005090038,0.024734728,0.053188037,0.134584968,0.065556937,,
07:58:17.280,-0.021470752,0.00884652,0.036998585,0.052993611,0.143842963,0.075212199,,
07:58:17.285,-0.021763998,0.010111759,0.045386612,0.047723922,0.146787046,0.080883171,,
07:58:17.290,-0.021306366,0.010121991,0.049474014,0.043487102,0.140133362,0.07664118,,
07:58:17.295,-0.017168089,0.011356281,0.052126282,0.040547989,0.130034404,0.064877219,,
07:58:17.300,-0.011077631,0.0137835,0.053187139,0.035668994,0.124028068,0.055854731,,
07:58:17.305,-0.008487199,0.015394377,0.051302205,0.030090584,0.122187541,0.059199579,,
07:58:17.310,-0.009548272,0.014325521,0.04729601,0.025352461,0.122012579,0.07532025,,
07:58:17.315,-0.010834238,0.011146245,0.041795929,0.020090179,0.121336561,0.095606214,,
07:58:17.320,-0.009364865,0.008297151,0.036255469,0.011790394,0.121314734,0.106968016,,
07:58:17.325,-0.00537599,0.007544304,0.030553677,0.00974166,0.117836099,0.10595209,,
07:58:17.330,-0.001937878,0.009886103,0.021844545,0.018170116,0.112543018,0.101492403,,
07:58:17.335,0.000663563,0.015467092,0.010505457,0.026577559,0.114532494,0.099019266,,
07:58:17.340,0.004890945,0.021741215,0.00176825,0.035067233,0.115136078,0.098141164,,
07:58:17.345,0.010083581,0.025049711,-0.002429099,0.040170793,0.116234103,0.094700557,,
07:58:17.350,0.012825275,0.024471462,-0.005778041,0.046275653,0.117116565,0.085952691,,
07:58:17.355,0.01379617,0.022884629,-0.006846182,0.057111501,0.116544255,0.076535123,,
07:58:17.360,0.017306972,0.022963102,0.000193541,0.06726816,0.11891323,0.072193585,,
07:58:17.365,0.023043418,0.023437093,0.011809862,0.074069452,0.127298586,0.073269155,,
07:58:17.370,0.025875137,0.022089286,0.01814127,0.072824339,0.142043348,0.076899459,,
07:58:17.375,0.025582246,0.02017003,0.017146818,0.059405056,0.154758079,0.081210721,,
07:58:17.380,0.027026366,0.020652939,0.014127207,0.03897395,0.158135722,0.087284077,,
07:58:17.385,0.031016462,0.024010453,0.012265144,0.023076075,0.154483528,0.094307911,,
07:58:17.390,0.034273324,0.027150683,0.009661831,0.02080882,0.14960087,0.095798325,,
07:58:17.395,0.034677859,0.025748776,0.003153753,0.032905744,0.146082678,0.090116973,,
07:58:17.400,0.031673976,0.018737646,-0.007159388,0.051708348,0.143128783,0.08218366,,
07:58:17.405,0.026252359,0.00791055,-0.016082118,0.067115563,0.136002405,0.073004569,,
07:58:17.410,0.022129716,-0.002839287,-0.015662167,0.070607522,0.122019295,0.062797691,,
07:58:17.415,0.022899256,-0.007649944,-0.003487989,0.060387838,0.106626342,0.058510261,,
07:58:17.420,0.026517245,-0.004867199,0.01238847,0.045275875,0.097523141,0.062709148,,
07:58:17.425,0.026738143,0.003244746,0.022411951,0.037068057,0.095683153,0.068463284,,
07:58:17.430,0.022509371,0.013207839,0.024752743,0.039786293,0.095653445,0.06924952,,
07:58:17.435,0.020120974,0.020105224,0.023833454,0.049462695,0.092742086,0.062058293,,
07:58:17.440,0.023922135,0.022374501,0.024396748,0.059686674,0.087726763,0.047561006,,
07:58:17.445,0.030843003,0.021797637,0.028871765,0.067032768,0.084526519,0.035738995,,
07:58:17.450,0.035777826,0.019128364,0.03865919,0.071792122,0.08490828,0.03703248,,
07:58:17.455,0.036719921,0.013485829,0.053279481,0.07006533,0.088833683,0.049544103,,
07:58:17.460,0.033405799,0.005322322,0.067474665,0.057138431,0.094258741,0.060924686,,
07:58:17.465,0.027079748,-0.002502199,0.072120221,0.037945945,0.098328145,0.06044956,,
07:58:17.470,0.021847508,-0.009403881,0.062028705,0.022461477,0.102999639,0.052210952,,
07:58:17.475,0.019989264,-0.017703942,0.040249555,0.014420248,0.110141986,0.048602786,,
07:58:17.480,0.019340847,-0.026804789,0.015798379,0.009157252,0.115850314,0.051475729,,
07:58:17.485,0.018125196,-0.03194693,-0.001342497,0.002852436,0.11564288,0.054381047,,
07:58:17.490,0.017944986,-0.030002112,-0.007834114,-0.003384233,0.109150742,0.055219374,,
07:58:17.495,0.019662108,-0.026288168,-0.007613263,-0.005325693,0.100423942,0.056766615,,
07:58:17.500,0.02051715,-0.028319328,-0.006964037,7.16887E-05,0.094304336,0.05648324,,
07:58:17.505,0.019366774,-0.034340041,-0.009395956,0.011837659,0.090786867,0.048797309,,
07:58:17.510,0.018448759,-0.039015174,-0.012892185,0.02497842,0.085623431,0.035773613,,
07:58:17.515,0.01709575,-0.043121645,-0.013682843,0.030581221,0.079769676,0.021937489,,
07:58:17.520,0.013119363,-0.048924313,-0.009633286,0.025086977,0.081911692,0.01015211,,
07:58:17.525,0.00983676,-0.056030565,-0.000472035,0.014223728,0.09565562,0.005497431,,
07:58:17.530,0.012255089,-0.063959367,0.011578629,0.004009792,0.112237413,0.010906714,,
07:58:17.535,0.019454128,-0.069836532,0.021372752,-0.003711727,0.119882713,0.022104545,,
07:58:17.540,0.027581007,-0.070560069,0.023320204,-0.008812677,0.118086386,0.036146016,,
07:58:17.545,0.034573305,-0.068388872,0.015741595,-0.011159402,0.114608511,0.055683131,,
07:58:17.550,0.03893312,-0.068340716,0.00276086,-0.008685545,0.111381221,0.079166384,,
07:58:17.555,0.038789357,-0.071578718,-0.008890277,-0.000986141,0.106310568,0.098002832,,
07:58:17.560,0.033121506,-0.07338867,-0.014558498,0.008194026,0.100692691,0.104314947,,
07:58:17.565,0.023262981,-0.06959146,-0.014789961,0.018984063,0.097279783,0.095958921,,
07:58:17.570,0.013005915,-0.062069752,-0.012882863,0.034772691,0.095171531,0.077118094,,
07:58:17.575,0.006892732,-0.057953734,-0.00890125,0.051958695,0.092247126,0.056520128,,
07:58:17.580,0.00673252,-0.061772912,6.2156E-06,0.062185665,0.091450944,0.047449772,,
07:58:17.585,0.01083473,-0.067051715,0.014663351,0.06168577,0.097374682,0.05528108,,
07:58:17.590,0.015517377,-0.064984057,0.029279982,0.05310706,0.107894922,0.068529011,,
07:58:17.595,0.016207469,-0.057580762,0.035484001,0.041887251,0.115451526,0.074476035,,
07:58:17.600,0.011278111,-0.050479078,0.032303987,0.034857635,0.116009707,0.072499286,,
07:58:17.605,0.003486145,-0.043776194,0.024965297,0.036533146,0.112202971,0.067960231,,
07:58:17.610,-0.003860503,-0.036807284,0.017818813,0.044294054,0.107938211,0.063654727,,
07:58:17.615,-0.009706219,-0.030452456,0.013725736,0.05366453,0.10428827,0.0619076,,
07:58:17.620,-0.013521414,-0.02525442,0.016209846,0.063177613,0.099476817,0.068149197,,
07:58:17.625,-0.013244342,-0.022564092,0.025962961,0.072514949,0.093678014,0.082796267,,
07:58:17.630,-0.007372922,-0.024024837,0.037427898,0.082015197,0.090696755,0.099424562,,
07:58:17.635,0.002054817,-0.027515236,0.044269083,0.088817086,0.093612778,0.110030763,,
07:58:17.640,0.010172709,-0.029801176,0.045084015,0.086138638,0.101912691,0.108671261,,
07:58:17.645,0.014169372,-0.030048576,0.043325216,0.072549753,0.11177817,0.097868331,,
07:58:17.650,0.016027539,-0.027428648,0.043840204,0.054754563,0.120067658,0.083276292,,
07:58:17.655,0.017582942,-0.023663456,0.047966524,0.038715083,0.126631731,0.063773128,,
07:58:17.660,0.017105418,-0.023599556,0.052908204,0.025464539,0.13084646,0.041661582,,
07:58:17.665,0.014222687,-0.029514597,0.054483212,0.01529312,0.129870483,0.028666986,,
07:58:17.670,0.009544761,-0.037725143,0.049660887,0.010856714,0.123966449,0.033138022,,
07:58:17.675,0.00114615,-0.04265593,0.039682942,0.015455359,0.115403829,0.050741137,,
07:58:17.680,-0.010847181,-0.042599608,0.029327453,0.026891496,0.106297531,0.069986124,,
07:58:17.685,-0.023130136,-0.039793154,0.01954626,0.034631836,0.100017354,0.083022544,,
07:58:17.690,-0.03194047,-0.037070402,0.008441781,0.030317493,0.100394677,0.090478134,,
07:58:17.695,-0.032550634,-0.035905637,-8.87181E-05,0.01990602,0.106840792,0.097886642,,
07:58:17.700,-0.022088965,-0.037303532,-0.000232579,0.012433199,0.114571411,0.110802035,,
07:58:17.705,-0.004693533,-0.041568544,0.008460397,0.008703666,0.122040862,0.127752322,,
07:58:17.710,0.012079626,-0.046201235,0.020913617,0.007558318,0.128120492,0.142019084,,
07:58:17.715,0.023769661,-0.047857852,0.030618367,0.00576728,0.128544864,0.149966708,,
07:58:17.720,0.028715988,-0.047572955,0.035751031,-0.001839384,0.121154487,0.149993511,,
07:58:17.725,0.026101901,-0.048118032,0.038834694,-0.015918293,0.112198269,0.145504055,,
07:58:17.730,0.016235464,-0.047964864,0.042610253,-0.030532806,0.108782199,0.141478567,,
07:58:17.735,0.00268986,-0.042581139,0.048461525,-0.036637594,0.107536535,0.134828306,,
07:58:17.740,-0.007899699,-0.031430447,0.056544265,-0.029214597,0.107574404,0.121536464,,
07:58:17.745,-0.01228543,-0.022192893,0.065409514,-0.00880601,0.114822668,0.105055991,,
07:58:17.750,-0.014324127,-0.020687967,0.069462321,0.015172753,0.1299847,0.090248036,,
07:58:17.755,-0.015878594,-0.023474601,0.06457895,0.031241281,0.144534553,0.079941528,,
07:58:17.760,-0.01417683,-0.024878959,0.054718933,0.039325797,0.149887162,0.076551806,,
07:58:17.765,-0.010860022,-0.024842195,0.044463078,0.048499396,0.145813464,0.077725117,,
07:58:17.770,-0.010521586,-0.026920385,0.03180333,0.063515042,0.137223756,0.075839538,,
07:58:17.775,-0.013347742,-0.032484142,0.016263894,0.078900056,0.130446645,0.069241899,,
07:58:17.780,-0.013272491,-0.039176935,0.004550206,0.088324578,0.128428207,0.064603248,,
07:58:17.785,-0.004091939,-0.043369562,0.000939704,0.088788912,0.12846968,0.065488926,,
07:58:17.790,0.011097422,-0.043606814,0.002723973,0.078419134,0.127892513,0.070745945,,
07:58:17.795,0.02325111,-0.04059423,0.006261053,0.056489749,0.130926505,0.080572565,,
07:58:17.800,0.02857673,-0.036605471,0.010202191,0.029658885,0.141128206,0.092219791,,
07:58:17.805,0.029076474,-0.033969917,0.013954266,0.011582331,0.151431552,0.10039322,,
07:58:17.810,0.026581766,-0.033556109,0.016834371,0.008587731,0.154975895,0.102315737,,
07:58:17.815,0.021118555,-0.032584028,0.018152457,0.017886016,0.152199411,0.099578215,,
07:58:17.820,0.014542148,-0.026301015,0.019907487,0.034684494,0.145885132,0.095174308,,
07:58:17.825,0.009280815,-0.013458493,0.025216986,0.052028391,0.141714063,0.08985215,,
07:58:17.830,0.002777405,0.002570144,0.032645545,0.062820412,0.145062502,0.085110424,,
07:58:17.835,-0.006994633,0.016265185,0.039808006,0.064463804,0.153952635,0.083693635,,
07:58:17.840,-0.014987446,0.02655203,0.047341697,0.057541815,0.163677649,0.085908097,,
07:58:17.845,-0.015414806,0.038324774,0.056032795,0.048601895,0.172292625,0.091884355,,
07:58:17.850,-0.008084501,0.054520117,0.06503271,0.047362938,0.174673806,0.101273477,,
07:58:17.855,0.004467281,0.070303236,0.071906891,0.054538826,0.165003255,0.108301173,,
07:58:17.860,0.019019758,0.076430707,0.073714531,0.063117645,0.146834497,0.105170408,,
07:58:17.865,0.031171734,0.070962617,0.069775495,0.066623655,0.129589882,0.092072377,,
07:58:17.870,0.03953187,0.062237106,0.066491555,0.063435146,0.119549283,0.078401036,,
07:58:17.875,0.045258279,0.057440241,0.069931099,0.056403257,0.117468786,0.070898707,,
07:58:17.880,0.046065542,0.055173031,0.074018554,0.050856476,0.116137858,0.065970619,,
07:58:17.885,0.03861603,0.052480998,0.068496855,0.051284055,0.108067141,0.058551219,,
07:58:17.890,0.027235468,0.049237301,0.051316279,0.055488409,0.097389506,0.048302803,,
07:58:17.895,0.020353454,0.044393909,0.028002225,0.059176008,0.091081592,0.036695851,,
07:58:17.900,0.018973536,0.037108124,0.006186102,0.057478588,0.091762256,0.030576982,,
07:58:17.905,0.019071575,0.028820823,-0.007803093,0.045144987,0.099731453,0.040695024,,
07:58:17.910,0.01878396,0.019152677,-0.012617055,0.027998759,0.111992052,0.068002147,,
07:58:17.915,0.01526683,0.00679904,-0.012151613,0.017470516,0.124165885,0.098255537,,
07:58:17.920,0.005550985,-0.005524256,-0.008625382,0.01617438,0.132520937,0.114611809,,
07:58:17.925,-0.006278377,-0.013161806,0.000406642,0.023200122,0.133667393,0.115068204,,
07:58:17.930,-0.013508011,-0.013542,0.014379376,0.032140303,0.131349658,0.11630445,,
07:58:17.935,-0.012634014,-0.007499748,0.02921619,0.033150498,0.131342276,0.128613948,,
07:58:17.940,-0.003651865,-0.000707788,0.042929286,0.027797584,0.127503159,0.142497947,,
07:58:17.945,0.010371885,0.002838483,0.054223788,0.017546682,0.118524025,0.1509638,,
07:58:17.950,0.028254565,0.003488281,0.060977602,0.004448761,0.109329158,0.154062293,,
07:58:17.955,0.048541108,-0.0005478,0.062209089,-0.009442191,0.105265502,0.153337711,,
07:58:17.960,0.065072132,-0.009318946,0.063750446,-0.022892726,0.111408867,0.152938732,,
07:58:17.965,0.073145915,-0.017765569,0.073250089,-0.027850084,0.12438383,0.15296769,,
07:58:17.970,0.073006735,-0.024459476,0.089635845,-0.017555204,0.132278388,0.148021579,,
07:58:17.975,0.064487764,-0.031111057,0.104020379,0.005487073,0.130724505,0.136871335,,
07:58:17.980,0.046710015,-0.035430735,0.105839058,0.033360682,0.129166279,0.121876168,,
07:58:17.985,0.025570895,-0.036391881,0.092316086,0.058678397,0.130994692,0.101348782,,
07:58:17.990,0.008750846,-0.036610888,0.072666781,0.075287737,0.132094304,0.074042406,,
07:58:17.995,-0.000568726,-0.035426449,0.058943643,0.080928281,0.132025684,0.046786083,,
07:58:18.000,-0.002351134,-0.03106536,0.054720351,0.076232476,0.132233984,0.027558843,,
07:58:18.005,0.000124071,-0.023973008,0.056650867,0.065884874,0.13192342,0.014549574,,
07:58:18.010,0.004122699,-0.017066626,0.061091084,0.060048978,0.128669091,0.008326145,,
07:58:18.015,0.006720292,-0.014528094,0.062118841,0.062807976,0.124559525,0.01739372,,
07:58:18.020,0.00545751,-0.014012814,0.054777383,0.069946266,0.123098089,0.037593485,,
07:58:18.025,0.001594117,-0.011632707,0.042043246,0.080198803,0.122859685,0.050440082,,
07:58:18.030,-0.003960782,-0.011089911,0.031316382,0.09328734,0.120785886,0.049336988,,
07:58:18.035,-0.011573882,-0.016052786,0.027782257,0.100282352,0.117031879,0.047299579,,
07:58:18.040,-0.019111815,-0.023752251,0.032884211,0.089142203,0.118037975,0.05540492,,
07:58:18.045,-0.022415458,-0.028570226,0.044239422,0.058675191,0.129548904,0.068435224,,
07:58:18.050,-0.018340084,-0.027652171,0.057731419,0.022363562,0.148785289,0.075922839,,
07:58:18.055,-0.008822263,-0.021102366,0.067927894,-0.007593898,0.163637017,0.074605701,,
07:58:18.060,0.000648587,-0.011958568,0.06955015,-0.039207861,0.180657812,0.075433791,,
07:58:18.065,0.005824858,-0.007085908,0.063412283,-0.068413169,0.19745799,0.091874948,,
07:58:18.070,0.00531569,-0.009512205,0.056417806,-0.088100516,0.201935103,0.118571348,,
07:58:18.075,0.00364357,-0.012161743,0.05564388,-0.098203174,0.202585007,0.147414956,,
07:58:18.080,0.005717218,-0.008302311,0.058469664,-0.081152138,0.18263829,0.159916097,,
07:58:18.085,0.006101515,-0.001797085,0.05355072,-0.045187333,0.154076674,0.138452494,,
07:58:18.090,-0.000284522,0.003587679,0.040312045,-0.005080966,0.130167302,0.098802049,,
07:58:18.095,-0.005001675,0.010340139,0.031578831,0.023773468,0.123040159,0.068843413,,
07:58:18.100,-0.001061317,0.014682534,0.033677788,0.040842374,0.13099667,0.0546905,,
07:58:18.105,0.007330385,0.011333413,0.042199702,0.05248435,0.142058895,0.049864704,,
07:58:18.110,0.015194786,0.007082224,0.05136883,0.056840659,0.152403856,0.052461283,,
07:58:18.115,0.019687203,0.006047515,0.054807323,0.057425061,0.158172502,0.060581443,,
07:58:18.120,0.019627264,0.003666287,0.048202387,0.060471252,0.160164233,0.067330601,,
07:58:18.125,0.015618193,4.32703E-05,0.036061421,0.061030612,0.157055296,0.067280735,,
07:58:18.130,0.006708379,-0.002146067,0.025532388,0.047311004,0.151167528,0.058063454,,
07:58:18.135,-0.007360803,-0.003235442,0.016536519,0.02907682,0.147458666,0.039887776,,
07:58:18.140,-0.022605439,-0.006100953,0.009742938,0.023258158,0.141605107,0.01655295,,
07:58:18.145,-0.034700375,-0.010632647,0.007873948,0.025468924,0.126932295,-0.003490718,,
07:58:18.150,-0.043998064,-0.014803683,0.002856466,0.025612863,0.107058604,-0.009220275,,
07:58:18.155,-0.051154537,-0.019902292,-0.012607887,0.024094815,0.089951072,0.002825298,,
07:58:18.160,-0.051004323,-0.026068249,-0.028961522,0.020423449,0.080628842,0.024425839,,
07:58:18.165,-0.03920503,-0.032314524,-0.036570191,0.011303991,0.079987844,0.046648178,,
07:58:18.170,-0.020453821,-0.034537318,-0.040139483,-0.000850044,0.084114557,0.064618687,,
07:58:18.175,-0.002060553,-0.027457044,-0.046144898,-0.011811306,0.091356072,0.074770228,,
07:58:18.180,0.013841296,-0.015952229,-0.054891973,-0.017045986,0.105442209,0.077555518,,
07:58:18.185,0.027704033,-0.010050107,-0.06207916,-0.014631685,0.125743977,0.078441182,,
07:58:18.190,0.039846832,-0.008659746,-0.060379342,-0.009465381,0.144637163,0.077756477,,
07:58:18.195,0.047628239,-0.001275786,-0.046941794,-0.006145354,0.157354602,0.072070176,,
07:58:18.200,0.047486805,0.010881818,-0.027071244,-0.004468286,0.168708664,0.064237989,,
07:58:18.205,0.039740171,0.015812048,-0.009460443,0.001193723,0.181833048,0.06389553,,
07:58:18.210,0.023512299,0.010494177,-0.001895348,0.008609936,0.195705191,0.077618841,,
07:58:18.215,0.000200331,0.001587268,-0.003531202,0.006496882,0.207297082,0.106731322,,
07:58:18.220,-0.019230956,-0.003934784,-0.004205511,-0.005827223,0.211009028,0.144611089,,
07:58:18.225,-0.026070474,-0.001061958,0.001992029,-0.010160165,0.196493721,0.174392966,,
07:58:18.230,-0.023716006,0.009881709,0.008243581,0.005178152,0.163826163,0.183044102,,
07:58:18.235,-0.021709025,0.02028314,0.004605639,0.02897507,0.134159218,0.170439317,,
07:58:18.240,-0.02566923,0.023740871,-0.005970811,0.047512264,0.123953966,0.143805955,,
07:58:18.245,-0.028912755,0.021734002,-0.006390651,0.057991865,0.131562458,0.113212256,,
07:58:18.250,-0.022555556,0.013835471,0.018293896,0.059913211,0.147545192,0.085456272,,
07:58:18.255,-0.010252858,0.00039326,0.064462184,0.048039502,0.160400628,0.061291823,,
07:58:18.260,-0.005961864,-0.013791799,0.109414598,0.024790917,0.160027375,0.050186445,,
07:58:18.265,-0.017711384,-0.024761067,0.132758406,-0.002737352,0.146434655,0.063389064,,
07:58:18.270,-0.038444314,-0.029871108,0.133060894,-0.03228321,0.132685547,0.096020722,,
07:58:18.275,-0.058401186,-0.02820821,0.117682361,-0.048233825,0.118063749,0.139690004,,
07:58:18.280,-0.074202573,-0.019866871,0.092307095,-0.040385987,0.097704492,0.183737737,,
07:58:18.285,-0.083518785,-0.010683984,0.065360485,-0.015941663,0.07418704,0.213945948,,
07:58:18.290,-0.085623788,-0.007908802,0.046985531,0.015362167,0.051823339,0.224907552,,
07:58:18.295,-0.082370826,-0.013582784,0.042452307,0.040280476,0.046354979,0.221366383,,
07:58:18.300,-0.070596314,-0.026864675,0.053411088,0.052769944,0.05769939,0.212807445,,
07:58:18.305,-0.045711069,-0.043047997,0.078047718,0.048235171,0.073043295,0.204998556,,
07:58:18.310,-0.011285694,-0.0549631,0.104681847,0.025195461,0.08564696,0.200555853,,
07:58:18.315,0.024593124,-0.057291774,0.118746377,0.005987483,0.093982639,0.210754525,,
07:58:18.320,0.053440459,-0.050812616,0.114859608,0.001350831,0.109246891,0.235366862,,
07:58:18.325,0.067301258,-0.04167112,0.094506478,0.005505062,0.132403383,0.260426364,,
07:58:18.330,0.063473439,-0.030687111,0.060516113,0.024940746,0.147816774,0.280623355,,
07:58:18.335,0.048777589,-0.017212185,0.022498709,0.05510722,0.152553431,0.284990799,,
07:58:18.340,0.034144347,-0.00738163,-0.004686329,0.08526167,0.149958408,0.268130103,,
07:58:18.345,0.024749993,-0.005718251,-0.012714505,0.100896643,0.146343662,0.235270522,,
07:58:18.350,0.021684436,-0.009274842,-0.002602178,0.094378372,0.14353101,0.195356012,,
07:58:18.355,0.024222261,-0.01105712,0.01957131,0.077393907,0.139634028,0.153876694,,
07:58:18.360,0.029293148,-0.008077991,0.044512645,0.064610251,0.14233421,0.111915456,,
07:58:18.365,0.034332153,-0.002770174,0.065506661,0.060210376,0.153917346,0.070474986,,
07:58:18.370,0.040803432,0.001725849,0.081448546,0.057470466,0.160954119,0.025057558,,
07:58:18.375,0.048733236,0.000319362,0.090410834,0.04764916,0.152780992,-0.005292487,,
07:58:18.380,0.053445559,-0.009154748,0.090391419,0.033799822,0.13187649,-0.038536493,,
07:58:18.385,0.054238608,-0.021396507,0.08123855,0.026098486,0.108987114,-0.058203472,,
07:58:18.390,0.05250468,-0.02870088,0.064177883,0.031112377,0.091969851,0.020044326,,
07:58:18.395,0.047383517,-0.027170219,0.043769023,0.049330471,0.08605898,0.055300893,,
07:58:18.400,0.041410745,-0.022712842,0.022938225,0.074179345,0.090836189,0.025896875,,
07:58:18.405,0.038694489,-0.022957003,0.00046326,0.095596423,0.095150504,0.019864136,,
07:58:18.410,0.039749722,-0.024741111,-0.022836437,0.112188997,0.093601988,-0.00648294,,
07:58:18.415,0.041221273,-0.024659854,-0.04592555,0.12853339,0.09452245,0.029202607,,
07:58:18.420,0.040310745,-0.024336973,-0.066576906,0.135175178,0.104281299,0.109116533,,
07:58:18.425,0.04096472,-0.021663627,-0.074450854,0.117049242,0.116022733,0.14096483,,
07:58:18.430,0.048934361,-0.014455719,-0.065529711,0.081327328,0.120536688,0.162344571,,
07:58:18.435,0.063541014,-0.00810439,-0.047953202,0.048545734,0.121805557,0.161464644,,
07:58:18.440,0.078254758,-0.011170363,-0.028583743,0.027263775,0.133074596,0.134109732,,
07:58:18.445,0.083661607,-0.023148653,-0.012149252,0.012615521,0.159791976,0.100117283,,
07:58:18.450,0.075875611,-0.034509145,-0.001626783,-0.003819745,0.192358072,0.07848084,,
07:58:18.455,0.061325844,-0.042561311,0.004798388,-0.021321864,0.214300682,0.086904943,,
07:58:18.460,0.041650572,-0.047914773,0.004838095,-0.034873294,0.219821974,0.117384563,,
07:58:18.465,0.015750148,-0.045817731,-0.004250638,-0.038653515,0.209939603,0.1482098,,
07:58:18.470,-0.008266432,-0.031084818,-0.018391818,-0.028547571,0.191496352,0.155530093,,
07:58:18.475,-0.018316996,-0.008523135,-0.034889599,-0.018419564,0.175222704,0.136340761,,
07:58:18.480,-0.010817998,0.006339074,-0.049380408,-0.012652756,0.161625614,0.099267019,,
07:58:18.485,0.004024149,0.008180907,-0.054140992,-0.006438275,0.156719375,0.059382761,,
07:58:18.490,0.017264823,0.004001264,-0.050152441,0.011021589,0.143370021,0.033445593,,
07:58:18.495,0.032389152,-0.004398533,-0.044140194,0.043529872,0.10948935,0.016649296,,
07:58:18.500,0.05202455,-0.01582725,-0.036714163,0.071488371,0.068391432,-0.000978868,,
07:58:18.505,0.070213989,-0.026403979,-0.02782757,0.078441749,0.035638093,-0.009973566,,
07:58:18.510,0.081150971,-0.041769465,-0.022137035,0.070244356,0.019087579,0.00024945,,
07:58:18.515,0.084283835,-0.068458142,-0.017944287,0.063993949,0.014374844,0.009936338,,
07:58:18.520,0.085827792,-0.096374782,-0.004500498,0.065296929,0.011223884,-0.006479802,,
07:58:18.525,0.08877778,-0.10850205,0.016294223,0.069371167,0.003841981,-0.03736456,,
07:58:18.530,0.086729473,-0.104091574,0.025363661,0.075304735,0.002219463,-0.054663291,,
07:58:18.535,0.074706742,-0.096187289,0.015922594,0.084490727,0.017744036,-0.05082118,,
07:58:18.540,0.054003631,-0.088405781,-0.000978,0.093729582,0.043363904,-0.036440347,,
07:58:18.545,0.026149672,-0.074571429,-0.017441781,0.099022789,0.063707636,-0.02115144,,
07:58:18.550,-0.007274487,-0.056301699,-0.034664631,0.100756899,0.07643195,-0.006477952,,
07:58:18.555,-0.038429171,-0.042784392,-0.052522532,0.099217355,0.090048364,0.010069513,,
07:58:18.560,-0.055401612,-0.041547856,-0.063233253,0.0916895,0.11075697,0.028057046,,
07:58:18.565,-0.058308546,-0.051330758,-0.061536064,0.07629437,0.138805462,0.041620068,,
07:58:18.570,-0.061662826,-0.059598327,-0.047685189,0.052354974,0.169930999,0.048079532,,
07:58:18.575,-0.073009558,-0.055789941,-0.026930558,0.021837692,0.196972506,0.057106387,,
07:58:18.580,-0.082875113,-0.041369517,-0.011822197,-0.013704145,0.213617768,0.076064941,,
07:58:18.585,-0.078912108,-0.028137153,-0.008798347,-0.053032408,0.219520405,0.100982183,,
07:58:18.590,-0.062653167,-0.029387948,-0.013467009,-0.089206732,0.219738452,0.127317921,,
07:58:18.595,-0.042680187,-0.045199581,-0.017279025,-0.110505739,0.216424228,0.154395704,,
07:58:18.600,-0.023893827,-0.061276427,-0.012177636,-0.112182945,0.204868268,0.176703837,,
07:58:18.605,-0.009346898,-0.064244134,0.0015838,-0.102215831,0.181893692,0.180330449,,
07:58:18.610,0.00207043,-0.051196484,0.020451675,-0.085907583,0.147224799,0.158909185,,
07:58:18.615,0.013885704,-0.029124054,0.042385765,-0.062572776,0.111217038,0.128105835,,
07:58:18.620,0.026690078,-0.016635051,0.060178827,-0.038008846,0.093566851,0.110830847,,
07:58:18.625,0.035896153,-0.031174871,0.068667749,-0.020499184,0.100145078,0.113895859,,
07:58:18.630,0.035945978,-0.06908549,0.073685109,-0.008099203,0.121387376,0.131389796,,
07:58:18.635,0.02986322,-0.114140106,0.082448093,0.002837644,0.141257998,0.157724199,,
07:58:18.640,0.02544992,-0.148791621,0.095403505,-0.000783205,0.149621057,0.187449758,,
07:58:18.645,0.025018609,-0.157528328,0.111151573,-0.026743339,0.149244922,0.213081498,,
07:58:18.650,0.025975307,-0.138532349,0.12966784,-0.053975382,0.146842663,0.226142555,,
07:58:18.655,0.025950535,-0.105226331,0.147742197,-0.059099723,0.142232683,0.220293023,,
07:58:18.660,0.022076915,-0.070571918,0.159371798,-0.04404049,0.128494461,0.200176258,,
07:58:18.665,0.014822198,-0.035162119,0.161613108,-0.02217196,0.107837179,0.180433383,,
07:58:18.670,0.007320041,0.001577291,0.158351457,-0.001795341,0.095305947,0.170383101,,
07:58:18.675,-0.003146502,0.02845268,0.155748271,0.003802613,0.106879117,0.159776312,,
07:58:18.680,-0.019622364,0.031228812,0.152772702,-0.010059092,0.139820393,0.134419486,,
07:58:18.685,-0.038481057,0.014562971,0.143232064,-0.034072113,0.172936003,0.09382603,,
07:58:18.690,-0.054363792,-0.000932517,0.123477623,-0.057284736,0.188540918,0.051957508,,
07:58:18.695,-0.065971013,-0.006137571,0.094033161,-0.073000863,0.192391381,0.026344764,,
07:58:18.700,-0.07630256,-0.006019249,0.059658724,-0.084971679,0.203693895,0.022797209,,
07:58:18.705,-0.084729118,-0.004091627,0.026676444,-0.075325373,0.210551637,0.044300727,,
07:58:18.710,-0.087979277,-0.0003732,-0.002484313,-0.050519311,0.215052614,0.070214245,,
07:58:18.715,-0.087349387,0.000580474,-0.028735459,-0.027289169,0.208549868,0.072830788,,
07:58:18.720,-0.0852926,-0.005366726,-0.048174863,-0.009061942,0.181977527,0.05969922,,
07:58:18.725,-0.081848732,-0.014709446,-0.052354365,-0.002765692,0.164906949,0.04249461,,
07:58:18.730,-0.073477507,-0.02389539,-0.041667514,0.011471634,0.162546287,0.026911341,,
07:58:18.735,-0.055578343,-0.031623216,-0.028251657,0.028243752,0.187748014,0.015370578,,
07:58:18.740,-0.030383736,-0.035628692,-0.024775827,0.04114044,0.216901268,0.007903008,,
07:58:18.745,-0.007938583,-0.032099412,-0.036293269,0.044299398,0.228494362,0.005632279,,
07:58:18.750,0.004411593,-0.021232254,-0.058231272,0.03746685,0.222838823,0.004020524,,
07:58:18.755,0.011271237,-0.009614157,-0.078748759,0.029663648,0.212022958,-0.004555034,,
07:58:18.760,0.015500634,-0.001356247,-0.08831553,0.026100068,0.205045465,-0.021584571,,
07:58:18.765,0.010164951,0.004286221,-0.085053251,0.022059949,0.203209831,-0.040434411,,
07:58:18.770,-0.005233145,0.011333526,-0.076351849,0.015937923,0.204595724,-0.043576249,,
07:58:18.775,-0.025278057,0.025943894,-0.074259352,0.014019688,0.204884645,-0.010760839,,
07:58:18.780,-0.044818064,0.045770693,-0.082829343,0.022624864,0.19578723,0.052666139,,
07:58:18.785,-0.060622031,0.059252076,-0.096653301,0.039835825,0.1741772,0.114525919,,
07:58:18.790,-0.072279554,0.0611956,-0.106444777,0.058579168,0.152557644,0.145989196,,
07:58:18.795,-0.075144192,0.062520207,-0.101979646,0.07930002,0.145033144,0.143590848,,
07:58:18.800,-0.066081464,0.07170566,-0.080339888,0.103381222,0.152197989,0.128128552,,
07:58:18.805,-0.04884432,0.08253646,-0.047428798,0.123712318,0.163826869,0.121849391,,
07:58:18.810,-0.029139231,0.095654177,-0.015421901,0.130291398,0.173198586,0.127730622,,
07:58:18.815,-0.012064192,0.115023076,0.000161105,0.127790886,0.175584167,0.134274244,,
07:58:18.820,0.000419008,0.133088771,-0.003833126,0.120112654,0.176401243,0.134388892,,
07:58:18.825,0.010446531,0.143152298,-0.009996064,0.099503115,0.181016857,0.129693052,,
07:58:18.830,0.017827618,0.1437619,-0.001997493,0.068457406,0.18041938,0.123609538,,
07:58:18.835,0.01666634,0.138585394,0.019310765,0.037852504,0.175934327,0.117043352,,
07:58:18.840,0.004362844,0.130958066,0.039656429,0.018913129,0.178556389,0.106520577,,
07:58:18.845,-0.014498002,0.115131241,0.035103992,0.013318544,0.190906471,0.090748889,,
07:58:18.850,-0.033353187,0.087027705,-0.008926132,0.008865225,0.204135345,0.069759616,,
07:58:18.855,-0.041966197,0.053266009,-0.073670232,0.000539197,0.20036875,0.053406092,,
07:58:18.860,-0.033672292,0.025374691,-0.12331051,-0.009956311,0.178465249,0.059313209,,
07:58:18.865,-0.018140857,0.008076133,-0.143939457,-0.020215864,0.150968409,0.08625413,,
07:58:18.870,-0.008583685,-0.005191178,-0.147150073,-0.02212443,0.120852352,0.107773006,,
07:58:18.875,-0.002840022,-0.017995762,-0.141057348,-0.012495493,0.095935279,0.099997851,,
07:58:18.880,0.009509072,-0.026903437,-0.121432229,0.00054704,0.085006151,0.064616752,,
07:58:18.885,0.028585201,-0.032428168,-0.087580728,0.008263027,0.079250716,0.028800505,,
07:58:18.890,0.046559984,-0.036639663,-0.047382722,0.004923497,0.074566127,0.014427608,,
07:58:18.895,0.058690558,-0.034771036,-0.010640541,-0.00870548,0.079949773,0.017475975,,
07:58:18.900,0.061451596,-0.02115756,0.01572616,-0.024480954,0.09885488,0.031126345,,
07:58:18.905,0.052810039,-0.005226556,0.03091272,-0.035511513,0.12051574,0.049991539,,
07:58:18.910,0.03570678,-0.002476727,0.03903763,-0.053267658,0.137571629,0.077766565,,
07:58:18.915,0.016810559,-0.017745374,0.045198978,-0.08255863,0.152486356,0.118871255,,
07:58:18.920,0.005273402,-0.042382522,0.058704954,-0.095417837,0.163021598,0.150483683,,
07:58:18.925,0.00775083,-0.061152941,0.086102831,-0.085670213,0.169516265,0.167902502,,
07:58:18.930,0.020353147,-0.068616746,0.11391719,-0.057170168,0.166247105,0.18116,,
07:58:18.935,0.029889756,-0.070504082,0.12158478,-0.023731093,0.16531102,0.208533369,,
07:58:18.940,0.027139392,-0.068115612,0.107942846,-0.002254168,0.174928594,0.257025699,,
07:58:18.945,0.01555507,-0.051372887,0.093722954,0.013650189,0.181789385,0.305740006,,
07:58:18.950,0.002783899,-0.021100077,0.098471557,0.036191736,0.172696612,0.330884581,,
07:58:18.955,-0.00861213,0.004058834,0.12644975,0.064199576,0.154860556,0.324236304,,
07:58:18.960,-0.017226623,0.014280904,0.160293207,0.086791684,0.145690176,0.297945634,,
07:58:18.965,-0.018667931,0.015794993,0.188143209,0.088643491,0.150345347,0.272745518,,
07:58:18.970,-0.010968663,0.01966714,0.224394359,0.063314381,0.157350503,0.26054267,,
07:58:18.975,0.001756266,0.025441406,0.228659376,0.018968984,0.156114644,0.25747581,,
07:58:18.980,0.011133176,0.024764576,0.210497417,-0.027480382,0.147094227,0.251450855,,
07:58:18.985,0.008984822,0.018527693,0.219758053,-0.058867238,0.131520849,0.239795561,,
07:58:18.990,-0.008086303,0.006755782,0.246509083,-0.075957649,0.114957475,0.227649615,,
07:58:18.995,-0.03450699,-0.014763764,0.233286938,-0.083801436,0.105834242,0.212490487,,
07:58:19.000,-0.05341752,-0.040164043,0.147028872,-0.077883408,0.104167322,0.197371613,,
07:58:19.005,-0.051133807,-0.055965577,0.099867928,-0.061943617,0.111525634,0.191123958,,
07:58:19.010,-0.034736086,-0.052252319,0.084375778,-0.045477695,0.127238043,0.184820829,,
07:58:19.015,-0.020555843,-0.03409728,0.061669681,-0.034483585,0.145385154,0.161661931,,
07:58:19.020,-0.01190021,-0.023612042,0.04379214,-0.026925516,0.166224227,0.133538404,,
07:58:19.025,-0.002862167,-0.030225483,0.024585641,-0.018562896,0.197441625,0.123029133,,
07:58:19.030,0.010090807,-0.043435044,0.013583704,-0.003536709,0.230232056,0.12338016,,
07:58:19.035,0.026472543,-0.053884837,0.013935096,0.016810445,0.250287566,0.119393346,,
07:58:19.040,0.037959557,-0.056620703,0.013508478,0.03533624,0.259407794,0.12600709,,
07:58:19.045,0.036028294,-0.051454037,-0.002625623,0.064858554,0.243211758,0.156017738,,
07:58:19.050,0.022290633,-0.042521107,-0.030054885,0.104239574,0.205477577,0.182533061,,
07:58:19.055,0.006398584,-0.034603163,-0.065763264,0.130327387,0.17194478,0.173279374,,
07:58:19.060,-0.001430408,-0.030672674,-0.065377844,0.130184811,0.158228355,0.136096404,,
07:58:19.065,-0.000343297,-0.031759218,-0.027943332,0.115015928,0.163639788,0.100430143,,
07:58:19.070,0.003993745,-0.039563577,-0.031610812,0.096713497,0.177187769,0.079329204,,
07:58:19.075,0.005951793,-0.047995637,-0.057770712,0.073908799,0.189828109,0.072443274,,
07:58:19.080,0.001352661,-0.044205906,-0.048181263,0.043455067,0.198788105,0.082638675,,
07:58:19.085,-0.010387938,-0.02552911,-0.019425022,0.012410957,0.204333119,0.105443926,,
07:58:19.090,-0.024514329,-0.00075571,-0.033650286,-0.008800401,0.207159851,0.127989927,,
07:58:19.095,-0.033787452,0.01790722,-0.062432508,-0.019597692,0.210642313,0.138929196,,
07:58:19.100,-0.031292939,0.023877455,-0.076383392,-0.02415894,0.220487457,0.137524018,,
07:58:19.105,-0.017902244,0.022719053,-0.069207786,-0.024013188,0.232058408,0.131996476,,
07:58:19.110,-0.007480528,0.025310969,-0.032199959,-0.013584783,0.230760989,0.123676788,,
07:58:19.115,-0.009880218,0.035439499,0.022835108,0.000404153,0.218005329,0.108466201,,
07:58:19.120,-0.024141506,0.048263545,0.074518074,0.006903802,0.201198211,0.088243592,,
07:58:19.125,-0.047450131,0.055455948,0.103608743,0.006163592,0.187216385,0.071140631,,
07:58:19.130,-0.068668517,0.055600633,0.108653105,0.001969564,0.177155267,0.058363433,,
07:58:19.135,-0.077113764,0.055932547,0.098012559,-0.013838892,0.173208668,0.041878667,,
07:58:19.140,-0.076030143,0.062217011,0.07664683,-0.050507162,0.174990454,0.023406056,,
07:58:19.145,-0.071708483,0.071481222,0.046394355,-0.092905558,0.171895035,0.015892443,,
07:58:19.150,-0.070357588,0.070339896,0.01324862,-0.11765423,0.16001425,0.03098676,,
07:58:19.155,-0.07402303,0.054557249,-0.009325527,-0.125021646,0.152403035,0.070292309,,
07:58:19.160,-0.078243355,0.036254847,-0.016495107,-0.127016647,0.162090397,0.123861039,,
07:58:19.165,-0.080897594,0.019675069,-0.021139035,-0.12824309,0.177063666,0.168839142,,
07:58:19.170,-0.081989582,-0.001044178,-0.032629385,-0.129906612,0.174605883,0.185062273,,
07:58:19.175,-0.079436654,-0.023883991,-0.049507515,-0.130307082,0.156505354,0.182724552,,
07:58:19.180,-0.071280407,-0.039162276,-0.072071001,-0.130070625,0.141215913,0.180463602,,
07:58:19.185,-0.058679782,-0.0434438,-0.097613867,-0.12830602,0.133112029,0.176461196,,
07:58:19.190,-0.042505809,-0.04151639,-0.114165913,-0.124269311,0.126612822,0.161001386,,
07:58:19.195,-0.026457308,-0.039343306,-0.111636042,-0.125797025,0.121246942,0.130977984,,
07:58:19.200,-0.017644009,-0.041206133,-0.094027798,-0.136125295,0.119826583,0.087803835,,
07:58:19.205,-0.013581567,-0.043433467,-0.070153533,-0.147349277,0.123884007,0.039616858,,
07:58:19.210,-0.007477571,-0.041091811,-0.038467184,-0.151868181,0.133242891,-0.001200998,,
07:58:19.215,-0.003400384,-0.040546172,-0.000691204,-0.150394652,0.146454845,-0.036950487,,
07:58:19.220,-0.010332277,-0.047028231,0.027189555,-0.144310358,0.16384032,-0.072442873,,
07:58:19.225,-0.03239257,-0.057764068,0.031741734,-0.126619559,0.184866783,-0.089847286,,
07:58:19.230,-0.063144555,-0.065716253,0.017471885,-0.092284202,0.198793154,-0.079523185,,
07:58:19.235,-0.089234515,-0.061506396,0.004199793,-0.054796776,0.200654577,-0.053436976,,
07:58:19.240,-0.106938426,-0.044610769,0.006487827,-0.039329603,0.200811545,-0.028514787,,
07:58:19.245,-0.120160108,-0.02439,0.020697025,-0.053617692,0.20556819,-0.011270939,,
07:58:19.250,-0.127184077,-0.007237217,0.035343926,-0.08001343,0.202904338,0.007020541,,
07:58:19.255,-0.129192931,0.009372265,0.044897934,-0.101583471,0.178521435,0.046183837,,
07:58:19.260,-0.130855045,0.027271153,0.049433478,-0.11106283,0.144985268,0.114939139,,
07:58:19.265,-0.130204202,0.041888309,0.048448773,-0.111288446,0.127423692,0.188988783,,
07:58:19.270,-0.127497319,0.045749639,0.043577208,-0.102690251,0.126489512,0.250745216,,
07:58:19.275,-0.126530509,0.031884155,0.041686804,-0.075244931,0.129574597,0.280308146,,
07:58:19.280,-0.124328576,0.009259262,0.051318989,-0.041365408,0.142147657,0.29984595,,
07:58:19.285,-0.116569271,-0.009355134,0.076447234,-0.018430059,0.169044415,0.31900862,,
07:58:19.290,-0.105810669,-0.027756776,0.111879259,-0.007952844,0.200754374,0.243367287,,
07:58:19.295,-0.098289468,-0.045509078,0.153548775,-0.008989249,0.227775376,0.191381094,,
07:58:19.300,-0.10049004,-0.04857689,0.1999578,-0.024016212,0.251144256,0.220589562,,
07:58:19.305,-0.114915491,-0.031375878,0.230433332,-0.052464137,0.275654899,0.231472265,,
07:58:19.310,-0.134804889,-0.009344723,0.240404098,-0.090124046,0.297933391,0.247103784,,
07:58:19.315,-0.144961685,0.006800927,0.234654626,-0.129559831,0.305391948,0.264575243,,
07:58:19.320,-0.136675358,0.020405402,0.212325364,-0.159035757,0.29275863,0.276636506,,
07:58:19.325,-0.120558618,0.029438342,0.216678684,-0.170815723,0.269964764,0.296596165,,
07:58:19.330,-0.111364512,0.034966539,0.235829175,-0.16078007,0.248581152,0.306551905,,
07:58:19.335,-0.111609018,0.042095178,0.247835665,-0.129062542,0.230371721,0.327643829,,
07:58:19.340,-0.119042013,0.044560797,0.268361685,-0.087401177,0.214730141,0.337585893,,
07:58:19.345,-0.129815529,0.035960996,0.256279404,-0.047890003,0.203205095,0.249007449,,
07:58:19.350,-0.13079711,0.021170521,0.222978743,-0.010954935,0.197143467,0.18283387,,
07:58:19.355,-0.112971217,0.007474225,0.204615011,0.0269469,0.195085322,0.163576547,,
07:58:19.360,-0.08353628,0.001277905,0.177982846,0.062555639,0.192696379,0.129815713,,
07:58:19.365,-0.053196724,0.009439783,0.155925009,0.083709038,0.190474463,0.121629658,,
07:58:19.370,-0.030054024,0.032396351,0.147987201,0.077041346,0.188826453,0.139701333,,
07:58:19.375,-0.020461122,0.057845978,0.142371886,0.04478202,0.181316331,0.178020369,,
07:58:19.380,-0.024157317,0.067024118,0.126403366,0.011421824,0.164434087,0.21581178,,
07:58:19.385,-0.029074896,0.056795032,0.095171654,0.001922377,0.145700428,0.224365643,,
07:58:19.390,-0.024799586,0.041013045,0.056062849,0.019508931,0.133121069,0.197300411,,
07:58:19.395,-0.020940685,0.027859349,0.013026875,0.045758226,0.127717958,0.151695637,,
07:58:19.400,-0.02934066,0.014373452,-0.016083079,0.058469582,0.128553973,0.113845466,,
07:58:19.405,-0.046048162,-0.001366545,-0.035313667,0.053934379,0.135658633,0.089280229,,
07:58:19.410,-0.061201885,-0.011151303,-0.023468306,0.036177338,0.153592063,0.077839224,,
07:58:19.415,-0.067614273,-0.007299287,0.032216989,0.004427195,0.182386346,0.078549237,,
07:58:19.420,-0.064779758,0.007715994,0.031470919,-0.03316819,0.209123378,0.081663506,,
07:58:19.425,-0.057062367,0.025778385,0.015528267,-0.060478996,0.22614495,0.077713354,,
07:58:19.430,-0.048243112,0.039248112,0.045370947,-0.066603348,0.233701089,0.067085569,,
07:58:19.435,-0.037760914,0.047214869,0.049095607,-0.057474823,0.234256007,0.056812066,,
07:58:19.440,-0.025793786,0.052606502,0.037950651,-0.048371308,0.234280903,0.06579091,,
07:58:19.445,-0.018273081,0.058334114,0.034419401,-0.031670486,0.237848082,0.095879849,,
07:58:19.450,-0.017849892,0.068659251,0.030959826,-0.005167227,0.247435474,0.133793671,,
07:58:19.455,-0.021737216,0.083692191,0.033581994,0.015754052,0.262672022,0.163869264,,
07:58:19.460,-0.02295851,0.09413408,0.033669455,0.039541883,0.28174065,0.154029699,,
07:58:19.465,-0.012218405,0.088521099,0.028407971,0.067810013,0.300294953,0.107366805,,
07:58:19.470,0.012163289,0.068206701,0.025060389,0.092327178,0.304149928,0.055436713,,
07:58:19.475,0.041306721,0.049603265,0.028657819,0.098622237,0.292646988,0.020740669,,
07:58:19.480,0.062472952,0.042662018,0.036481844,0.079484394,0.277697178,0.007273931,,
07:58:19.485,0.069874402,0.038575347,0.042219064,0.051362482,0.274205287,0.007487578,,
07:58:19.490,0.065636693,0.031767327,0.045033936,0.035066038,0.279617266,0.014596306,,
07:58:19.495,0.052617888,0.027423982,0.04576323,0.0284849,0.282066478,0.021966424,,
07:58:19.500,0.032513171,0.023543132,0.039738028,0.021041126,0.279150626,0.024051013,,
07:58:19.505,0.00668154,0.017365164,0.026631547,0.013340813,0.273602524,0.020616281,,
07:58:19.510,-0.019594374,0.014447141,0.01873822,0.008838241,0.26523726,0.012682624,,
07:58:19.515,-0.042418136,0.013886846,0.020706112,0.004422026,0.255724003,0.00510677,,
07:58:19.520,-0.062012856,0.004787079,0.020893277,-0.004865091,0.246755049,0.005273157,,
07:58:19.525,-0.070653407,-0.012677423,0.01193653,-0.011949032,0.233986134,0.01483811,,
07:58:19.530,-0.061191755,-0.024280681,-0.00201372,-0.008662199,0.221270657,0.032568946,,
07:58:19.535,-0.03809869,-0.023629542,-0.015692514,-0.006552311,0.216883196,0.058663122,,
07:58:19.540,-0.008166518,-0.012605426,-0.026896475,-0.022355065,0.216524882,0.087597259,,
07:58:19.545,0.022302696,0.009319054,-0.034620374,-0.048809025,0.211338646,0.11322997,,
07:58:19.550,0.050758448,0.034947529,-0.034280814,-0.070458873,0.203616102,0.136386081,,
07:58:19.555,0.075462359,0.050876431,-0.02163366,-0.084773508,0.200853726,0.1561315,,
07:58:19.560,0.090008764,0.058537356,-0.002319802,-0.090521321,0.201620643,0.158887045,,
07:58:19.565,0.093739149,0.070051361,0.016202348,-0.088142848,0.193632214,0.13421951,,
07:58:19.570,0.089159572,0.086672458,0.03060009,-0.081466366,0.165235851,0.089683187,,
07:58:19.575,0.073891256,0.098423905,0.041705334,-0.075312424,0.12798378,0.048986492,,
07:58:19.580,0.046378309,0.097491138,0.055178847,-0.072419347,0.101836104,0.034743502,,
07:58:19.585,0.010979353,0.083829102,0.074671706,-0.077073692,0.096222717,0.04343604,,
07:58:19.590,-0.024892305,0.063189154,0.098917278,-0.090289077,0.11640292,0.052134451,,
07:58:19.595,-0.053301638,0.044787696,0.122869925,-0.09686838,0.156007265,0.045518439,,
07:58:19.600,-0.071294923,0.036201729,0.138527198,-0.079927114,0.198527795,0.023161929,,
07:58:19.605,-0.085603659,0.035928552,0.141020987,-0.039448188,0.228161351,-0.000520312,,
07:58:19.610,-0.100232619,0.039048635,0.136568567,0.001585626,0.237843442,-0.014186269,,
07:58:19.615,-0.108916094,0.045400726,0.135248098,0.019638153,0.228977583,-0.017210791,,
07:58:19.620,-0.109176639,0.050276326,0.140981527,0.016411368,0.201945161,-0.007257484,,
07:58:19.625,-0.107850973,0.048105712,0.1523328,0.003810408,0.166839831,0.02232295,,
07:58:19.630,-0.108023354,0.040504869,0.164751935,-0.012242917,0.142058795,0.075109871,,
07:58:19.635,-0.105830245,0.027896621,0.172237678,-0.031276325,0.134344318,0.145109188,,
07:58:19.640,-0.100765076,0.006424372,0.169548264,-0.044559074,0.135673282,0.211287001,,
07:58:19.645,-0.097921535,-0.023259356,0.156390099,-0.041236843,0.141678251,0.248583357,,
07:58:19.650,-0.09855037,-0.048290761,0.145421435,-0.033485897,0.160645857,0.250511721,,
07:58:19.655,-0.0942738,-0.053711958,0.155104953,-0.03555994,0.18788738,0.235988775,,
07:58:19.660,-0.080706717,-0.041170029,0.185739687,-0.04795278,0.206429303,0.226653554,,
07:58:19.665,-0.067586979,-0.02358547,0.214846689,-0.068382928,0.214654651,0.22812176,,
07:58:19.670,-0.06839723,-0.005397329,0.221871232,-0.094258988,0.221785503,0.231790187,,
07:58:19.675,-0.086650809,0.01284009,0.20256874,-0.121063662,0.237622757,0.229987702,,
07:58:19.680,-0.112773201,0.029175398,0.168416405,-0.134345363,0.265999408,0.231016077,,
07:58:19.685,-0.131573893,0.045778478,0.1407971,-0.134798218,0.299893242,0.230693545,,
07:58:19.690,-0.131782141,0.061431689,0.133376692,-0.125045011,0.327129451,0.224149898,,
07:58:19.695,-0.117262452,0.070277907,0.140386744,-0.102335124,0.343262397,0.215060271,,
07:58:19.700,-0.100583218,0.067073358,0.143744371,-0.077949235,0.355879627,0.19900616,,
07:58:19.705,-0.08896458,0.050081089,0.128910893,-0.057487018,0.359852428,0.171684447,,
07:58:19.710,-0.087475892,0.026025667,0.094482387,-0.038831089,0.345520672,0.125557383,,
07:58:19.715,-0.09468587,0.004398454,0.049130204,-0.021425967,0.315266016,0.062744096,,
07:58:19.720,-0.098462169,-0.010843641,0.007317029,-0.018757401,0.290287871,0.006245107,,
07:58:19.725,-0.08717901,-0.021570546,-0.020041684,-0.037385308,0.288282699,-0.032234404,,
07:58:19.730,-0.062878258,-0.02790688,-0.033467492,-0.058407278,0.297742047,-0.052617483,,
07:58:19.735,-0.04002637,-0.023037902,-0.031868054,-0.062182624,0.298269595,-0.054683817,,
07:58:19.740,-0.028821066,-0.007957389,-0.042116595,-0.051364993,0.291703852,-0.037385587,,
07:58:19.745,-0.034228563,0.010542104,-0.047878274,-0.02981362,0.283281948,-0.000174169,,
07:58:19.750,-0.055486962,0.037776505,-0.022171097,-0.001774128,0.276383196,0.019857363,,
07:58:19.755,-0.081279612,0.076113916,-0.027760705,0.024067058,0.275742659,0.020738533,,
07:58:19.760,-0.100827897,0.111453139,-0.046361638,0.047887907,0.279023768,0.020178502,,
07:58:19.765,-0.110565362,0.128243255,-0.061126038,0.06568895,0.282850201,0.008495787,,
07:58:19.770,-0.115571674,0.125271932,-0.074563773,0.068214318,0.290720404,-0.001168838,,
07:58:19.775,-0.126897059,0.121333736,-0.092170935,0.05098667,0.306687759,-0.007246395,,
07:58:19.780,-0.146585752,0.135133632,-0.106222566,0.019454962,0.318737483,-0.01083678,,
07:58:19.785,-0.166447716,0.16345954,-0.043440348,-0.012185485,0.309073125,-0.015520206,,
07:58:19.790,-0.180592868,0.187902357,0.007788079,-0.036770716,0.285616808,-0.020895815,,
07:58:19.795,-0.18830344,0.199052505,0.019195463,-0.05838649,0.275031569,-0.013610705,,
07:58:19.800,-0.192322989,0.203566991,0.052002215,-0.077953525,0.279365872,0.009389723,,
07:58:19.805,-0.194260649,0.206945746,0.079699652,-0.089199235,0.28040988,0.035937415,,
07:58:19.810,-0.193103524,0.207339356,0.097523528,-0.096347816,0.276956631,0.055141691,,
07:58:19.815,-0.187243261,0.203823593,0.103930012,-0.113615222,0.276859058,0.061771209,,
07:58:19.820,-0.17205956,0.199180229,0.100177458,-0.141365409,0.280610022,0.062103398,,
07:58:19.825,-0.142853248,0.196865808,0.095932621,-0.1708479,0.286811252,0.071910294,,
07:58:19.830,-0.10320387,0.193157782,0.095312924,-0.188804243,0.280856644,0.100877279,,
07:58:19.835,-0.062862251,0.179468525,0.098637151,-0.188136487,0.254446173,0.138320658,,
07:58:19.840,-0.033446978,0.159225438,0.096037094,-0.181294026,0.219635129,0.159084679,,
07:58:19.845,-0.018610753,0.143127621,0.076768269,-0.178896535,0.187632374,0.153656893,,
07:58:19.850,-0.007813591,0.130987413,0.044122358,-0.180980602,0.16776582,0.131267006,,
07:58:19.855,0.006930272,0.121564345,0.014317016,-0.177349173,0.15462949,0.103350327,,
07:58:19.860,0.023377401,0.12223589,0.004720955,-0.161772912,0.150590301,0.087128421,,
07:58:19.865,0.035814244,0.13460707,0.01883903,-0.133633365,0.164818551,0.098234188,,
07:58:19.870,0.039318047,0.15203748,0.042669599,-0.092531011,0.191590242,0.13333319,,
07:58:19.875,0.034618331,0.165125347,0.060383252,-0.036764024,0.208751736,0.173547091,,
07:58:19.880,0.026103924,0.164945226,0.06824296,0.018438272,0.203207305,0.197402037,,
07:58:19.885,0.016134005,0.149524508,0.068266585,0.06065056,0.182322913,0.190143813,,
07:58:19.890,0.004124144,0.125676645,0.060715241,0.090031488,0.159454663,0.157258228,,
07:58:19.895,-0.010928341,0.104670337,0.048249268,0.109406328,0.145279646,0.119270579,,
07:58:19.900,-0.024384745,0.089698301,0.034736825,0.134941061,0.146257723,0.088725246,,
07:58:19.905,-0.032007105,0.073451848,0.022228463,0.09932526,0.168881121,0.074767454,,
07:58:19.910,-0.034062077,0.049653382,0.016021102,0.038343624,0.190263887,0.086487219,,
07:58:19.915,-0.032148958,0.022125153,0.022036528,0.050387416,0.18208266,0.122666953,,
07:58:19.920,-0.031914222,0.001784473,0.035366378,0.064520737,0.158660226,0.161384484,,
07:58:19.925,-0.04158128,-0.002596413,0.040330396,0.072824795,0.140453755,0.187310563,,
07:58:19.930,-0.062265232,0.009561948,0.028078147,0.090126855,0.139284118,0.199349081,,
07:58:19.935,-0.085234667,0.028524876,0.011862705,0.108760791,0.156785423,0.19140433,,
07:58:19.940,-0.106527952,0.044786759,0.012950726,0.125585779,0.174773766,0.174228837,,
07:58:19.945,-0.130260932,0.05529751,0.038100928,0.146102264,0.177160332,0.175158401,,
07:58:19.950,-0.152702986,0.06006766,0.079809501,0.148711433,0.170110004,0.204510745,,
07:58:19.955,-0.162647894,0.060704891,0.127158686,0.11320684,0.162002652,0.24195784,,
07:58:19.960,-0.154488853,0.055812477,0.16873636,0.091255296,0.142319269,0.254172272,,
07:58:19.965,-0.128716487,0.043506059,0.195126456,0.069964209,0.116465771,0.229722499,,
07:58:19.970,-0.088481868,0.028066647,0.202261944,0.035708494,0.099964005,0.187798147,,
07:58:19.975,-0.040845288,0.013162434,0.192354209,0.001803877,0.099931169,0.157610512,,
07:58:19.980,0.005403258,-0.003407912,0.174550901,-0.030126913,0.109680458,0.140122535,,
07:58:19.985,0.040413483,-0.024335124,0.158877095,-0.047149259,0.129552858,0.132970307,,
07:58:19.990,0.055329319,-0.046476512,0.146593884,-0.039815235,0.154128659,0.141503208,,
07:58:19.995,0.053703588,-0.059052307,0.134577337,-0.02081637,0.178486101,0.149927944,,
07:58:20.000,0.048892503,-0.055717174,0.123938771,8.87836E-05,0.197637917,0.150614468,,
07:58:20.005,0.047106701,-0.045160713,0.118502868,0.019889379,0.201066708,0.137385567,,
07:58:20.010,0.045296993,-0.039921304,0.121168973,0.032878427,0.198641811,0.109656456,,
07:58:20.015,0.041596405,-0.039768955,0.133328572,0.039891106,0.195608551,0.089621128,,
07:58:20.020,0.037032755,-0.033475554,0.150096926,0.033218638,0.200752193,0.099610933,,
07:58:20.025,0.034965785,-0.014578642,0.158555154,0.013435847,0.210626219,0.140792728,,
07:58:20.030,0.040153112,0.008027971,0.147816285,-0.006047969,0.216992786,0.187728312,,
07:58:20.035,0.051573964,0.018342687,0.115957571,-0.006596099,0.208362465,0.213351962,,
07:58:20.040,0.063729952,0.014734417,0.070013625,0.008436364,0.189663213,0.214048405,,
07:58:20.045,0.071344983,0.005436339,0.023133748,0.01816167,0.178482561,0.192867514,,
07:58:20.050,0.071317402,-0.003574058,-0.010546276,0.015050221,0.17987419,0.140967169,,
07:58:20.055,0.065330888,-0.005753033,-0.019822693,0.003964509,0.194809569,0.065754797,,
07:58:20.060,0.060872172,-0.00358179,-0.003561441,-0.014210721,0.228801336,0.007417289,,
07:58:20.065,0.062688201,-0.012827495,0.021993112,-0.045375472,0.275529774,-0.006842396,,
07:58:20.070,0.061331902,-0.038260663,0.035520264,-0.08766446,0.32561082,0.018788377,,
07:58:20.075,0.048383026,-0.062656796,0.035638044,-0.118955669,0.356908931,0.050177847,,
07:58:20.080,0.032821313,-0.072474975,0.032777441,-0.131966346,0.364736409,0.053997108,,
07:58:20.085,0.023029284,-0.072573754,0.024578763,-0.130824282,0.361853873,0.045507069,,
07:58:20.090,0.015991234,-0.076747486,0.008744854,-0.123031958,0.350890957,0.040898258,,
07:58:20.095,0.008745753,-0.087950964,-0.002781748,-0.117035301,0.340462933,0.024842694,,
07:58:20.100,0.001522626,-0.091387672,0.000832823,-0.106712424,0.320108643,-0.015941956,,
07:58:20.105,-0.005577664,-0.077713345,0.015563896,-0.09339835,0.287136146,-0.064661103,,
07:58:20.110,-0.009150863,-0.05255232,0.030902424,-0.074692797,0.247163505,-0.089385858,,
07:58:20.115,-0.003988102,-0.025623274,0.036876407,-0.053008722,0.22862414,-0.077860784,,
07:58:20.120,0.013944723,-0.007283781,0.028523051,-0.031277838,0.242270255,-0.042878042,,
07:58:20.125,0.045428444,-0.001066102,0.015338961,-0.015421399,0.270292696,-0.002834001,,
07:58:20.130,0.077621668,0.004535131,0.006122492,-0.008085485,0.295398906,0.035705562,,
07:58:20.135,0.089213049,0.022247249,-0.007880265,-0.001259516,0.30924355,0.07177767,,
07:58:20.140,0.074407655,0.050443609,-0.036638171,0.001168765,0.316995688,0.102891762,,
07:58:20.145,0.044958437,0.081596222,-0.074635666,-0.012566866,0.323002126,0.13096181,,
07:58:20.150,0.01090688,0.10840862,-0.108471423,-0.037247556,0.326045911,0.153289145,,
07:58:20.155,-0.020792878,0.128438291,-0.128777356,-0.062995559,0.334188821,0.179037937,,
07:58:20.160,-0.047309867,0.144127802,-0.132207258,-0.09924299,0.356646142,0.211405554,,
07:58:20.165,-0.072949358,0.157885663,-0.122523855,-0.132298902,0.377812084,0.265342705,,
07:58:20.170,-0.095759887,0.183948313,-0.104339393,-0.150624836,0.391657394,0.304568917,,
07:58:20.175,-0.105958011,0.178068274,-0.082402161,-0.16209323,0.390723115,0.221429325,,
07:58:20.180,-0.108522642,0.144301275,-0.066528735,-0.177323985,0.381908519,0.17307768,,
07:58:20.185,-0.109975805,0.158007241,-0.049460214,-0.198275984,0.369693346,0.206178399,,
07:58:20.190,-0.100082418,0.174654031,-0.011510125,-0.223698915,0.348298793,0.212069011,,
07:58:20.195,-0.083713312,0.192721754,0.064910233,-0.254535747,0.325430682,0.235077937,,
07:58:20.200,-0.073578582,0.204975313,0.157825959,-0.27844142,0.311414166,0.234403084,,
07:58:20.205,-0.070642206,0.149907421,0.215595463,-0.281878237,0.304085263,0.183471943,,
07:58:20.210,-0.07510998,0.096072847,0.265235158,-0.267295978,0.299921005,0.15398018,,
07:58:20.215,-0.079413775,0.067819765,0.216833994,-0.244756813,0.295500086,0.13291858,,
07:58:20.220,-0.078970132,0.034887486,0.100782215,-0.223834077,0.276148875,0.107537721,,
07:58:20.225,-0.083897425,0.008386208,0.107936242,-0.21246195,0.239962192,0.088538066,,
07:58:20.230,-0.101306126,-0.013480367,0.129932986,-0.216043029,0.208358604,0.083941041,,
07:58:20.235,-0.129757302,-0.022738016,0.1395603,-0.227169532,0.194334184,0.104908135,,
07:58:20.240,-0.161513615,-0.011706056,0.159718479,-0.221404377,0.189207135,0.142582944,,
07:58:20.245,-0.185611283,0.013881223,0.16863478,-0.186274327,0.186893348,0.183709327,,
07:58:20.250,-0.201395794,0.048217099,0.197098988,-0.131645091,0.188589659,0.21167607,,
07:58:20.255,-0.220212765,0.083356021,0.149536252,-0.077103292,0.192772969,0.206963714,,
07:58:20.260,-0.245845956,0.10701409,0.080220839,-0.040549755,0.193868334,0.157803097,,
07:58:20.265,-0.266546643,0.116928331,0.092565537,-0.024641925,0.191174262,0.085506213,,
07:58:20.270,-0.273908516,0.1201204,0.090337822,-0.020471237,0.186447365,0.034046637,,
07:58:20.275,-0.268335951,0.121239329,0.080594646,-0.021249965,0.179573548,0.017138369,,
07:58:20.280,-0.253150658,0.11666804,0.082690549,-0.03011285,0.17533419,0.023315283,,
07:58:20.285,-0.238865734,0.104753773,0.081600955,-0.050366333,0.179558085,0.046372901,,
07:58:20.290,-0.229715256,0.093619194,0.075988747,-0.07122802,0.1929651,0.076179985,,
07:58:20.295,-0.218422242,0.087020787,0.064266391,-0.082470533,0.212472797,0.096829521,,
07:58:20.300,-0.203250448,0.082297923,0.059124019,-0.088664867,0.229634486,0.092314251,,
07:58:20.305,-0.183221851,0.073762164,0.068348087,-0.097004906,0.231996421,0.061129954,,
07:58:20.310,-0.157949126,0.05579754,0.08568448,-0.107042678,0.216217675,0.022571264,,
07:58:20.315,-0.133699002,0.034141823,0.09803824,-0.11485205,0.19401,0.00275047,,
07:58:20.320,-0.109279382,0.021187766,0.099662462,-0.11578879,0.177492908,0.013730208,,
07:58:20.325,-0.082428951,0.019531598,0.088637162,-0.102586821,0.164847255,0.045974551,,
07:58:20.330,-0.059934713,0.022117595,0.065052985,-0.073517989,0.150288514,0.073954778,,
07:58:20.335,-0.043133384,0.02343703,0.03594126,-0.040923762,0.144902125,0.075472187,,
07:58:20.340,-0.029238243,0.014880734,0.006636404,-0.014671784,0.162269562,0.055291454,,
07:58:20.345,-0.02181645,-0.009512317,-0.017484499,0.004501978,0.202571273,0.030729205,,
07:58:20.350,-0.017869024,-0.037228952,-0.022930975,0.024449108,0.238679858,0.006388693,,
07:58:20.355,-0.008610391,-0.054525139,-0.004143642,0.033997318,0.256244191,-0.019426678,,
07:58:20.360,-0.000891613,-0.059514269,0.023796196,0.010009085,0.265127799,-0.048043233,,
07:58:20.365,-0.006234872,-0.051724728,0.046155834,-0.023286583,0.242514808,-0.061053777,,
07:58:20.370,-0.021995698,-0.03398597,0.059945099,-0.064531555,0.232012031,-0.046250012,,
07:58:20.375,-0.041149029,-0.012781064,0.056120336,-0.090160886,0.231844055,-0.013064207,,
07:58:20.380,-0.063755178,0.004369762,0.024312799,-0.09555677,0.235430321,0.03233791,,
07:58:20.385,-0.08945397,0.015008877,-0.042308355,-0.115373971,0.262911221,0.075628543,,
07:58:20.390,-0.10861579,0.024615999,-0.123254492,-0.132070019,0.271424579,0.105698456,,
07:58:20.395,-0.112112667,0.033682714,-0.189374296,-0.146870851,0.278918791,0.126190331,,
07:58:20.400,-0.100590231,0.042882294,-0.228385612,-0.161497603,0.29288975,0.138294224,,
07:58:20.405,-0.079589741,0.055086432,-0.179765744,-0.190237659,0.323557509,0.130048291,,
07:58:20.410,-0.059172742,0.067801778,-0.124497968,-0.217476648,0.352441359,0.086369254,,
07:58:20.415,-0.043938844,0.080740036,-0.155737679,-0.221444951,0.369847716,0.020500369,,
07:58:20.420,-0.03168948,0.091988751,-0.13785277,-0.203586821,0.379799712,-0.031723639,,
07:58:20.425,-0.03023149,0.097491659,-0.064926042,-0.184122924,0.388121685,-0.055277855,,
07:58:20.430,-0.043515034,0.097741619,-0.044448066,-0.178294509,0.395528849,-0.060299438,,
07:58:20.435,-0.056661471,0.09251249,-0.042216432,-0.173109312,0.386538717,-0.055045451,,
07:58:20.440,-0.058998614,0.083476012,-0.044579575,-0.168174355,0.366961785,-0.032131552,,
07:58:20.445,-0.05720546,0.078206448,-0.063613581,-0.179869596,0.351102269,0.012300151,,
07:58:20.450,-0.057021579,0.081884563,-0.089997199,-0.208883105,0.338399155,0.061995421,,
07:58:20.455,-0.057207919,0.092772216,-0.112062751,-0.236127425,0.317408265,0.098291509,,
07:58:20.460,-0.056819732,0.104833608,-0.113085022,-0.254922472,0.286659593,0.108136299,,
07:58:20.465,-0.05752062,0.110136466,-0.098299845,-0.271797254,0.254596877,0.084695237,,
07:58:20.470,-0.066578658,0.106644312,-0.085281905,-0.285479973,0.227482149,0.032564735,,
07:58:20.475,-0.085608414,0.096280232,-0.08072682,-0.299307941,0.212449302,-0.030846042,,
07:58:20.480,-0.103644002,0.0828765,-0.075238559,-0.314150577,0.214158868,-0.073174942,,
07:58:20.485,-0.119814003,0.078989697,-0.059257873,-0.321729275,0.223834774,-0.073592161,,
07:58:20.490,-0.14543865,0.089789847,-0.036013073,-0.32484504,0.22144393,-0.050281962,,
07:58:20.495,-0.185349308,0.104346097,-0.017366512,-0.331659759,0.20139339,-0.035759656,,
07:58:20.500,-0.233180704,0.115098623,-0.014333234,-0.331541677,0.175500753,-0.040456523,,
07:58:20.505,-0.27343026,0.119694978,-0.019623143,-0.306098397,0.151156267,-0.051740471,,
07:58:20.510,-0.291548907,0.116173603,-0.016698903,-0.263874983,0.133348759,-0.058713181,,
07:58:20.515,-0.283838358,0.102866217,-0.002927034,-0.226730597,0.129366714,-0.058404769,,
07:58:20.520,-0.260931126,0.081443955,0.011473804,-0.20494082,0.139374006,-0.045151154,,
07:58:20.525,-0.235073612,0.063797772,0.018387209,-0.196076431,0.153003745,-0.021364814,,
07:58:20.530,-0.20620166,0.055440561,0.019712939,-0.195492386,0.169035653,-0.000300752,,
07:58:20.535,-0.176404466,0.048523639,0.013843586,-0.196736814,0.183723214,0.006852403,,
07:58:20.540,-0.155397565,0.037664163,-0.004954448,-0.185462637,0.186998061,0.006399496,,
07:58:20.545,-0.147745371,0.027748218,-0.033587831,-0.181573475,0.197698393,0.004621242,,
07:58:20.550,-0.151043262,0.021308769,-0.065334205,-0.186742255,0.208030262,-0.006155046,,
07:58:20.555,-0.160107154,0.006250913,-0.095464107,-0.176737157,0.211016409,-0.040102248,,
07:58:20.560,-0.167039794,-0.019932587,-0.116542086,-0.154698642,0.220539882,-0.094485294,,
07:58:20.565,-0.164352069,-0.046886744,-0.126713744,-0.133548723,0.234412019,-0.139940553,,
07:58:20.570,-0.159495947,-0.07277333,-0.133928109,-0.109165476,0.237293533,-0.163218354,,
07:58:20.575,-0.162612927,-0.095474182,-0.139117092,-0.078161921,0.229912681,-0.170923224,,
07:58:20.580,-0.165813289,-0.107093818,-0.136620572,-0.058611864,0.232884569,-0.167275423,,
07:58:20.585,-0.163817305,-0.103158617,-0.133134401,-0.060420114,0.243060856,-0.156477452,,
07:58:20.590,-0.162337402,-0.087328952,-0.137914567,-0.08088219,0.259568364,-0.134703211,,
07:58:20.595,-0.160530401,-0.063648273,-0.144139221,-0.10044657,0.28633707,-0.101322857,,
07:58:20.600,-0.151559457,-0.035430761,-0.145021965,-0.10425193,0.319979325,-0.072586746,,
07:58:20.605,-0.13569723,-0.008254244,-0.147095018,-0.101294792,0.343619822,-0.055270581,,
07:58:20.610,-0.12014269,0.01362165,-0.157655845,-0.111449734,0.355203433,-0.047767254,,
07:58:20.615,-0.108905122,0.026760329,-0.176810067,-0.136446028,0.362898185,-0.045250906,,
07:58:20.620,-0.097668699,0.026379371,-0.198480855,-0.165336101,0.374602391,-0.043219615,,
07:58:20.625,-0.08087348,0.017467522,-0.214798838,-0.188201281,0.385480094,-0.007817406,,
07:58:20.630,-0.059873064,0.012997744,-0.221755426,-0.19902991,0.383537313,0.059028606,,
07:58:20.635,-0.04291457,0.015074695,-0.222848317,-0.198104996,0.374815844,0.148119487,,
07:58:20.640,-0.034821538,0.018617397,-0.224273289,-0.18639653,0.37154419,0.265777982,,
07:58:20.645,-0.037796961,0.026619702,-0.227642631,-0.166252067,0.373974057,0.187323524,,
07:58:20.650,-0.049681909,0.042476121,-0.229585261,-0.141550747,0.373399927,0.056723695,,
07:58:20.655,-0.057327451,0.054306141,-0.224815442,-0.108872464,0.36159016,0.088447685,,
07:58:20.660,-0.055959387,0.055945787,-0.20954177,-0.096384771,0.358332042,0.102749536,,
07:58:20.665,-0.052046499,0.060487997,-0.172012901,-0.110242449,0.355018858,0.113525647,,
07:58:20.670,-0.047682632,0.07479356,-0.105743009,-0.12073424,0.351574157,0.135464732,,
07:58:20.675,-0.046282652,0.089887008,-0.025314904,-0.118971148,0.364648745,0.144568265,,
07:58:20.680,-0.052399289,0.093981713,0.045796653,-0.110430571,0.393429619,0.165393388,,
07:58:20.685,-0.068265452,0.086479423,0.076247698,-0.113143164,0.43580565,0.177976278,,
07:58:20.690,-0.094397752,0.074659072,0.098438501,-0.119017169,0.457643215,0.190783181,,
07:58:20.695,-0.125879124,0.064340868,0.075376974,-0.119098423,0.450297094,0.221759636,,
07:58:20.700,-0.158463517,0.061640877,-0.01570413,-0.115405057,0.425337291,0.112067563,,
07:58:20.705,-0.192945189,0.073298275,-0.025212403,-0.115384088,0.399591134,-0.024639066,,
07:58:20.710,-0.226911363,0.099713164,0.00107604,-0.113719115,0.374006426,-0.043544596,,
07:58:20.715,-0.244801042,0.129312676,0.010365844,-0.101379616,0.350383062,-0.057580447,,
07:58:20.720,-0.236227952,0.143972652,0.027562489,-0.082241987,0.3260429,-0.037668769,,
07:58:20.725,-0.214582605,0.140141237,0.044361085,-0.071537598,0.30326371,0.005022364,,
07:58:20.730,-0.199036969,0.133379788,0.055790836,-0.073029969,0.284891635,0.04088511,,
07:58:20.735,-0.187597084,0.135290333,0.075891701,-0.0804162,0.267688867,0.071030685,,
07:58:20.740,-0.166077032,0.145267082,0.086464628,-0.089693159,0.259267383,0.078978198,,
07:58:20.745,-0.137286712,0.160907647,0.026630844,-0.100708935,0.267495212,0.05990516,,
07:58:20.750,-0.110536761,0.178993706,0.007328928,-0.115561651,0.28640943,0.018066522,,
07:58:20.755,-0.08395719,0.191448788,0.039956456,-0.133721207,0.307765749,-0.026701939,,
07:58:20.760,-0.059911088,0.195989415,0.048769543,-0.152101919,0.332784645,-0.058743003,,
07:58:20.765,-0.044348514,0.195057117,0.049823512,-0.166232158,0.364252896,-0.082293826,,
07:58:20.770,-0.039491724,0.183809449,0.036740926,-0.176455779,0.40023409,-0.104063175,,
07:58:20.775,-0.041752218,0.163581518,0.015681442,-0.188779688,0.440687757,-0.115580585,,
07:58:20.780,-0.044553194,0.152680137,-0.003027781,-0.198776817,0.472739026,-0.097438534,,
07:58:20.785,-0.054280216,0.162981165,-0.021472418,-0.194657642,0.479733767,-0.05745375,,
07:58:20.790,-0.077079484,0.186119701,-0.046741958,-0.180521833,0.463505699,-0.032060748,,
07:58:20.795,-0.104323329,0.209263235,-0.086604656,-0.16642,0.436876008,-0.041000003,,
07:58:20.800,-0.122688928,0.225041716,-0.134268581,-0.1511094,0.415528696,-0.063172286,,
07:58:20.805,-0.124243546,0.230243812,-0.165995692,-0.132430212,0.393305547,-0.069850352,,
07:58:20.810,-0.110569966,0.222940618,-0.160890278,-0.112453453,0.359852227,-0.073212988,,
07:58:20.815,-0.089134142,0.202322125,-0.12789877,-0.094358519,0.326877396,-0.096984706,,
07:58:20.820,-0.071947936,0.175783745,-0.098324439,-0.078849735,0.307255028,-0.134958589,,
07:58:20.825,-0.067683066,0.149460666,-0.090992841,-0.068055739,0.306770379,-0.172050104,,
07:58:20.830,-0.078995714,0.122714367,-0.095616392,-0.062516449,0.317607733,-0.208539313,,
07:58:20.835,-0.105721847,0.09956809,-0.087040196,-0.064187894,0.334159977,-0.234786513,,
07:58:20.840,-0.137880979,0.08337052,-0.057488107,-0.074387532,0.362597142,-0.228286534,,
07:58:20.845,-0.164024073,0.076276717,-0.026865145,-0.091471259,0.39419814,-0.182989792,,
07:58:20.850,-0.18199231,0.086906009,-0.018603492,-0.120035799,0.417085097,-0.121561058,,
07:58:20.855,-0.195841279,0.116877855,-0.04236398,-0.157083085,0.431092044,-0.0783154,,
07:58:20.860,-0.204913109,0.153218839,-0.082522851,-0.185626212,0.438762241,-0.070836327,,
07:58:20.865,-0.200161664,0.179494489,-0.104555083,-0.200982025,0.439741464,-0.089212032,,
07:58:20.870,-0.181269034,0.185228005,-0.096880415,-0.21487349,0.433862212,-0.109630839,,
07:58:20.875,-0.160085629,0.174179698,-0.085050367,-0.233150212,0.425529696,-0.108962093,,
07:58:20.880,-0.143218913,0.161575038,-0.086451785,-0.255499361,0.417059232,-0.081874998,,
07:58:20.885,-0.131571232,0.162091838,-0.095317842,-0.281067955,0.409733629,-0.043014996,,
07:58:20.890,-0.130083314,0.177467223,-0.106837721,-0.29747493,0.399132079,-0.007146614,,
07:58:20.895,-0.14109173,0.194275341,-0.120626414,-0.290681084,0.379433775,0.015553317,,
07:58:20.900,-0.162060096,0.201844371,-0.138999839,-0.262481945,0.351275915,0.016803118,,
07:58:20.905,-0.186016136,0.206650256,-0.15880949,-0.223604789,0.320337387,-0.004757473,,
07:58:20.910,-0.200355348,0.219951067,-0.17072643,-0.184341259,0.292630846,-0.044128957,,
07:58:20.915,-0.195932327,0.236914866,-0.174248167,-0.159796771,0.276237996,-0.087928601,,
07:58:20.920,-0.17343026,0.24158676,-0.174407098,-0.158479641,0.275958124,-0.114243068,,
07:58:20.925,-0.142313787,0.230975247,-0.175301626,-0.166639414,0.28373022,-0.1094187,,
07:58:20.930,-0.114786391,0.217745636,-0.184358738,-0.170080282,0.28957189,-0.083702937,,
07:58:20.935,-0.099557774,0.205077088,-0.203369933,-0.174934262,0.307511061,-0.056038067,,
07:58:20.940,-0.097889921,0.191807964,-0.223794275,-0.182990617,0.351005015,-0.039238772,,
07:58:20.945,-0.10915111,0.184229109,-0.237517024,-0.187286928,0.399299318,-0.039206234,,
07:58:20.950,-0.135855687,0.183378456,-0.238493945,-0.194456101,0.432523483,-0.053815177,,
07:58:20.955,-0.173890465,0.185692633,-0.222329968,-0.214246827,0.45147728,-0.076247107,,
07:58:20.960,-0.213133933,0.189949467,-0.187718109,-0.249683551,0.460998015,-0.099687822,,
07:58:20.965,-0.242586548,0.198117026,-0.133361148,-0.292938654,0.455492155,-0.119972403,,
07:58:20.970,-0.255344088,0.207880547,-0.066079183,-0.331573038,0.434953435,-0.133416067,,
07:58:20.975,-0.258996893,0.206773081,0.010241825,-0.36146145,0.413942037,-0.140418658,,
07:58:20.980,-0.266586048,0.187460506,0.064118752,-0.388947657,0.397243798,-0.159741029,,
07:58:20.985,-0.277557199,0.157064859,0.109119296,-0.413371328,0.375615017,-0.210189119,,
07:58:20.990,-0.281049635,0.124201267,0.138310761,-0.421004712,0.347355554,-0.267694691,,
07:58:20.995,-0.273133233,0.098296634,0.040088809,-0.450412271,0.336281325,-0.282756824,,
07:58:21.000,-0.258738453,0.089446981,-0.022155905,-0.46697101,0.343840382,-0.242033837,,
07:58:21.005,-0.24251724,0.094145857,0.01069816,-0.426720456,0.349929238,-0.180341596,,
07:58:21.010,-0.227700017,0.102498445,0.018335566,-0.428236968,0.355594779,-0.139790793,,
07:58:21.015,-0.215886265,0.111950072,0.037952244,-0.450175927,0.356601218,-0.12444451,,
07:58:21.020,-0.20837699,0.117736043,0.048889493,-0.464075311,0.351890644,-0.109718157,,
07:58:21.025,-0.206710681,0.11306368,0.070347691,-0.481693455,0.339250185,-0.091890929,,
07:58:21.030,-0.20794927,0.099896502,0.073492371,-0.502911001,0.327651706,-0.086399907,,
07:58:21.035,-0.209035313,0.084702762,-0.0162751,-0.516587948,0.318976347,-0.097495727,,
07:58:21.040,-0.216154378,0.070332773,-0.070232182,-0.530183747,0.332515125,-0.110694102,,
07:58:21.045,-0.23946198,0.055470126,-0.092708495,-0.555250185,0.338927541,-0.114895202,,
07:58:21.050,-0.274734726,0.03689095,-0.1334153,-0.445920321,0.29546817,-0.111223277,,
07:58:21.055,-0.300586745,0.014924369,-0.152588074,-0.319464833,0.288909896,-0.101901779,,
07:58:21.060,-0.306993408,-0.006230333,-0.161669965,-0.295400711,0.30028595,-0.093543124,,
07:58:21.065,-0.304765264,-0.023671086,-0.166474552,-0.261631514,0.327040697,-0.078888652,,
07:58:21.070,-0.301954479,-0.035802019,-0.167216616,-0.226064814,0.359272907,-0.058192861,,
07:58:21.075,-0.296906569,-0.043139397,-0.161781974,-0.179136168,0.384853775,-0.045915555,,
07:58:21.080,-0.290418659,-0.048575514,-0.14700506,-0.10514305,0.411058563,-0.048564454,,
07:58:21.085,-0.289930568,-0.052073514,-0.124108788,-0.172788096,0.458034443,-0.064909175,,
07:58:21.090,-0.299860355,-0.046174363,-0.097718722,-0.27186096,0.502716764,-0.100606146,,
07:58:21.095,-0.32035867,-0.029967926,-0.075162089,-0.243741267,0.496854107,-0.158835509,,
07:58:21.100,-0.346213416,-0.016880158,-0.055845741,-0.231550477,0.48696933,-0.213126859,,
07:58:21.105,-0.368060835,-0.011548257,-0.038772646,-0.220061879,0.484241545,-0.234012369,,
07:58:21.110,-0.382694594,-0.005845499,-0.033004848,-0.199114413,0.492520942,-0.22265663,,
07:58:21.115,-0.394884612,0.005038578,-0.04947772,-0.187064716,0.491153072,-0.19526387,,
07:58:21.120,-0.408233111,0.02221892,-0.089501602,-0.171884895,0.481951022,-0.164856847,,
07:58:21.125,-0.418220558,0.040626597,-0.149631171,-0.156835182,0.4836065,-0.145216297,,
07:58:21.130,-0.421789275,0.051303334,-0.222183281,-0.139014723,0.495831093,-0.14487809,,
07:58:21.135,-0.415685117,0.053052987,-0.284562799,-0.122452536,0.502677556,-0.16618091,,
07:58:21.140,-0.392794929,0.051219653,-0.313804604,-0.107103229,0.499101627,-0.214376723,,
07:58:21.145,-0.355878699,0.053187416,-0.310926419,-0.094923245,0.492313854,-0.280405955,,
07:58:21.150,-0.315757909,0.061742493,-0.294005242,-0.077527785,0.48711945,-0.334040309,,
07:58:21.155,-0.277139115,0.072557064,-0.277114689,-0.067106117,0.482397924,-0.355992991,,
07:58:21.160,-0.243705095,0.082827449,-0.270860267,-0.051204638,0.467977664,-0.3548795,,
07:58:21.165,-0.218148932,0.093169839,-0.281066651,-0.041380898,0.443145143,-0.339675192,,
07:58:21.170,-0.20049344,0.102442806,-0.297557363,-0.128549213,0.439708776,-0.301388098,,
07:58:21.175,-0.187453214,0.112684079,-0.330186679,-0.20449001,0.45149651,-0.240893502,,
07:58:21.180,-0.176837365,0.128148514,-0.357935657,-0.221526484,0.452738053,-0.177123821,,
07:58:21.185,-0.170740293,0.145411985,-0.353717112,-0.242218699,0.44078089,-0.129034519,,
07:58:21.190,-0.145830665,0.157231608,-0.366427485,-0.252888578,0.420568169,-0.109743082,,
07:58:21.195,-0.146570191,0.153120135,-0.37762182,-0.266624713,0.40749897,-0.120498583,,
07:58:21.200,-0.183956887,0.134682469,-0.40327071,-0.285911328,0.40394314,-0.148329044,,
07:58:21.205,-0.173411956,0.121927473,-0.38667008,-0.317691169,0.406879742,-0.176093051,,
07:58:21.210,-0.154642902,0.120710481,-0.255420595,-0.349556249,0.408848547,-0.195430032,,
07:58:21.215,-0.14217809,0.125842193,-0.171130791,-0.39726035,0.410024095,-0.207818534,,
07:58:21.220,-0.126201869,0.135172139,-0.144383651,-0.402142092,0.391585442,-0.20902123,,
07:58:21.225,-0.115261712,0.148161401,-0.134042514,-0.332563961,0.345222095,-0.193070392,,
07:58:21.230,-0.093736423,0.16377843,-0.155879177,-0.336429432,0.309235256,-0.168832088,,
07:58:21.235,-0.132070452,0.177113668,-0.185341564,-0.369496711,0.270941911,-0.143614109,,
07:58:21.240,-0.192656519,0.190664383,-0.21538269,-0.375825398,0.279741637,-0.119038917,,
07:58:21.245,-0.2038876,0.204289561,-0.241277193,-0.390314995,0.32685847,-0.102625707,,
07:58:21.250,-0.218055615,0.208785741,-0.262733175,-0.397365123,0.312982645,-0.100599903,,
07:58:21.255,-0.231970611,0.202617033,-0.282403862,-0.433976357,0.303676051,-0.110040095,,
07:58:21.260,-0.243727954,0.185596949,-0.29985567,-0.402412413,0.28500144,-0.120309254,,
07:58:21.265,-0.256337265,0.161898823,-0.31139481,-0.258526623,0.233799703,-0.126382229,,
07:58:21.270,-0.261143656,0.141379551,-0.312772994,-0.204024037,0.279040306,-0.133233261,,
07:58:21.275,-0.265801214,0.129859278,-0.310122589,-0.200113555,0.330054646,-0.140539546,,
07:58:21.280,-0.274426469,0.128378647,-0.313434507,-0.196404734,0.31086804,-0.145241658,,
07:58:21.285,-0.287095884,0.132180995,-0.322610039,-0.200238996,0.296655348,-0.155511253,,
07:58:21.290,-0.299517828,0.133685022,-0.326900977,-0.189198144,0.288222658,-0.174732888,,
07:58:21.295,-0.307913104,0.12879701,-0.324939959,-0.186060301,0.295071188,-0.188283388,,
07:58:21.300,-0.318494984,0.118134895,-0.325337564,-0.202646531,0.313900792,-0.185098082,,
07:58:21.305,-0.333048644,0.10887234,-0.328668203,-0.231443564,0.332125295,-0.175663774,,
07:58:21.310,-0.341651905,0.106308561,-0.330805984,-0.249437275,0.350540576,-0.171141409,,
07:58:21.315,-0.340884812,0.110590649,-0.33492262,-0.241457242,0.367643322,-0.163458994,,
07:58:21.320,-0.334059713,0.12062327,-0.349770081,-0.21934772,0.38908094,-0.141795426,,
07:58:21.325,-0.324078128,0.138995222,-0.376219301,-0.20020131,0.419412863,-0.117627955,,
07:58:21.330,-0.313751263,0.16731839,-0.400377383,-0.186194652,0.449237934,-0.107389126,,
07:58:21.335,-0.298936369,0.19679258,-0.406622846,-0.17169905,0.467909589,-0.111205762,,
07:58:21.340,-0.273716873,0.220466085,-0.395600911,-0.157917193,0.479222659,-0.12766894,,
07:58:21.345,-0.242040044,0.239853229,-0.379980478,-0.148621149,0.488706573,-0.167371448,,
07:58:21.350,-0.20777909,0.254391295,-0.362889872,-0.142124933,0.490519886,-0.227818194,,
07:58:21.355,-0.16915783,0.261093867,-0.342496799,-0.141209855,0.485122629,-0.279898987,,
07:58:21.360,-0.132882662,0.260483962,-0.328193238,-0.151866882,0.481361796,-0.300823086,,
07:58:21.365,-0.110664808,0.252964726,-0.332702844,-0.166421272,0.489467829,-0.292327763,,
07:58:21.370,-0.102295625,0.239288482,-0.355120423,-0.17367596,0.506736993,-0.273288858,,
07:58:21.375,-0.101858109,0.223428969,-0.384832547,-0.17320635,0.508387114,-0.266328229,,
07:58:21.380,-0.11113485,0.211094671,-0.411118015,-0.168403755,0.493574834,-0.278401216,,
07:58:21.385,-0.12809031,0.206648812,-0.419561836,-0.174063224,0.478779114,-0.298891668,,
07:58:21.390,-0.140383483,0.213004098,-0.393499997,-0.196520206,0.456560607,-0.322072848,,
07:58:21.395,-0.140309769,0.228633969,-0.333562141,-0.224200933,0.423215246,-0.351894241,,
07:58:21.400,-0.136063476,0.242572076,-0.264473913,-0.245818158,0.390330746,-0.384404111,,
07:58:21.405,-0.138406728,0.245063153,-0.211227982,-0.256190031,0.361349405,-0.401096752,,
07:58:21.410,-0.142922211,0.241732798,-0.184177855,-0.265107769,0.349389119,-0.388649732,,
07:58:21.415,-0.144066217,0.245334596,-0.179497858,-0.279301158,0.358984529,-0.35814253,,
07:58:21.420,-0.14856944,0.259229388,-0.18711588,-0.29637654,0.382300729,-0.327608383,,
07:58:21.425,-0.160110971,0.278631339,-0.196191311,-0.31063098,0.412056027,-0.300464331,,
07:58:21.430,-0.172829124,0.294920853,-0.202578249,-0.320389335,0.437890954,-0.278271741,,
07:58:21.435,-0.182504124,0.303213548,-0.212568316,-0.325818623,0.444379738,-0.254148072,,
07:58:21.440,-0.189490066,0.307722759,-0.228550841,-0.328277391,0.426919578,-0.207408401,,
07:58:21.445,-0.196582402,0.314673126,-0.24768276,-0.327993839,0.394961747,-0.142849761,,
07:58:21.450,-0.205722336,0.323091625,-0.272015446,-0.323640601,0.348605834,-0.091974701,,
07:58:21.455,-0.214868681,0.325793944,-0.300796391,-0.308628937,0.290767207,-0.084754226,,
07:58:21.460,-0.218809118,0.318948405,-0.326068146,-0.278350733,0.239940011,-0.11914287,,
07:58:21.465,-0.213627818,0.302064445,-0.339919121,-0.253398665,0.197405626,-0.159827762,,
07:58:21.470,-0.200289134,0.271841884,-0.336820944,-0.227898101,0.210425908,-0.178148234,,
07:58:21.475,-0.178064461,0.230464381,-0.308322,-0.191111155,0.254253823,-0.161395436,,
07:58:21.480,-0.146345031,0.188913853,-0.255435339,-0.145107864,0.234929173,-0.129060021,,
07:58:21.485,-0.113989141,0.153240446,-0.20724485,-0.092272829,0.205259863,-0.079982405,,
07:58:21.490,-0.094138671,0.126415845,-0.19738561,-0.063652844,0.187086553,-0.045160451,,
07:58:21.495,-0.090463224,0.11463034,-0.218676724,-0.026350531,0.16293952,-0.076911492,,
07:58:21.500,-0.098914596,0.114808136,-0.230550371,-0.060941689,0.154594227,-0.084874539,,
07:58:21.505,-0.115733831,0.111370166,-0.207685232,-0.148879399,0.156719034,-0.060533846,,
07:58:21.510,-0.139649987,0.098366118,-0.158488757,-0.139865286,0.140734608,-0.048979091,,
07:58:21.515,-0.167651999,0.084003917,-0.109824685,-0.123762624,0.116763772,-0.033932234,,
07:58:21.520,-0.192556825,0.071457962,-0.070241339,-0.109731493,0.137435497,-0.011943599,,
07:58:21.525,-0.209251449,0.05947031,-0.04275597,-0.085081479,0.165936735,-0.028777556,,
07:58:21.530,-0.22149027,0.053669709,-0.0209281,-0.070139066,0.172508078,-0.050853089,,
07:58:21.535,-0.234352238,0.052658397,0.005838347,-0.04813468,0.206301821,0.004218076,,
07:58:21.540,-0.249053131,0.062047174,-0.023396204,-0.022367889,0.254670092,0.08556164,,
07:58:21.545,-0.265477567,0.083190402,-0.055603679,0.006059588,0.324175921,0.090902283,,
07:58:21.550,-0.27877908,0.097921397,-0.034399477,0.033590802,0.392669089,0.067545358,,
07:58:21.555,-0.283488097,0.105278802,-0.01978311,0.069031919,0.466227956,0.088088014,,
07:58:21.560,-0.275223672,0.106579836,-0.005800822,0.082235086,0.519889169,0.102976236,,
07:58:21.565,-0.248508787,0.098590141,0.011199364,0.09365465,0.377951908,0.117617675,,
07:58:21.570,-0.203552741,0.081183008,0.025516245,0.028369644,0.296060476,0.134480319,,
07:58:21.575,-0.152374182,0.05443525,0.040252426,-0.158799354,0.374197617,0.148089735,,
07:58:21.580,-0.108507607,0.019902119,0.058525348,-0.249818817,0.398655138,0.166828061,,
07:58:21.585,-0.077324478,-0.01855173,0.067676436,-0.280015733,0.421850232,0.176792522,,
07:58:21.590,-0.054558241,-0.053735489,0.093287827,-0.322286834,0.447871659,0.200559713,,
07:58:21.595,-0.03817021,-0.07807381,0.085835645,-0.364082261,0.468658173,0.206432682,,
07:58:21.600,-0.024818966,-0.089411339,-0.000537374,-0.260460436,0.467292476,0.228620678,,
07:58:21.605,-0.006090842,-0.087997583,-0.01939198,-0.144396913,0.456779776,0.248345307,,
07:58:21.610,0.010920075,-0.076373501,0.006453569,-0.170908529,0.480297554,0.020207884,,
07:58:21.615,0.048699507,-0.062663334,0.017271392,-0.181880247,0.497792403,-0.134413006,,
07:58:21.620,0.053692614,-0.058513308,0.027115437,-0.192289907,0.510563893,-0.097031761,,
07:58:21.625,-0.000866243,-0.056703014,0.01697622,-0.202534237,0.545515235,-0.100703222,,
07:58:21.630,-0.000545044,-0.036680942,-0.004616766,-0.238265723,0.462955473,-0.107336178,,
07:58:21.635,0.017187093,-0.006450264,-0.023385558,-0.269456786,0.329557705,-0.162716311,,
07:58:21.640,0.027702712,0.024497773,-0.023998322,-0.308191823,0.313530611,-0.106441674,,
07:58:21.645,0.037928083,0.053080308,0.001153195,-0.284564782,0.293970573,-0.008624439,,
07:58:21.650,0.054727545,0.083518177,0.03715291,-0.100435172,0.243148243,-0.037655717,,
07:58:21.655,0.05889149,0.118060348,0.060809703,-0.047749529,0.229076311,-0.050382536,,
07:58:21.660,-0.030387655,0.146221745,0.062076203,-0.090019731,0.241219942,-0.061675971,,
07:58:21.665,-0.096845669,0.175506679,0.04858135,-0.109711971,0.263957371,-0.085051326,,
07:58:21.670,-0.110152143,0.187519817,0.02757211,-0.143432952,0.287831373,-0.085039583,,
07:58:21.675,-0.134241859,0.192219917,0.002267289,-0.151135803,0.302199529,-0.127013099,,
07:58:21.680,-0.155519382,0.193759654,-0.021191038,-0.146286195,0.314753985,-0.06215961,,
07:58:21.685,-0.181922294,0.148097343,-0.034105619,-0.144121271,0.327238194,0.120643852,,
07:58:21.690,-0.215307666,0.131091879,-0.029383586,-0.149852611,0.331313758,0.146375117,,
07:58:21.695,-0.241133542,0.15193516,-0.002371642,-0.15707964,0.324028446,0.117691596,,
07:58:21.700,-0.251181901,0.163006455,0.044696613,-0.151932147,0.300157015,0.091975057,,
07:58:21.705,-0.24784829,0.179950388,0.098874069,-0.148516177,0.26084229,0.046544688,,
07:58:21.710,-0.23250825,0.196510906,0.139082586,-0.167461817,0.227594531,0.026128413,,
07:58:21.715,-0.206869315,0.215333153,0.151265992,-0.209401454,0.206784313,0.027138596,,
07:58:21.720,-0.176615483,0.23209645,0.134314606,-0.258641532,0.193712848,0.054398812,,
07:58:21.725,-0.146436023,0.253198476,0.094067361,-0.305274534,0.165515871,0.091715351,,
07:58:21.730,-0.121466849,0.268794852,0.037255108,-0.335205166,0.130271433,0.109889589,,
07:58:21.735,-0.108631693,0.285045814,-0.025672609,-0.317012192,0.155048067,0.104622598,,
07:58:21.740,-0.10443092,0.309727296,-0.075303272,-0.26155946,0.166035853,0.084995782,,
07:58:21.745,-0.087240865,0.221484488,-0.098256809,-0.197230586,0.129767873,0.04989959,,
07:58:21.750,-0.066761817,0.124947267,-0.095970794,-0.111110728,0.100148213,-0.001375159,,
07:58:21.755,-0.05807735,0.117669046,-0.072873325,-0.026199825,0.067694588,-0.052603696,,
07:58:21.760,-0.050495769,0.100019888,-0.03785699,0.063469,0.033928079,-0.078018586,,
07:58:21.765,-0.044948743,0.086904388,-0.005885142,0.113526915,0.009486024,-0.065099157,,
07:58:21.770,-0.048890254,0.083095,0.019269265,-0.01295076,0.018481037,-0.028068171,,
07:58:21.775,-0.060119913,0.087397786,0.046779106,-0.096393348,0.019971753,0.013674921,,
07:58:21.780,-0.068974505,0.100106604,0.077231961,-0.062287393,-0.00230407,0.049358765,,
07:58:21.785,-0.072562983,0.108120049,0.097130194,-0.059146956,-0.018250524,0.079599964,,
07:58:21.790,-0.07544563,0.110191774,0.100670734,-0.045936158,-0.036252312,0.104554577,,
07:58:21.795,-0.078441944,0.103820071,0.097399042,-0.030418163,-0.054636418,0.111661969,,
07:58:21.800,-0.081932227,0.089255415,0.096615779,-0.02764879,-0.070671853,0.095087052,,
07:58:21.805,-0.090101917,0.069290807,0.100567612,0.001817505,-0.091711947,0.06482884,,
07:58:21.810,-0.107064243,0.044783509,0.107482708,-0.04471434,-0.097995204,0.03674367,,
07:58:21.815,-0.12736958,0.014765507,0.110904296,-0.168339686,-0.089082393,0.031870124,,
07:58:21.820,-0.146719552,-0.015845172,0.105268059,-0.21524649,-0.09443712,0.059586166,,
07:58:21.825,-0.166791241,-0.043596452,0.09065502,-0.251165745,-0.104455579,0.101235453,,
07:58:21.830,-0.1832562,-0.05551722,0.071073969,-0.304352874,-0.106329111,0.124418609,,
07:58:21.835,-0.19121075,-0.04166173,0.056297631,-0.345126229,-0.117541138,0.12369788,,
07:58:21.840,-0.178872274,-0.040006102,0.059989362,-0.3756963,-0.123551402,0.1251112,,
07:58:21.845,-0.153295869,-0.055684794,0.087613849,-0.40488105,-0.132514125,0.143708008,,
07:58:21.850,-0.128386969,-0.067197794,0.130503688,-0.350350825,-0.170045202,0.164169856,,
07:58:21.855,-0.107102501,-0.080491086,0.173377384,-0.249155868,-0.060648948,0.16417439,,
07:58:21.860,-0.091539346,-0.094254091,0.198153192,-0.244356463,0.07422654,0.147747417,,
07:58:21.865,-0.075272474,-0.107543052,0.198792899,-0.260560993,0.077653317,0.134297987,,
07:58:21.870,-0.056332107,-0.121041034,0.18893383,-0.266708315,0.096985243,0.12244717,,
07:58:21.875,-0.033452601,-0.133767365,0.184958183,-0.29420405,0.09850767,0.098028897,,
07:58:21.880,-0.008549016,-0.146532715,0.191602125,-0.260360921,0.07423253,0.058203421,,
07:58:21.885,0.008033342,-0.159989775,0.198569557,-0.211264403,0.071858317,0.010471627,,
07:58:21.890,0.00938725,-0.175064163,0.193808259,-0.232185246,0.087766671,-0.040746496,,
07:58:21.895,0.00175464,-0.191045959,0.187738107,-0.246526396,0.106171161,-0.086004761,,
07:58:21.900,-0.006083686,-0.206885627,0.194230343,-0.240991122,0.107117933,-0.110347578,,
07:58:21.905,-0.01520014,-0.223313298,0.205221788,-0.230712109,0.105779763,-0.105518732,,
07:58:21.910,-0.029230749,-0.239343375,0.204293215,-0.216964479,0.107991302,-0.069022295,,
07:58:21.915,-0.049469352,-0.257339985,0.188201002,-0.203306266,0.109637068,-0.010341054,,
07:58:21.920,-0.071528776,-0.274074419,0.160674165,-0.173276614,0.104075133,0.044915797,,
07:58:21.925,-0.086196613,-0.290609315,0.12660987,-0.128648185,0.098826312,0.086120601,,
07:58:21.930,-0.088236235,-0.308189351,0.089523894,-0.087488492,0.098524563,0.13635872,,
07:58:21.935,-0.081941055,-0.316580858,0.054366338,-0.058348962,0.089995009,0.208512692,,
07:58:21.940,-0.068049692,-0.343895466,0.032450544,-0.043474371,0.062560191,0.272432407,,
07:58:21.945,-0.056473582,-0.312095916,0.031130417,-0.02595944,0.019674883,0.293245225,,
07:58:21.950,-0.048715707,-0.217899522,0.045753737,-0.011297555,-0.019609094,0.276580128,,
07:58:21.955,-0.030471866,-0.194932598,0.065277222,-0.058797762,-0.024487893,0.252744926,,
07:58:21.960,-0.011363347,-0.184812693,0.086220391,-0.096614163,-0.008351427,0.236544856,,
07:58:21.965,0.001413719,-0.16993603,0.110243974,-0.0670969,-0.000958485,0.228586966,,
07:58:21.970,0.008075104,-0.168684888,0.129020792,-0.058193729,0.012984958,0.235176977,,
07:58:21.975,0.009719634,-0.16442197,0.125184516,-0.11097454,0.048511343,0.254064477,,
07:58:21.980,0.005672028,-0.160399374,0.090096643,-0.146714356,0.088776216,0.267946628,,
07:58:21.985,-0.00227199,-0.145822994,0.038924282,-0.148405114,0.128430269,0.26430597,,
07:58:21.990,-0.008430342,-0.125210506,-0.00147041,-0.152008573,0.171695203,0.245700015,,
07:58:21.995,-0.013816331,-0.108694548,-0.022264232,-0.146584219,0.202294155,0.219551955,,
07:58:22.000,-0.027648708,-0.09725357,-0.030669371,-0.13107317,0.211820285,0.183841477,,
07:58:22.005,-0.054354435,-0.09243463,-0.034434338,-0.109999516,0.206961605,0.134779001,,
07:58:22.010,-0.083407224,-0.089952223,-0.037227973,-0.092060667,0.198015782,0.08416996,,
07:58:22.015,-0.097781787,-0.083637555,-0.04229547,-0.080300155,0.192009317,0.050590072,,
07:58:22.020,-0.089625892,-0.069945958,-0.046241993,-0.074170463,0.193357824,0.047177689,,
07:58:22.025,-0.063260235,-0.051494118,-0.042322173,-0.08626347,0.204466237,0.078257619,,
07:58:22.030,-0.027734066,-0.02876677,-0.030369204,-0.120211732,0.213400202,0.132329496,,
07:58:22.035,0.008499701,-0.003954614,-0.01787072,-0.161836304,0.207857681,0.184555215,,
07:58:22.040,0.043712533,0.002645496,-0.009174967,-0.199953308,0.192484483,0.216908401,,
07:58:22.045,0.075046666,0.007093527,-0.002701356,-0.225972263,0.173382632,0.23494885,,
07:58:22.050,0.101344233,0.01295719,0.003476943,-0.245764645,0.154730506,0.248017156,,
07:58:22.055,0.124781341,0.003006395,0.018795713,-0.270468665,0.140953391,0.256656352,,
07:58:22.060,0.139370048,-0.003574356,0.054481529,-0.295986525,0.134974624,0.268226743,,
07:58:22.065,0.140691334,-0.008416096,0.104773224,-0.346999204,0.142653734,0.288221251,,
07:58:22.070,0.126575123,-0.008202476,0.146569131,-0.350769171,0.140518443,0.301505941,,
07:58:22.075,0.102765584,-0.000232472,0.164792998,-0.295789923,0.115351871,0.289065989,,
07:58:22.080,0.080879656,0.006444654,0.164664532,-0.306462859,0.094503669,0.248119894,,
07:58:22.085,0.066290786,0.008072257,0.15932442,-0.331818808,0.081336467,0.194452907,,
07:58:22.090,0.056658333,-0.000158082,0.155585964,-0.343360421,0.075691296,0.145819974,,
07:58:22.095,0.045277765,-0.019495037,0.149796466,-0.361665066,0.077008663,0.120406065,,
07:58:22.100,0.031489282,-0.045495131,0.134899975,-0.378123315,0.076236368,0.128370215,,
07:58:22.105,0.015390108,-0.069607262,0.105666658,-0.389511222,0.073813474,0.147583592,,
07:58:22.110,-0.002242192,-0.084244424,0.064115341,-0.417148231,0.071818699,0.162793335,,
07:58:22.115,-0.01771269,-0.088064528,0.027005971,-0.394378692,0.06018618,0.187934548,,
07:58:22.120,-0.030187569,-0.085166834,0.008754287,-0.294860916,0.044384594,0.232053146,,
07:58:22.125,-0.040285925,-0.077329323,0.009037544,-0.242623463,0.031499913,0.273803473,,
07:58:22.130,-0.051560946,-0.064018538,0.021386355,-0.217753869,0.020512761,0.287483656,,
07:58:22.135,-0.063202213,-0.048928066,0.039588663,-0.190515853,0.00628282,0.28627458,,
07:58:22.140,-0.070716278,-0.042114338,0.056692931,-0.178188306,0.006870935,0.297904342,,
07:58:22.145,-0.075591004,-0.048457374,0.072423942,-0.158073188,0.024516185,0.324412421,,
07:58:22.150,-0.081173929,-0.058654317,0.094940702,-0.131015059,0.046179804,0.338486629,,
07:58:22.155,-0.089611152,-0.062671998,0.131428795,-0.106939375,0.063787495,0.321964726,,
07:58:22.160,-0.103216866,-0.060779706,0.17394484,-0.072962729,0.071111046,0.28385884,,
07:58:22.165,-0.122834868,-0.05955477,0.209314179,-0.09738369,0.07853562,0.241861642,,
07:58:22.170,-0.138946974,-0.061038866,0.238070881,-0.154137403,0.090887535,0.209158155,,
07:58:22.175,-0.134911009,-0.064034535,0.269946749,-0.140090924,0.101642969,0.191732667,,
07:58:22.180,-0.108948997,-0.065331315,0.300535971,-0.113276098,0.127231336,0.186284648,,
07:58:22.185,-0.07435218,-0.059640569,0.312698821,-0.09760567,0.174417938,0.176311247,,
07:58:22.190,-0.048175631,-0.052819818,0.294730618,-0.064279912,0.207575885,0.156325653,,
07:58:22.195,-0.038521678,-0.054623583,0.244978055,-0.051699709,0.303500292,0.132003516,,
07:58:22.200,-0.035139978,-0.069564696,0.176991482,-0.127948167,0.340869451,0.107132657,,
07:58:22.205,-0.0232527,-0.09462101,0.106891124,-0.199317789,0.223022431,0.078536581,,
07:58:22.210,-0.000530751,-0.118101857,0.058792958,-0.227807912,0.219989055,0.054396818,,
07:58:22.215,0.023411227,-0.130452914,0.022053801,-0.261348203,0.258014124,0.037485477,,
07:58:22.220,0.039156912,-0.131158666,-0.02330542,-0.268581235,0.264172903,0.008151762,,
07:58:22.225,0.048174791,-0.1266183,-0.06791592,-0.258538391,0.284338306,0.024810291,,
07:58:22.230,0.056357064,-0.122567003,-0.152119838,-0.242644318,0.29386231,0.061552705,,
07:58:22.235,0.069353908,-0.115248803,-0.117749977,-0.226473359,0.307544324,0.044165702,,
07:58:22.240,0.087513366,-0.099829464,0.020353702,-0.230408411,0.323247112,0.028177289,,
07:58:22.245,0.103284122,-0.084071001,0.014620134,-0.253041048,0.344750798,0.015216034,,
07:58:22.250,0.119517242,-0.078734747,-0.010753864,-0.287107102,0.365095185,-0.001622329,,
07:58:22.255,0.136188982,-0.084950172,-0.016549562,-0.344494076,0.394119237,-0.014968597,,
07:58:22.260,0.152288239,-0.089138634,-0.038509971,-0.391510167,0.419596437,-0.031555062,,
07:58:22.265,0.158039627,-0.081495189,-0.050150274,-0.327943984,0.415335801,-0.044385401,,
07:58:22.270,0.14793004,-0.059001101,-0.065194163,-0.284751758,0.445794798,-0.062117039,,
07:58:22.275,0.142255936,-0.017447806,-0.084979676,-0.334103949,0.350623199,-0.074144712,,
07:58:22.280,0.119945827,0.032935676,-0.08962006,-0.372899667,0.208449801,-0.090481184,,
07:58:22.285,0.091919583,0.089915027,-0.123971111,-0.38363327,0.229054039,-0.108691464,,
07:58:22.290,0.079848222,0.125420628,-0.090153156,-0.398973957,0.257617308,-0.02216394,,
07:58:22.295,0.064560783,0.155325025,0.057088364,-0.404155202,0.271066722,0.071991214,,
07:58:22.300,0.044105671,0.183464859,0.088014944,-0.426287171,0.282982471,0.087241827,,
07:58:22.305,0.031241021,0.114027247,0.069329019,-0.433108768,0.28424883,0.101572892,,
07:58:22.310,0.019277789,0.071552053,0.074202094,-0.313825759,0.2828072,0.118163864,,
07:58:22.315,-0.000560678,0.099181976,0.070880838,-0.254823513,0.295682402,0.13296451,,
07:58:22.320,-0.022101408,0.107106547,0.083201923,-0.289766769,0.306032223,0.142195807,,
07:58:22.325,-0.045840985,0.121291567,0.095129341,-0.311213158,0.283687742,0.148606748,,
07:58:22.330,-0.08352824,0.133686588,0.091840568,-0.351047187,0.244597822,0.159582196,,
07:58:22.335,-0.120531062,0.144201213,0.06881949,-0.391226971,0.198157954,0.166467219,,
07:58:22.340,-0.180402763,0.154640845,0.045866344,-0.422044448,0.154009199,0.152298431,,
07:58:22.345,-0.20352701,0.167147727,0.051122676,-0.437391454,0.126789752,0.105792693,,
07:58:22.350,-0.116558574,0.191638418,0.082819585,-0.435708706,0.130853617,0.047877093,,
07:58:22.355,-0.095491493,0.209211297,0.125939974,-0.433781776,0.168406625,0.01016696,,
07:58:22.360,-0.126830288,0.221387062,0.169395167,-0.432905926,0.223454667,-0.006952385,,
07:58:22.365,-0.136133672,0.236070034,0.204957728,-0.423777935,0.278873355,-0.018196011,,
07:58:22.370,-0.15610683,0.249425115,0.226603648,-0.394276605,0.316286646,-0.024131812,,
07:58:22.375,-0.172475063,0.263097189,0.224573379,-0.349269196,0.331225885,-0.019282655,,
07:58:22.380,-0.188458646,0.27752197,0.191968775,-0.306556221,0.344507188,-0.003949613,,
07:58:22.385,-0.206397246,0.289935813,0.143832359,-0.268515924,0.359516006,0.01605054,,
07:58:22.390,-0.222782504,0.305728564,0.111300146,-0.229871123,0.360919092,0.02288239,,
07:58:22.395,-0.238413484,0.317163242,0.112108783,-0.185859112,0.34654189,0.01622449,,
07:58:22.400,-0.259258532,0.332492039,0.129230682,-0.15640543,0.332648547,0.033179318,,
07:58:22.405,-0.267993838,0.347174324,0.132222589,-0.134898031,0.321454185,0.091124551,,
07:58:22.410,-0.292900406,0.297248516,0.116362054,-0.135777055,0.307043897,0.158797395,,
07:58:22.415,-0.270215414,0.260577662,0.100166453,-0.197562314,0.288971343,0.2046021,,
07:58:22.420,-0.161243015,0.276462462,0.090341583,-0.218978733,0.250334408,0.234873384,,
07:58:22.425,-0.14335435,0.281362188,0.074355884,-0.203051815,0.203916855,0.265661371,,
07:58:22.430,-0.160968715,0.286282765,0.055070264,-0.206697236,0.132076278,0.285775157,,
07:58:22.435,-0.147876913,0.279497968,0.048346038,-0.205336227,0.052160305,0.279915276,,
07:58:22.440,-0.134928744,0.252115157,0.055715467,-0.212882402,-0.061726101,0.240050333,,
07:58:22.445,-0.111733759,0.219779478,0.06406898,-0.213186742,-0.139490376,0.173684607,,
07:58:22.450,-0.095166613,0.196861712,0.067830952,-0.167040136,0.015813603,0.103848135,,
07:58:22.455,-0.090737375,0.190835843,0.074945792,-0.134727612,0.100867727,0.06096935,,
07:58:22.460,-0.09618977,0.193865963,0.090292096,-0.129350186,0.053555622,0.075908585,,
07:58:22.465,-0.105251243,0.193105018,0.107549308,-0.114523548,0.048449271,0.12099067,,
07:58:22.470,-0.110351228,0.186244761,0.116880465,-0.103208623,0.026740642,0.15097248,,
07:58:22.475,-0.110664417,0.18168215,0.109538617,-0.0940151,0.009265616,0.146153284,,
07:58:22.480,-0.105861489,0.183328877,0.086340484,-0.074370948,-0.008233664,0.115438705,,
07:58:22.485,-0.094578816,0.189417513,0.064319236,-0.096702518,-0.021010248,0.086723026,,
07:58:22.490,-0.07691664,0.193483765,0.063826539,-0.141010163,-0.026037113,0.07532386,,
07:58:22.495,-0.059550289,0.187987295,0.084164839,-0.178281902,-0.035852336,0.081708149,,
07:58:22.500,-0.050406326,0.168637255,0.107483404,-0.256769185,-0.032953296,0.100187741,,
07:58:22.505,-0.047693283,0.13696827,0.120209332,-0.346087122,-0.034941184,0.125520561,,
07:58:22.510,-0.043112272,0.10687349,0.124812566,-0.424390867,-0.02928639,0.141986395,,
07:58:22.515,-0.034083442,0.08404608,0.124990808,-0.466006082,-0.041762774,0.126710744,,
07:58:22.520,-0.022762163,0.068006265,0.117996103,-0.483758561,-0.05039503,0.076075489,,
07:58:22.525,-0.004861655,0.04727213,0.10554957,-0.409747853,0.049986463,0.009006623,,
07:58:22.530,0.022808591,0.022564327,0.090835401,-0.291429426,0.126418646,-0.044989739,,
07:58:22.535,0.051955372,0.037650695,0.077641094,-0.283784774,0.182881676,-0.059187369,,
07:58:22.540,0.085010491,0.049132862,0.068123823,-0.293539428,0.257696714,-0.028014562,,
07:58:22.545,0.118475953,0.032112769,0.055788738,-0.284643196,0.334341319,0.025901076,,
07:58:22.550,0.138731144,0.02065766,0.027009977,-0.298950563,0.408489276,0.074034294,,
07:58:22.555,0.148586829,0.006485629,-0.018525051,-0.29812491,0.259502587,0.107474478,,
07:58:22.560,0.142305919,-0.010059017,-0.064710329,-0.251834004,0.134363353,0.126392628,,
07:58:22.565,0.140943394,-0.02450969,-0.102486379,-0.206670117,0.169921934,0.119435139,,
07:58:22.570,0.161183993,-0.038172207,-0.127473849,-0.168048434,0.168197477,0.081530464,,
07:58:22.575,0.176119057,-0.052128543,-0.144502308,-0.143048843,0.180043048,0.029555844,,
07:58:22.580,0.192176476,-0.063964605,-0.149120603,-0.138460205,0.197195323,-0.008189663,,
07:58:22.585,0.213095381,-0.080832634,-0.126410855,-0.138984661,0.210078763,-0.018344803,,
07:58:22.590,0.177786219,-0.093247482,-0.099664262,-0.138761908,0.22794389,-0.010305071,,
07:58:22.595,0.127199641,-0.122441389,-0.054160838,-0.132132985,0.2411016,-0.000974193,,
07:58:22.600,0.100922795,-0.124346678,-0.009317984,-0.114254447,0.253738567,-0.000498375,,
07:58:22.605,0.05727145,-0.023148589,-0.002883994,-0.077916802,0.262127142,-0.007445011,,
07:58:22.610,0.024024745,0.032426936,-0.016123506,-0.032410658,0.269062849,-0.016167781,,
07:58:22.615,0.006751658,0.032020853,-0.037673577,-0.007677333,0.279114949,-0.02553508,,
07:58:22.620,-0.00425787,0.04964457,-0.051561523,-0.024446882,0.299913476,-0.03707821,,
07:58:22.625,-0.004883654,0.068855781,-0.047697142,-0.07941739,0.320736148,-0.051113432,,
07:58:22.630,-0.005119522,0.093791099,-0.037615725,-0.138071908,0.328919417,-0.059535721,,
07:58:22.635,-0.010788888,0.111974022,-0.039914474,-0.173054799,0.327958652,-0.056149912,,
07:58:22.640,-0.021322413,0.11877852,-0.060996451,-0.201024781,0.31724269,-0.046050773,,
07:58:22.645,-0.032200057,0.123306207,-0.087552355,-0.238624439,0.313407264,-0.043475031,,
07:58:22.650,-0.036021295,0.12961179,-0.102622607,-0.272545317,0.303050598,-0.05695121,,
07:58:22.655,-0.026910937,0.145711802,-0.104383737,-0.289796229,0.264433143,-0.075088998,,
07:58:22.660,-0.006533908,0.173036308,-0.107908604,-0.302504855,0.214534901,-0.084070383,,
07:58:22.665,0.022811454,0.16418563,-0.123121395,-0.320837066,0.150380864,-0.080770271,,
07:58:22.670,0.056012273,0.144729759,-0.138553275,-0.341671315,0.098764432,-0.065265514,,
07:58:22.675,0.090112597,0.166458877,-0.137254844,-0.368806533,0.036806495,-0.040388126,,
07:58:22.680,0.132017269,0.188628751,-0.122592517,-0.406098909,-0.00071551,-0.007108856,,
07:58:22.685,0.179551544,0.173259155,-0.109038902,-0.43903892,0.133643491,0.032897812,,
07:58:22.690,0.219408455,0.157531812,-0.096285709,-0.407869251,0.199743382,0.074700964,,
07:58:22.695,0.241794762,0.16041974,-0.081816356,-0.360727587,0.151552761,0.105042161,,
07:58:22.700,0.242883397,0.148029757,-0.068276021,-0.380781154,0.15021702,0.111193146,,
07:58:22.705,0.226146298,0.12753566,-0.053104507,-0.401443529,0.135169904,0.096974616,,
07:58:22.710,0.201368024,0.114325544,-0.030791207,-0.413887357,0.123344688,0.071891847,,
07:58:22.715,0.172153089,0.116807234,-0.005424372,-0.441090371,0.113237155,0.051926521,,
07:58:22.720,0.137810553,0.1297113,0.013226171,-0.445900906,0.097588731,0.049895429,,
07:58:22.725,0.0995082,0.138640382,0.01836027,-0.48245628,0.094507812,0.057012315,,
07:58:22.730,0.061743527,0.135023909,0.00793169,-0.464501034,0.060726471,0.058847872,,
07:58:22.735,0.033541819,0.111973019,-0.011024721,-0.256325562,0.088425454,0.056167269,,
07:58:22.740,0.020385307,0.07605055,-0.027261746,-0.133854791,0.155674435,0.065376367,,
07:58:22.745,0.011340786,0.044449342,-0.03714144,-0.107769019,0.131527968,0.088983695,,
07:58:22.750,-0.004982834,0.023835226,-0.041176744,-0.075678209,0.106889628,0.105523153,,
07:58:22.755,-0.029336569,0.010028536,-0.045499706,-0.047191923,0.091392497,0.104492702,,
07:58:22.760,-0.054549548,-0.00192302,-0.059087788,-0.085881674,0.095001697,0.093543859,,
07:58:22.765,-0.074833776,-0.01459005,-0.078795471,-0.205132238,0.133880345,0.078273153,,
07:58:22.770,-0.083465856,-0.027026873,-0.091020387,-0.208309416,0.157140011,0.060500006,,
07:58:22.775,-0.088404487,-0.040003925,-0.086645044,-0.175325703,0.179302346,0.052947088,,
07:58:22.780,-0.091996009,-0.047634536,-0.074028041,-0.164442621,0.204027732,0.070554662,,
07:58:22.785,-0.07207342,-0.044556436,-0.072577944,-0.140264534,0.220241847,0.104116482,,
07:58:22.790,-0.069290236,-0.04340609,-0.095247503,-0.126519931,0.227282184,0.125489699,,
07:58:22.795,-0.087165286,-0.043262153,-0.135888271,-0.112450324,0.215864184,0.111386756,,
07:58:22.800,-0.104433748,-0.031958701,-0.170087982,-0.100052272,0.198930464,0.062207398,,
07:58:22.805,-0.118877289,-0.012653786,-0.174020224,-0.087817919,0.195586613,-0.003745252,,
07:58:22.810,-0.094352227,0.00606348,-0.138106826,-0.064351003,0.206083562,-0.076761335,,
07:58:22.815,-0.069887168,0.017938924,-0.072935149,-0.073753184,0.227713483,-0.122505278,,
07:58:22.820,-0.056951476,0.028225755,-0.007025049,-0.102029104,0.243034421,-0.19636412,,
07:58:22.825,-0.03518011,0.045534601,0.02981329,-0.108680527,0.250163663,-0.229021619,,
07:58:22.830,-0.01547226,0.067230989,0.026943902,-0.140438455,0.277585138,-0.103082632,,
07:58:22.835,0.007065286,0.080357773,-0.006140462,-0.195885786,0.320428017,-0.065659993,,
07:58:22.840,0.030032827,0.077655514,-0.053171008,-0.253381383,0.363073066,-0.101903547,,
07:58:22.845,0.048961783,0.068572065,-0.098235722,-0.314224313,0.39806374,-0.104135916,,
07:58:22.850,0.066510295,0.067627031,-0.164620753,-0.349085565,0.40805931,-0.126976468,,
07:58:22.855,0.083415853,0.075090974,-0.247974489,-0.39258745,0.403030586,-0.136669333,,
07:58:22.860,0.099376114,0.081212118,-0.344391733,-0.40556403,0.38679377,-0.154800011,,
07:58:22.865,0.111232998,0.088369691,-0.423576379,-0.296942983,0.351717116,-0.169014003,,
07:58:22.870,0.116615829,0.102769046,-0.321471516,-0.260874422,0.337548078,-0.081727264,,
07:58:22.875,0.115788364,0.119657853,-0.220411981,-0.2957214,0.332957364,-0.006456931,,
07:58:22.880,0.108257671,0.131476316,-0.256973705,-0.305210767,0.318991813,-0.001605926,,
07:58:22.885,0.093198801,0.13184471,-0.267191738,-0.32667806,0.313473169,-0.014415642,,
07:58:22.890,0.073515073,0.121936917,-0.27511959,-0.339714287,0.311246102,-0.062076355,,
07:58:22.895,0.058839013,0.108969002,-0.313863453,-0.360661925,0.305362565,-0.119098035,,
07:58:22.900,0.056488499,0.100547934,-0.204048824,-0.373778441,0.290507192,-0.156358365,,
07:58:22.905,0.061295955,0.098885073,-0.023486322,-0.399493483,0.272025999,-0.160513688,,
07:58:22.910,0.065477869,0.097494549,0.023350054,-0.41580251,0.240404672,-0.133033559,,
07:58:22.915,0.065418391,0.093357837,0.035348508,-0.308612135,0.181581919,-0.098421657,,
07:58:22.920,0.060919488,0.083141526,0.021936273,-0.253069339,0.152942942,-0.082571802,,
07:58:22.925,0.052336584,0.064837917,-0.020975509,-0.27966639,0.165484254,-0.086262521,,
07:58:22.930,0.042034554,0.044544661,-0.065694681,-0.271615932,0.181269637,-0.09309027,,
07:58:22.935,0.028765626,0.028213349,-0.107703585,-0.254679881,0.197938416,-0.092438922,,
07:58:22.940,0.005048381,0.020995373,-0.138200604,-0.217930233,0.218827176,-0.073650672,,
07:58:22.945,-0.027232363,0.024125044,-0.163217269,-0.172720626,0.244216061,-0.038367278,,
07:58:22.950,-0.05728157,0.030319538,-0.187441488,-0.136213565,0.276332452,0.002100652,,
07:58:22.955,-0.08037315,0.033095608,-0.213903601,-0.108225508,0.320593037,0.040930313,,
07:58:22.960,-0.09504278,0.033543276,-0.235066493,-0.091291509,0.362208998,0.066643329,,
07:58:22.965,-0.10115833,0.04093957,-0.237887296,-0.069733561,0.37843193,0.071885607,,
07:58:22.970,-0.103999423,0.065269057,-0.217802505,-0.081286591,0.380368863,0.05581057,,
07:58:22.975,-0.107353149,0.100140653,-0.181022559,-0.12460033,0.380931619,0.021688938,,
07:58:22.980,-0.110939546,0.130697369,-0.137985359,-0.112983936,0.366007555,-0.019282771,,
07:58:22.985,-0.112080299,0.15074905,-0.090759724,-0.121723169,0.349123784,-0.056035078,,
07:58:22.990,-0.112511141,0.165407962,-0.043854226,-0.17749748,0.336570235,-0.082783533,,
07:58:22.995,-0.114107553,0.183852982,-0.005105029,-0.204969654,0.314798656,-0.104806486,,
07:58:23.000,-0.112778543,0.199126607,0.024029694,-0.235310548,0.294426044,-0.130234187,,
07:58:23.005,-0.105015089,0.199111975,0.042903374,-0.28041594,0.276640378,-0.152720157,,
07:58:23.010,-0.095001452,0.18579331,0.045205316,-0.330821709,0.263672167,-0.15532713,,
07:58:23.015,-0.084637131,0.167394197,0.03032731,-0.375124481,0.266588211,-0.123429897,,
07:58:23.020,-0.068551988,0.150664524,0.009776965,-0.394980337,0.28118216,-0.053086527,,
07:58:23.025,-0.046837695,0.141981526,-0.008107316,-0.386656309,0.298306918,0.038851783,,
07:58:23.030,-0.024277137,0.147597008,-0.030343327,-0.346606569,0.310864748,0.118493347,,
07:58:23.035,-0.001736129,0.164551201,-0.063114821,-0.281812076,0.31767293,0.172362531,,
07:58:23.040,0.02225601,0.182561993,-0.098196528,-0.199025177,0.320144025,0.195499825,,
07:58:23.045,0.045347846,0.193799724,-0.121800994,-0.109172228,0.318336402,0.203380107,,
07:58:23.050,0.063993109,0.194818969,-0.123284319,-0.037620595,0.312299346,0.224926402,,
07:58:23.055,0.078595377,0.184704739,-0.097980193,-0.002896598,0.300139287,0.185580483,,
07:58:23.060,0.091511133,0.165875702,-0.049422202,-0.006776442,0.283118521,0.137588232,,
07:58:23.065,0.102784923,0.146429843,0.011702853,-0.037811373,0.264274177,0.158095231,,
07:58:23.070,0.110903432,0.134895112,0.07239542,-0.078373177,0.247056742,0.174437672,,
07:58:23.075,0.108598334,0.137706176,0.120795317,-0.112983552,0.229451971,0.187330477,,
07:58:23.080,0.083065922,0.155992542,0.157994878,-0.136666176,0.20368665,0.204984263,,
07:58:23.085,0.035446515,0.182563477,0.180116739,-0.151278314,0.172279271,0.22111128,,
07:58:23.090,-0.020268755,0.20261373,0.189059617,-0.163133454,0.147927194,0.231096519,,
07:58:23.095,-0.072193604,0.209333244,0.197456317,-0.177344054,0.137538837,0.26116842,,
07:58:23.100,-0.116058745,0.208262942,0.173328786,-0.187882441,0.132133051,0.221624024,,
07:58:23.105,-0.150676065,0.200714308,0.153995224,-0.189277437,0.116642058,0.113731022,,
07:58:23.110,-0.172006587,0.18646101,0.174421791,-0.182451744,0.092051057,0.080029109,,
07:58:23.115,-0.182314205,0.170019383,0.189443763,-0.168667139,0.073404726,0.054431361,,
07:58:23.120,-0.188487716,0.160287564,0.200983133,-0.149766155,0.070652182,0.023620533,,
07:58:23.125,-0.186363725,0.158319971,0.226134187,-0.12736875,0.064899718,0.010172601,,
07:58:23.130,-0.170046672,0.156968946,0.192536687,-0.095385607,0.046896962,-0.002795506,,
07:58:23.135,-0.144743216,0.152420905,0.104481651,-0.059382933,0.035906807,-0.006574619,,
07:58:23.140,-0.112216395,0.144416647,0.042587553,-0.023801639,0.017415265,-0.00099016,,
07:58:23.145,-0.071380496,0.139567049,-0.040177699,0.010582726,-0.006109719,0.011065385,,
07:58:23.150,-0.024012898,0.133031678,-0.11463043,0.038801306,-0.026455507,0.022869731,,
07:58:23.155,0.025735028,0.114163265,-0.169961541,0.070354951,-0.048868694,0.024863638,,
07:58:23.160,0.072903014,0.0721745,-0.230660455,0.042975693,-0.056702318,0.010190251,,
07:58:23.165,0.109515622,0.018722148,-0.116919094,-0.000406139,-0.068286227,-0.015583527,,
07:58:23.170,0.134759759,-0.032127848,0.000741963,0.012616057,-0.077632113,-0.035502282,,
07:58:23.175,0.156236749,-0.090804789,-0.032951971,0.029016915,-0.109812979,-0.066097391,,
07:58:23.180,0.161425311,-0.046668841,-0.044487579,0.028331531,-0.097302758,-0.092005874,,
07:58:23.185,0.146648582,0.027528003,-0.057359677,-0.005838971,0.040062626,-0.075480354,,
07:58:23.190,0.119469838,0.004298416,-0.076412186,-0.036936837,0.093536015,-0.077608626,,
07:58:23.195,0.077809087,-0.015378409,-0.088381712,-0.05603406,0.095033108,-0.097788042,,
07:58:23.200,0.035195817,-0.034390947,-0.104972202,-0.064401709,0.129601112,-0.110069151,,
07:58:23.205,0.002253774,-0.050033543,-0.121060062,-0.03729381,0.14377071,-0.125893278,,
07:58:23.210,-0.012705297,-0.075643407,-0.132655895,0.006298922,0.175024539,-0.14099814,,
07:58:23.215,-0.016383185,-0.061699008,-0.153919765,0.033228062,0.205173112,-0.155289987,,
07:58:23.220,-0.01796689,0.029497982,-0.161709914,0.050147546,0.219752975,-0.170561827,,
07:58:23.225,-0.000738661,0.064686796,-0.182293255,0.067492032,0.241007387,-0.186326622,,
07:58:23.230,0.03895232,0.070281531,-0.199596419,0.078723696,0.182895237,-0.198075592,,
07:58:23.235,0.088981562,0.085762684,-0.026225542,0.094243575,0.132372621,-0.219621455,,
07:58:23.240,0.13141953,0.091806815,0.110665305,0.125882502,0.15138798,-0.223847034,,
07:58:23.245,0.159385734,0.089565771,0.093547869,0.158520548,0.158299771,-0.253329282,,
07:58:23.250,0.179581244,0.070079301,0.074129307,0.192300713,0.166693382,-0.244284378,,
07:58:23.255,0.193697314,0.044409045,0.024390592,0.213383274,0.179329829,-0.034623252,,
07:58:23.260,0.200280585,0.017445844,-0.024307226,0.214442672,0.19488523,0.118877012,,
07:58:23.265,0.203012175,-0.009221341,-0.050690322,0.198653442,0.211354706,0.141792867,,
07:58:23.270,0.20493644,-0.027442756,-0.054229619,0.162892986,0.23917655,0.204637056,,
07:58:23.275,0.20293368,-0.035506621,-0.031338531,0.108313106,0.258494084,0.214112663,,
07:58:23.280,0.192664626,-0.039565928,0.006042834,0.063300238,0.290094394,0.053144331,,
07:58:23.285,0.175317912,-0.050254582,0.052349096,-0.000303637,0.314410451,-0.013346561,,
07:58:23.290,0.15660995,-0.066057956,0.096434067,-0.092790786,0.181233101,0.026625342,,
07:58:23.295,0.135425161,-0.070310167,0.124952617,-0.21697709,0.096879008,0.032867443,,
07:58:23.300,0.112296516,-0.053321822,0.138346457,-0.314504429,0.112820119,0.048128515,,
07:58:23.305,0.095192523,-0.026928562,0.154815451,-0.162875541,0.054004986,0.070809872,,
07:58:23.310,0.089457504,-0.004480277,0.145718312,-0.057077795,0.020347615,0.074946597,,
07:58:23.315,0.094396738,0.012776854,0.123795234,-0.105075347,0.026497336,0.103005326,,
07:58:23.320,0.111886361,0.024517779,0.135289397,-0.105878995,0.037261074,0.106639998,,
07:58:23.325,0.143936632,0.025628659,0.154031314,-0.119193996,0.064205003,-0.085807864,,
07:58:23.330,0.184788859,0.01605076,0.166949246,-0.130481997,0.09462819,-0.191499433,,
07:58:23.335,0.22423114,0.008421509,0.133241682,-0.135796815,0.136231736,-0.143226905,,
07:58:23.340,0.251526829,0.008387556,0.072554409,-0.144426604,0.177810862,-0.115397112,,
07:58:23.345,0.263771665,0.011994749,0.009560986,-0.156203803,0.203264443,-0.077342987,,
07:58:23.350,0.266355449,0.019669305,-0.063185468,-0.167947659,0.209154718,-0.059017212,,
07:58:23.355,0.261259336,0.027536133,-0.119177904,-0.1880805,0.204717815,-0.064224486,,
07:58:23.360,0.243845324,0.02963085,-0.149385668,-0.203285748,0.203014281,-0.083170067,,
07:58:23.365,0.20726473,0.02666523,-0.14324,-0.210271303,0.210834903,-0.110936325,,
07:58:23.370,0.150004722,0.021814074,-0.089708949,-0.249255922,0.230118057,-0.137404,,
07:58:23.375,0.090967629,0.01574474,0.002888789,-0.105538133,0.210406348,-0.172757369,,
07:58:23.380,0.03887469,0.01048173,0.112536644,0.07903426,0.177906229,-0.214153376,,
07:58:23.385,-0.008949492,0.01382972,0.213872275,0.070339422,0.181889983,-0.238534966,,
07:58:23.390,-0.046324468,0.030369786,0.286999254,0.058959933,0.187033529,-0.214891136,,
07:58:23.395,-0.118490671,0.047857038,0.315818076,0.02678536,0.193262314,-0.129609842,,
07:58:23.400,-0.095637725,0.073901361,0.295665441,-0.028848312,0.193745861,-0.016895244,,
07:58:23.405,0.013304624,0.108833915,0.239160543,-0.066317836,0.17929915,0.102964759,,
07:58:23.410,0.002207872,0.132982582,0.16516937,-0.094531559,0.154834338,0.196852131,,
07:58:23.415,-0.022781555,0.148664401,0.089111109,-0.101794201,0.120511774,0.247225863,,
07:58:23.420,-0.031342656,0.15183381,0.029304934,-0.101472908,0.088099953,0.29982853,,
07:58:23.425,-0.051544818,0.149217808,0.005576049,-0.110192831,0.06395667,0.196161095,,
07:58:23.430,-0.064372951,0.149115092,0.018794972,-0.137044847,0.043836793,0.061106789,,
07:58:23.435,-0.080946562,0.152481402,0.050301117,-0.183524261,0.030094702,0.090330903,,
07:58:23.440,-0.097042231,0.155454482,0.079637582,-0.240876855,0.021688833,0.102270844,,
07:58:23.445,-0.111718977,0.154628745,0.099000772,-0.292664705,0.014488905,0.119665489,,
07:58:23.450,-0.12766827,0.156520665,0.112819942,-0.323969289,0.013025736,0.132578978,,
07:58:23.455,-0.144520221,0.160076539,0.126397121,-0.338284359,0.01753968,0.149628028,,
07:58:23.460,-0.15709158,0.166980251,0.129832767,-0.344131142,0.018407006,0.171156356,,
07:58:23.465,-0.181695077,0.176185754,0.113496022,-0.365567053,0.014252521,-0.015927092,,
07:58:23.470,-0.172074926,0.191236701,0.088895565,-0.391333948,0.009318905,-0.166793742,,
07:58:23.475,-0.135468986,0.20499946,0.075563758,-0.362313099,-0.011835212,-0.152226721,,
07:58:23.480,-0.15422217,0.200999032,0.072748983,-0.338906018,-0.038155309,-0.143077212,,
07:58:23.485,-0.182163236,0.181379764,0.059612553,-0.359675189,-0.038829246,-0.104563742,,
07:58:23.490,-0.204883437,0.147623289,0.019047306,-0.382910969,-0.041179825,-0.058625805,,
07:58:23.495,-0.227337068,0.107075682,-0.042009613,-0.328534006,-0.070747206,-0.026056119,,
07:58:23.500,-0.232103079,0.074571688,-0.093911943,-0.231526497,-0.103435474,-0.014479198,,
07:58:23.505,-0.222861887,0.058850791,-0.11467829,-0.19727002,-0.12593464,-0.03236116,,
07:58:23.510,-0.208184777,0.059031814,-0.103629768,-0.191520494,-0.14436726,-0.058441089,,
07:58:23.515,-0.20084584,0.068590187,-0.066333037,-0.19462187,-0.153440459,-0.080999295,,
07:58:23.520,-0.198812612,0.083487835,-0.012819725,-0.19575932,-0.181371492,-0.090512322,,
07:58:23.525,-0.201839594,0.096469462,0.037137656,-0.156688423,-0.156277596,-0.078950918,,
07:58:23.530,-0.21349046,0.103093346,0.067444164,-0.103001792,-0.062910527,-0.05341852,,
07:58:23.535,-0.232132411,0.101895601,0.07309087,-0.049664359,-0.020396185,-0.036733576,,
07:58:23.540,-0.256211253,0.090010338,0.059312643,0.010052209,0.011704708,-0.041510159,,
07:58:23.545,-0.279804196,0.072546593,0.04252592,-0.048705058,0.067958348,-0.057912076,,
07:58:23.550,-0.300801569,0.057541784,0.044088,-0.104322062,0.109939797,-0.074153615,,
07:58:23.555,-0.318921467,0.050593165,0.072611909,-0.070767353,0.127233678,-0.083294669,,
07:58:23.560,-0.328912923,0.051716496,0.121718773,-0.059254388,0.129443574,-0.08024154,,
07:58:23.565,-0.327710794,0.053123011,0.171724345,-0.042642817,0.138819391,-0.06499607,,
07:58:23.570,-0.320348353,0.046393993,0.200504979,-0.032300995,0.102635067,-0.043422589,,
07:58:23.575,-0.313958423,0.035921847,0.200924427,-0.03016485,0.047843947,-0.022817717,,
07:58:23.580,-0.310389152,0.032025001,0.186530919,-0.011148406,0.059639195,-0.004889215,,
07:58:23.585,-0.3020309,0.037841228,0.181728999,0.007243238,0.074702839,0.013381237,,
07:58:23.590,-0.279649817,0.049862911,0.191311038,0.021705734,0.08371412,0.021447767,,
07:58:23.595,-0.239279936,0.059641778,0.233861067,0.046415392,0.097808051,0.006272631,,
07:58:23.600,-0.187834412,0.06359746,0.262183961,0.041612827,0.112585622,-0.017726785,,
07:58:23.605,-0.128909158,0.067415381,0.230260906,0.020659441,0.13188464,-0.023193957,,
07:58:23.610,-0.073464606,0.078693383,0.231342534,0.042704583,0.147551395,-0.007054476,,
07:58:23.615,-0.043461255,0.093666029,0.251355985,0.053599688,0.15099418,0.009030496,,
07:58:23.620,-0.006411855,0.102859467,0.267003504,0.047598372,0.187066233,0.014314437,,
07:58:23.625,-0.039744284,0.090010729,0.277570542,0.023222327,0.154101311,0.021896643,,
07:58:23.630,-0.124047369,0.067006197,0.300930343,-0.018728244,0.00378332,0.040069388,,
07:58:23.635,-0.114502909,0.068226927,0.30322147,-0.021043793,-0.051598496,0.053931211,,
07:58:23.640,-0.094903847,0.082938891,0.188312313,-0.004692835,-0.055109124,0.040942508,,
07:58:23.645,-0.085626772,0.088350913,0.116939985,-0.003886984,-0.046137362,-0.002309633,,
07:58:23.650,-0.06611713,0.082760766,0.106721529,-0.021524759,0.000584257,-0.044843866,,
07:58:23.655,-0.052963119,0.081968262,0.08538877,-0.049868944,0.040243623,-0.046018375,,
07:58:23.660,-0.038323195,0.09554875,0.088314284,-0.077149027,0.068969463,-0.0014212,,
07:58:23.665,-0.025229929,0.115550431,0.092921564,-0.104346624,0.086634871,0.061581193,,
07:58:23.670,-0.012624183,0.13769039,0.081666242,-0.130317066,0.096322733,0.109725949,,
07:58:23.675,0.000601201,0.162264286,0.047373544,-0.148802284,0.103251499,0.118407,,
07:58:23.680,0.01267921,0.186843742,0.002992857,-0.152647509,0.109347473,0.088618177,,
07:58:23.685,0.02625342,0.208321727,-0.030273348,-0.138050724,0.111289007,0.049736726,,
07:58:23.690,0.039534101,0.225179042,-0.013872297,-0.11793855,0.104732464,0.03131132,,
07:58:23.695,0.052688339,0.237235547,0.031233408,-0.109412947,0.096594883,0.028565298,,
07:58:23.700,0.069716812,0.246107791,0.0728387,-0.112834592,0.091587742,0.018196324,,
07:58:23.705,0.078025619,0.255660454,0.138980081,-0.120020553,0.086810954,-0.000876348,,
07:58:23.710,0.102967341,0.266287068,0.176971055,-0.127912922,0.077574562,-0.008268555,,
07:58:23.715,0.090465947,0.265063875,0.179951051,-0.141549221,0.058130471,0.000175512,,
07:58:23.720,0.012494562,0.256601469,0.173051044,-0.161871031,0.028124226,0.002159177,,
07:58:23.725,-0.00781458,0.26223745,0.165500319,-0.182532445,-0.004413136,-0.011256673,,
07:58:23.730,-0.011988223,0.265334013,0.168541839,-0.198107713,-0.027029404,-0.024965344,,
07:58:23.735,-0.029536778,0.246843903,0.176706904,-0.207594777,-0.043199823,-0.023213067,,
07:58:23.740,-0.033510138,0.214275631,0.182421945,-0.20356386,-0.067594984,-0.011085851,,
07:58:23.745,-0.041121584,0.183806827,0.179844784,-0.178612493,-0.099446128,-0.011720441,,
07:58:23.750,-0.050886877,0.176517896,0.172617295,-0.147098315,-0.161089232,-0.035701361,,
07:58:23.755,-0.06628012,0.196122385,0.164885088,-0.106737161,-0.17323585,-0.062153611,,
07:58:23.760,-0.088385948,0.221405683,0.155112729,-0.067153857,-0.121126866,-0.059396692,,
07:58:23.765,-0.110683495,0.238787096,0.148332376,-0.058313444,-0.129840901,-0.016577359,,
07:58:23.770,-0.137939397,0.252312591,0.154042215,-0.054088256,-0.152415123,0.051300271,,
07:58:23.775,-0.160507256,0.268541082,0.167701172,-0.036755125,-0.166890238,0.122439863,,
07:58:23.780,-0.190833205,0.280186496,0.16699572,-0.018556484,-0.187152461,0.175948305,,
07:58:23.785,-0.221386486,0.278662516,0.138570879,-0.01045375,-0.206440094,0.192456073,,
07:58:23.790,-0.180647068,0.275409881,0.101154945,-0.015904571,-0.21491151,0.182191671,,
07:58:23.795,-0.155488445,0.27281058,0.088450541,-0.039018316,-0.234555394,0.1797819,,
07:58:23.800,-0.181121685,0.268053421,0.116143494,-0.06705443,-0.229636127,0.207937352,,
07:58:23.805,-0.190810678,0.260737998,0.173798997,-0.086461859,-0.12779475,0.261132764,,
07:58:23.810,-0.207134808,0.246126422,0.236097699,-0.123916294,-0.069117933,0.254002554,,
07:58:23.815,-0.220441712,0.22805104,0.279368957,-0.167116552,-0.044085519,0.199427022,,
07:58:23.820,-0.231181222,0.207689479,0.298064728,-0.193734456,0.003698179,0.205436636,,
07:58:23.825,-0.254292823,0.190662694,0.30859624,-0.206885642,0.026770698,0.235571574,,
07:58:23.830,-0.201043264,0.193652264,0.329555765,-0.210816608,0.037404414,0.198164447,,
07:58:23.835,-0.131666583,0.204442006,0.354281702,-0.208875261,0.038232524,0.124981507,,
07:58:23.840,-0.130941692,0.208950568,0.360679542,-0.189008911,0.043613001,0.099035773,,
07:58:23.845,-0.127888936,0.214641578,0.34525709,-0.149456963,0.048991789,0.079094051,,
07:58:23.850,-0.122997874,0.212789996,0.327685421,-0.098149091,0.088112916,0.064045997,,
07:58:23.855,-0.116439464,0.200731115,0.322930394,-0.060294002,0.122286088,0.067425447,,
07:58:23.860,-0.105048694,0.183040572,0.330848365,-0.063331738,0.052777234,0.096016777,,
07:58:23.865,-0.104405811,0.155962176,0.338327012,-0.075872555,0.031044647,0.162169618,,
07:58:23.870,-0.112665416,0.121845817,0.333962571,-0.084267982,0.062761564,0.249092535,,
07:58:23.875,-0.122209458,0.093599033,0.323623905,-0.096589569,0.074231548,0.340488228,,
07:58:23.880,-0.13237003,0.087587631,0.316042486,-0.109122508,0.094365803,0.399980724,,
07:58:23.885,-0.150490117,0.105053793,0.314031605,-0.113170179,0.111429909,0.456806095,,
07:58:23.890,-0.175799808,0.124928119,0.323051602,-0.104656114,0.124345322,0.460068839,,
07:58:23.895,-0.198137647,0.125497204,0.349063525,-0.09789014,0.138127542,0.3607329,,
07:58:23.900,-0.214453837,0.10372821,0.392322613,-0.106344407,0.160170171,0.339959073,,
07:58:23.905,-0.227418203,0.074702289,0.447637455,-0.132204907,0.16928803,0.372751482,,
07:58:23.910,-0.236729734,0.049869301,0.501513021,-0.150137794,0.211502188,0.378295913,,
07:58:23.915,-0.238129827,0.032259301,0.536953436,-0.176720761,0.16884043,0.395700638,,
07:58:23.920,-0.234101859,0.025550679,0.540767977,-0.228005396,0.000988949,0.422571321,,
07:58:23.925,-0.230357082,0.036997927,0.509788171,-0.253992488,-0.036408507,0.318831053,,
07:58:23.930,-0.221431185,0.067729415,0.466177186,-0.268876995,-0.023973752,0.181159356,,
07:58:23.935,-0.199066739,0.110865538,0.432483294,-0.286497114,-0.027404621,0.156060884,,
07:58:23.940,-0.167250831,0.15262471,0.409088025,-0.295290297,-0.01515176,0.155988212,,
07:58:23.945,-0.13807057,0.176003958,0.38706485,-0.296872397,-0.016465608,0.173911661,,
07:58:23.950,-0.120469652,0.181343774,0.356016132,-0.284359234,-0.027161962,0.187669998,,
07:58:23.955,-0.119967822,0.17722359,0.31465822,-0.267818473,-0.044076437,0.187252282,,
07:58:23.960,-0.128205326,0.171371452,0.270972814,-0.268115324,-0.062125683,0.192360787,,
07:58:23.965,-0.13715506,0.171836852,0.23934338,-0.29405175,-0.068709151,0.19442124,,
07:58:23.970,-0.146092206,0.183304301,0.227210329,-0.338899827,-0.071960842,0.188905573,,
07:58:23.975,-0.152924662,0.202373638,0.223926589,-0.378996744,-0.075168482,0.184472094,,
07:58:23.980,-0.155409107,0.219668976,0.224069987,-0.390091171,-0.056989528,0.19628961,,
07:58:23.985,-0.159192885,0.226500005,0.21850093,-0.37410324,-0.062178367,0.22574272,,
07:58:23.990,-0.17023194,0.224549177,0.214037517,-0.340293297,-0.088851526,0.260006081,,
07:58:23.995,-0.181460729,0.214826409,0.234768127,-0.301563899,-0.110245541,0.294725656,,
07:58:24.000,-0.185887034,0.189962004,0.233566546,-0.270433281,-0.131375644,0.331463874,,
07:58:24.005,-0.191330997,0.151303112,0.23686463,-0.24118317,-0.15429627,0.367016767,,
07:58:24.010,-0.2068437,0.115110598,0.274584898,-0.201392787,-0.175543855,0.382870249,,
07:58:24.015,-0.229261901,0.092569562,0.300934006,-0.139785204,-0.203502295,0.359270217,,
07:58:24.020,-0.2456178,0.078701499,0.332534344,-0.088497064,-0.233278867,0.309456319,,
07:58:24.025,-0.246632002,0.064088092,0.373179044,-0.049050353,-0.24292858,0.269282965,,
07:58:24.030,-0.232955643,0.045907239,0.418623503,-0.05950223,-0.287934919,0.252624527,,
07:58:24.035,-0.214166141,0.02627064,0.468408483,-0.134939194,-0.164709058,0.253192024,,
07:58:24.040,-0.199779945,0.008327884,0.508694367,-0.115933627,0.098318833,0.254590062,,
07:58:24.045,-0.192725776,-0.002903487,0.525486333,-0.074159252,0.158890992,0.23091758,,
07:58:24.050,-0.195509823,-0.009401612,0.507071839,-0.060434742,0.191453471,0.180848868,,
07:58:24.055,-0.208714088,-0.016719726,0.458149895,-0.029209171,0.238286513,0.124158335,,
07:58:24.060,-0.224538812,-0.025567619,0.39738718,-0.053381709,0.088203508,0.086251521,,
07:58:24.065,-0.230658966,-0.036766892,0.333535856,-0.043978845,-0.030172746,0.095258315,,
07:58:24.070,-0.216587899,-0.049080835,0.268285773,-0.068938578,0.012673778,0.135403518,,
07:58:24.075,-0.178662313,-0.061542829,0.203991815,-0.195020387,0.046754851,0.180918681,,
07:58:24.080,-0.126401891,-0.072543961,0.133851522,-0.221752645,0.067559351,0.21590652,,
07:58:24.085,-0.075193568,-0.07415132,0.082142495,-0.228112299,0.087057976,0.232641282,,
07:58:24.090,-0.034136757,-0.064194427,0.030286158,-0.244528364,0.103250125,0.232203364,,
07:58:24.095,0.000898468,-0.05260034,0.040301829,-0.238931621,0.119891001,0.215712529,,
07:58:24.100,0.0202578,-0.047380397,0.163323822,-0.235443705,0.133591224,0.185948786,,
07:58:24.105,0.037596573,-0.047018119,0.19208864,-0.224085733,0.147785955,0.154355152,,
07:58:24.110,0.064726977,-0.047404197,0.155556391,-0.215610233,0.161384452,0.144060446,,
07:58:24.115,0.022224639,-0.052960785,0.157709759,-0.226231175,0.17914618,0.163727825,,
07:58:24.120,-0.016491211,-0.054191288,0.126187433,-0.263029746,0.203010089,0.192607886,,
07:58:24.125,0.00685856,-0.042502635,0.135343559,-0.307125444,0.224846044,0.207348086,,
07:58:24.130,0.01767973,-0.024502277,0.276897248,-0.352180383,0.25450489,0.203244119,,
07:58:24.135,0.030150722,-0.004010774,0.355603781,-0.327679153,0.257322113,0.184221244,,
07:58:24.140,0.045963035,0.012806855,0.361304199,-0.272633905,0.272802981,0.152724162,,
07:58:24.145,0.055745323,0.030052216,0.372393918,-0.292000699,0.275803298,0.121229963,,
07:58:24.150,0.073511105,0.05362568,0.363822295,-0.326920511,0.151490986,0.105023891,,
07:58:24.155,0.079854772,0.081144362,0.355603882,-0.367030382,0.094579531,0.096887965,,
07:58:24.160,0.098391058,0.10585551,0.350395836,-0.331887395,0.099997759,0.077144458,,
07:58:24.165,0.108476712,0.115467084,0.347833111,-0.2271783,0.076000305,0.045847052,,
07:58:24.170,-0.002075298,0.117222013,0.344497622,-0.223151615,0.089232648,0.024690919,,
07:58:24.175,-0.086796138,0.124986349,0.335126269,-0.2547429,0.104194645,0.032859805,,
07:58:24.180,-0.100856002,0.168296575,0.325764491,-0.275048087,0.104069067,0.068556096,,
07:58:24.185,-0.142442088,0.205238588,0.318413398,-0.294706721,0.090716377,0.113536569,,
07:58:24.190,-0.183995698,0.145681667,0.308671106,-0.297062332,0.073404978,0.150878252,,
07:58:24.195,-0.224621409,0.1190565,0.292657574,-0.288670002,0.069827683,0.175256134,,
07:58:24.200,-0.306909739,0.139000181,0.278412776,-0.266547772,0.077981351,0.181697597,,
07:58:24.205,-0.288047805,0.15049213,0.290827649,-0.237976699,0.095506684,0.166454045,,
07:58:24.210,-0.153337809,0.181634232,0.341323877,-0.209484412,0.116076444,0.136879386,,
07:58:24.215,-0.150175386,0.197419682,0.411447717,-0.193121372,0.148860059,0.093839492,,
07:58:24.220,-0.179529207,0.209094642,0.473643594,-0.17792119,0.189141256,0.051280994,,
07:58:24.225,-0.187531942,0.224806803,0.512187823,-0.155300375,0.226037827,0.026111804,,
07:58:24.230,-0.210086074,0.237173213,0.523716307,-0.148109355,0.268249149,0.018932427,,
07:58:24.235,-0.222725438,0.251750857,0.506198041,-0.142400927,0.28531024,0.039303094,,
07:58:24.240,-0.244899315,0.265512439,0.46280041,-0.15431398,0.299407014,0.085360402,,
07:58:24.245,-0.252619445,0.27825204,0.405525524,-0.184755443,0.308761739,0.145800408,,
07:58:24.250,-0.285553632,0.294461391,0.345321525,-0.222128597,0.310898253,0.213158732,,
07:58:24.255,-0.262370116,0.305828999,0.291628182,-0.251659345,0.309606382,0.271045332,,
07:58:24.260,-0.131274984,0.343231318,0.24826533,-0.248385768,0.292338487,0.299358151,,
07:58:24.265,-0.092889039,0.348514447,0.214632186,-0.210445391,0.27166279,0.300184798,,
07:58:24.270,-0.082309743,0.242210944,0.196643874,-0.1564923,0.253260188,0.298443278,,
07:58:24.275,-0.045149568,0.187527245,0.200923834,-0.097140935,0.225214939,0.295138953,,
07:58:24.280,-0.026073929,0.195266881,0.218220889,-0.040415273,0.182159939,0.309201745,,
07:58:24.285,-0.010678825,0.1918394,0.226656439,6.82582E-05,0.13921789,0.326666849,,
07:58:24.290,-0.007585095,0.19928655,0.217052816,0.03890561,0.096733813,0.303882227,,
07:58:24.295,-0.010536255,0.207721063,0.197619814,-0.004996838,0.07835369,0.306510977,,
07:58:24.300,-0.009995974,0.222577604,0.183413811,-0.07623015,0.048242291,0.320195208,,
07:58:24.305,-0.004250466,0.234410377,0.181561149,-0.066265638,-0.001509508,0.346533842,,
07:58:24.310,0.010860253,0.2303409,0.192100619,-0.064206346,-0.07530384,0.327074985,,
07:58:24.315,0.037278716,0.21827271,0.216224005,-0.062957567,-0.128240945,0.190384075,,
07:58:24.320,0.029742594,0.209171161,0.258929474,-0.022787452,-0.020973227,0.114136955,,
07:58:24.325,0.016711638,0.215357248,0.321838675,0.001279968,0.037902189,0.095088377,,
07:58:24.330,0.032070519,0.232740276,0.391626561,0.009637571,-0.001531722,0.075820375,,
07:58:24.335,0.045223421,0.246857656,0.44664715,0.025540213,-0.01060874,0.076429521,,
07:58:24.340,0.063050888,0.253824036,0.470429396,0.02902065,-0.029047081,0.091717725,,
07:58:24.345,0.034588348,0.252741444,0.459211576,0.057860444,-0.052202597,0.127475232,,
07:58:24.350,0.006410716,0.255679669,0.423823803,0.012655618,-0.053361932,0.172018376,,
07:58:24.355,0.034110367,0.266217188,0.383124381,-0.100558612,-0.054512699,0.220933315,,
07:58:24.360,0.069358223,0.272373821,0.34913001,-0.096566359,-0.060338948,0.27421478,,
07:58:24.365,0.105697689,0.268432029,0.321284476,-0.08600544,-0.088523569,0.326589318,,
07:58:24.370,0.135041124,0.250451729,0.295530589,-0.110720358,-0.088622923,0.379009791,,
07:58:24.375,0.15457381,0.221794334,0.274071902,-0.104817492,0.106604263,0.429052976,,
07:58:24.380,0.172785481,0.188111915,0.265527969,-0.131522007,0.264593794,0.463002481,,
07:58:24.385,0.191131065,0.150698268,0.270727306,-0.16806563,0.302654303,0.467880945,,
07:58:24.390,0.207392225,0.119000132,0.278944285,-0.221282419,0.347774017,0.452095935,,
07:58:24.395,0.218645483,0.102351132,0.280540266,-0.282718465,0.343234674,0.433184597,,
07:58:24.400,0.222918988,0.095077645,0.274891704,-0.189717618,0.279897564,0.408815566,,
07:58:24.405,0.218587192,0.082424057,0.268487429,-0.129643064,0.211370788,0.367523938,,
07:58:24.410,0.207358958,0.06290411,0.269029879,-0.176625477,0.161307139,0.31798293,,
07:58:24.415,0.193783155,0.049308615,0.276929398,-0.192251153,0.123938341,0.284832322,,
07:58:24.420,0.183722266,0.023285488,0.285826629,-0.214060345,0.09784105,0.272380983,,
07:58:24.425,0.174622721,0.016801323,0.295229607,-0.239298042,0.062757509,0.262847291,,
07:58:24.430,0.167733105,0.037206959,0.306027646,-0.261422795,0.012338714,0.24018173,,
07:58:24.435,0.166288825,0.023719739,0.305212914,-0.29018369,-0.035714693,0.2049675,,
07:58:24.440,0.161428937,0.005922084,0.282220949,-0.309534128,-0.06191781,0.166627655,,
07:58:24.445,0.155621762,-0.007858119,0.257558017,-0.321560027,-0.05567261,0.148397436,,
07:58:24.450,0.15603935,-0.024619567,0.263734326,-0.344892789,-0.032919227,0.16688073,,
07:58:24.455,0.157832068,-0.037676263,0.305282797,-0.275756007,-0.037588693,0.212412523,,
07:58:24.460,0.147860036,-0.056958827,0.353169271,-0.169495907,-0.058403097,0.262678228,,
07:58:24.465,0.118832815,-0.0696407,0.376380863,-0.134246895,-0.061330338,0.297315209,,
07:58:24.470,0.083921215,-0.097113098,0.367635575,-0.098382079,-0.049945538,0.302531749,,
07:58:24.475,0.042145639,-0.096983194,0.342751779,-0.069773735,-0.027321546,0.285492105,,
07:58:24.480,0.006222907,-0.029024381,0.322737725,-0.05302465,0.008251256,0.259036338,,
07:58:24.485,-0.039424903,-0.018195391,0.318345211,-0.020000494,0.036851613,0.235766999,,
07:58:24.490,-0.069001706,-0.043704572,0.328970125,0.004714735,0.071051028,0.228193385,,
07:58:24.495,0.000440066,-0.054141819,0.345647238,-0.008225284,0.155483087,0.228609716,,
07:58:24.500,0.029426981,-0.075799974,0.359155583,-0.041430506,0.225942615,0.223851368,,
07:58:24.505,0.001948649,-0.093081496,0.36845688,-0.094034359,0.309179021,0.204476156,,
07:58:24.510,-0.006431143,-0.098962941,0.376579761,-0.139784121,0.385622961,0.171743528,,
07:58:24.515,-0.025075953,-0.094616844,0.386681589,-0.207475668,0.283071605,0.138411137,,
07:58:24.520,-0.0416894,-0.073426801,0.397748139,-0.273810487,0.19506823,0.098521964,,
07:58:24.525,-0.061558048,-0.034925719,0.398736339,-0.308803592,0.236708906,0.062515214,,
07:58:24.530,-0.08121652,0.009582973,0.385812915,-0.342937746,0.253744776,0.015357198,,
07:58:24.535,-0.09959428,0.044886774,0.375274699,-0.358384574,0.272342532,-0.005078893,,
07:58:24.540,-0.120660976,0.06553985,0.376669642,-0.363177324,0.290864046,0.059454602,,
07:58:24.545,-0.127212271,0.070057594,0.381663611,-0.388095903,0.309395406,0.054532459,,
07:58:24.550,-0.162221565,0.057993269,0.376568376,-0.349095278,0.319714356,0.063053641,,
07:58:24.555,-0.104357829,0.051221509,0.352524755,-0.288879179,0.319561447,0.21607411,,
07:58:24.560,0.047821122,0.058172423,0.308468415,-0.304191992,0.345693184,0.341407132,,
07:58:24.565,0.085846126,0.063581548,0.249456087,-0.319918994,0.351767472,0.424368176,,
07:58:24.570,0.096139999,0.074938967,0.197102436,-0.325779308,0.388136947,0.47577996,,
07:58:24.575,0.11183915,0.089887601,0.181542464,-0.34793933,0.369324771,0.495946144,,
07:58:24.580,0.110792649,0.100629071,0.211957568,-0.398286143,0.185774216,0.425936184,,
07:58:24.585,0.116476447,0.102197674,0.276271031,-0.426334141,0.128745965,0.306554085,,
07:58:24.590,0.117934619,0.093860836,0.353452694,-0.43536698,0.160882179,0.302468303,,
07:58:24.595,0.110559075,0.088607486,0.420945938,-0.452105467,0.158249204,0.338938077,,
07:58:24.600,0.082304468,0.090809264,0.458769029,-0.463810398,0.175631911,0.314492242,,
07:58:24.605,0.027034219,0.111769504,0.458305357,-0.475248778,0.204202633,0.210504788,,
07:58:24.610,-0.051238449,0.154270818,0.427253245,-0.479565582,0.253564353,0.140709421,,
07:58:24.615,-0.134465231,0.209779486,0.381940644,-0.484100341,0.303082144,0.108318023,,
07:58:24.620,-0.221899544,0.278984052,0.341628139,-0.498994066,0.328199217,0.091521949,,
07:58:24.625,-0.277525646,0.25693304,0.316314159,-0.513353836,0.330586975,0.101477469,,
07:58:24.630,-0.321502661,0.191632495,0.289615315,-0.533571223,0.315657216,0.113886487,,
07:58:24.635,-0.363500089,0.206898758,0.238744446,-0.50351317,0.296942166,0.131392764,,
07:58:24.640,-0.255108823,0.234539724,0.162193448,-0.441772281,0.290496921,0.157332425,,
07:58:24.645,-0.174237419,0.255354052,0.099631735,-0.405030103,0.29944997,0.182868065,,
07:58:24.650,-0.210051788,0.270297616,0.070757716,-0.362207174,0.299820655,0.191784407,,
07:58:24.655,-0.221815069,0.281270488,0.075398107,-0.31383489,0.279972799,0.17489109,,
07:58:24.660,-0.237264779,0.299669483,0.13558693,-0.272416317,0.256868207,0.144222808,,
07:58:24.665,-0.257966399,0.306378516,0.170473701,-0.240920483,0.253582166,0.114820737,,
07:58:24.670,-0.27197164,0.330446837,0.145678212,-0.234432032,0.266968873,0.089281723,,
07:58:24.675,-0.286403902,0.32448978,0.132614596,-0.219065458,0.264909263,0.065981908,,
07:58:24.680,-0.304015821,0.236471977,0.180350016,-0.208645109,0.246746011,0.041056073,,
07:58:24.685,-0.217076758,0.227755753,0.22949167,-0.277153725,0.23952994,0.020526636,,
07:58:24.690,-0.120266613,0.262419666,0.236134659,-0.306493224,0.235618621,0.009712337,,
07:58:24.695,-0.129915507,0.263539415,0.233795994,-0.278517754,0.236808099,-0.015431444,,
07:58:24.700,-0.140579269,0.271152637,0.221954058,-0.265620458,0.252532297,-0.018472874,,
07:58:24.705,-0.150741122,0.283173641,0.209189201,-0.245018397,0.270803797,-0.002454681,,
07:58:24.710,-0.16266853,0.310239514,0.200426491,-0.226256529,0.287406688,-0.011018725,,
07:58:24.715,-0.170072363,0.347409136,0.191694376,-0.211304868,0.292987534,-0.036513434,,
07:58:24.720,-0.182719404,0.381511216,0.175338784,-0.196468283,0.279293681,-0.031209977,,
07:58:24.725,-0.200113677,0.409487774,0.142438222,-0.18964677,0.254077548,0.057620761,,
07:58:24.730,-0.21903936,0.42420312,0.105525099,-0.17441206,0.228344669,0.10724399,,
07:58:24.735,-0.224501709,0.420106633,0.087946915,-0.172312575,0.218773344,0.120557133,,
07:58:24.740,-0.20645841,0.401071395,0.103736083,-0.213480749,0.224966472,0.154342135,,
07:58:24.745,-0.16627225,0.378801938,0.145187363,-0.250045978,0.217383132,0.184088739,,
07:58:24.750,-0.116234859,0.356583042,0.191377264,-0.294537071,0.190777443,0.212582406,,
07:58:24.755,-0.060635587,0.332965667,0.222351515,-0.357656013,0.16377818,0.229370747,,
07:58:24.760,-0.021258833,0.31466991,0.225593902,-0.408874357,0.131075914,0.24078942,,
07:58:24.765,0.019608253,0.309681712,0.205303583,-0.428513198,0.096742003,0.246358553,,
07:58:24.770,0.056343926,0.309665098,0.180904619,-0.410341704,0.044960504,0.256280031,,
07:58:24.775,-0.004189537,0.295663113,0.169314052,-0.373993492,-0.008687482,0.27643223,,
07:58:24.780,-0.039735929,0.282355418,0.171341132,-0.308750154,0.043169318,0.248677026,,
07:58:24.785,-0.009969608,0.282347981,0.180609509,-0.244263946,0.079539157,0.228589638,,
07:58:24.790,-0.002850673,0.288000601,0.203072015,-0.216651837,0.043652016,0.247536231,,
07:58:24.795,0.015757273,0.297824258,0.248614755,-0.181145354,0.028671821,0.267596259,,
07:58:24.800,0.026672848,0.312007283,0.316131562,-0.147845317,0.001539815,0.262890324,,
07:58:24.805,0.039762696,0.336142041,0.378291649,-0.109669292,-0.016481907,0.213072473,,
07:58:24.810,0.057855141,0.362559219,0.410700629,-0.075980509,-0.04277844,0.18409433,,
07:58:24.815,-0.033917437,0.368601396,0.424200084,-0.038373787,-0.063914907,0.17904252,,
07:58:24.820,-0.118734925,0.368518084,0.382649857,-0.010684494,0.058873666,0.195552697,,
07:58:24.825,-0.120372363,0.37584873,0.344753872,-0.069022229,0.158738684,0.233429936,,
07:58:24.830,-0.126592391,0.376818786,0.36061175,-0.089371613,0.139268035,0.259941215,,
07:58:24.835,-0.116332168,0.368188721,0.377476941,-0.064985576,0.103664285,0.259335051,,
07:58:24.840,-0.094712356,0.349216044,0.394145575,-0.073850011,0.046632504,0.230798915,,
07:58:24.845,-0.073234494,0.320260093,0.333671344,-0.061157257,-0.018248134,0.193915052,,
07:58:24.850,-0.051453421,0.287161843,0.274148043,-0.066171265,-0.072443986,0.169699268,,
07:58:24.855,-0.027248035,0.252883833,0.284359931,-0.200246792,-0.08271277,0.162003598,,
07:58:24.860,0.001805336,0.215211084,0.285993814,-0.312945469,-0.06842035,0.15976781,,
07:58:24.865,0.024593985,0.17183422,0.272649512,-0.352701806,-0.047944867,0.14139538,,
07:58:24.870,0.037640169,0.129496145,0.241518749,-0.381281139,-0.014985322,0.099616575,,
07:58:24.875,0.044359935,0.105664149,0.205045062,-0.368073858,0.013732187,0.061856862,,
07:58:24.880,0.039560847,0.100329807,0.181066489,-0.338304452,0.032078806,0.060601084,,
07:58:24.885,0.012774893,0.120621181,0.171565162,-0.316763427,0.038258755,0.096691348,,
07:58:24.890,-0.027018821,0.147449689,0.185671946,-0.312663283,0.029181685,0.145384016,,
07:58:24.895,-0.050352485,0.136852973,0.228775272,-0.31323729,-0.002419461,0.181324783,,
07:58:24.900,-0.040227789,0.119716074,0.289431999,-0.298205917,-0.050917535,0.192897098,,
07:58:24.905,-0.001103348,0.110500102,0.346419785,-0.271588863,-0.095798336,0.195040304,,
07:58:24.910,0.048844858,0.09924543,0.386230726,-0.24532683,-0.124646956,0.206774888,,
07:58:24.915,0.090349076,0.088809531,0.407676894,-0.227234248,-0.132527201,0.222365971,,
07:58:24.920,0.115797684,0.076095393,0.417930154,-0.213337763,-0.124747577,0.233587874,,
07:58:24.925,0.12507391,0.061853228,0.423383254,-0.195204677,-0.119820596,0.237925798,,
07:58:24.930,0.12128705,0.046394549,0.4174928,-0.172596352,-0.128272073,0.232381874,,
07:58:24.935,0.108773713,0.029951174,0.391512432,-0.157261627,-0.142391005,0.220899895,,
07:58:24.940,0.09143795,0.013058581,0.350283918,-0.157405685,-0.15389359,0.212552048,,
07:58:24.945,0.073738232,-0.003877349,0.305775394,-0.161163556,-0.168342382,0.213175766,,
07:58:24.950,0.058057267,-0.020491591,0.264201708,-0.161836301,-0.187868397,0.223293416,,
07:58:24.955,0.04618893,-0.037182335,0.22580261,-0.162488897,-0.204142452,0.243438598,,
07:58:24.960,0.037754185,-0.052451987,0.188298481,-0.156471775,-0.214621024,0.268776935,,
07:58:24.965,0.029460366,-0.069563873,0.141602984,-0.146716012,-0.223744871,0.286318687,,
07:58:24.970,0.019716301,-0.084405131,0.098939083,-0.136296315,-0.239559032,0.286981598,,
07:58:24.975,0.009484621,-0.101224217,0.061211321,-0.115594883,-0.26034552,0.273092603,,
07:58:24.980,0.002143385,-0.118704259,0.05541329,-0.077215461,-0.2796585,0.254456837,,
07:58:24.985,0.00039044,-0.127492195,0.124245328,-0.02456678,-0.294166779,0.239603363,,
07:58:24.990,0.005301203,-0.158780088,0.157868344,-0.032525718,-0.293916054,0.225121941,,
07:58:24.995,0.005382237,-0.106167415,0.123826694,-0.077570943,-0.29534063,0.197103819,,
07:58:25.000,0.008991641,-0.00076502,0.127139707,-0.068149811,-0.315207919,0.154561947,,
07:58:25.005,0.035305561,0.003000997,0.216155249,-0.05199702,-0.325292729,0.121736664,,
07:58:25.010,0.063393932,0.001360418,0.271926496,-0.036425936,-0.309351368,0.12324644,,
07:58:25.015,0.079139666,0.012136389,0.273091539,-0.013050685,-0.277190645,0.159326262,,
07:58:25.020,0.081833335,0.015718835,0.272194465,0.006231232,-0.254275076,0.219196308,,
07:58:25.025,0.071730331,0.025995841,0.250667329,0.022502289,-0.24552579,0.281147454,,
07:58:25.030,0.058013633,0.03603357,0.212157241,0.041845926,-0.231306145,0.310304886,,
07:58:25.035,0.046864253,0.04705026,0.167396393,0.060435133,-0.209739904,0.291548899,,
07:58:25.040,0.044332985,0.05552879,0.138352558,0.083795522,-0.16201701,0.237088151,,
07:58:25.045,0.051370452,0.059612599,0.14672552,0.115613232,-0.113688311,0.171445121,,
07:58:25.050,0.062260431,0.057761996,0.188795546,0.085283973,-0.03122219,0.117965573,,
07:58:25.055,0.073580132,0.048384304,0.239651399,0.032046682,0.058576171,0.0782214,,
07:58:25.060,0.081629165,0.03036406,0.270432226,-0.017540452,-0.047410032,0.049524764,,
07:58:25.065,0.089378822,0.007598041,0.268035282,-0.083665367,-0.120079249,0.039752774,,
07:58:25.070,0.099797324,-0.017074285,0.240423038,-0.133901034,-0.069176504,0.054911286,,
07:58:25.075,0.11604961,-0.039566909,0.207019733,-0.176230831,-0.053667467,0.089413621,,
07:58:25.080,0.131645035,-0.059349763,0.176734635,-0.196764183,-0.033846593,0.123589588,,
07:58:25.085,0.140358209,-0.077819773,0.145838782,-0.189355834,-0.016020217,0.150686192,,
07:58:25.090,0.146554131,-0.088983721,0.115627866,-0.169339005,-0.007978396,0.180640186,,
07:58:25.095,0.157718474,-0.08361231,0.095408307,-0.165922268,0.007175099,0.212803199,,
07:58:25.100,0.182106732,-0.067748963,0.091044952,-0.159662743,0.02921261,0.234820731,,
07:58:25.105,0.217242523,-0.058871387,0.101268204,-0.134315371,0.019221383,0.23694541,,
07:58:25.110,0.256177264,-0.061291926,0.116011735,-0.128020111,0.075733482,0.219021982,,
07:58:25.115,0.281867093,-0.069856255,0.126313102,-0.169473779,-0.028556031,0.184901436,,
07:58:25.120,0.304979261,-0.072670681,0.13715776,-0.242973808,-0.335113632,0.137980588,,
07:58:25.125,0.324226797,-0.058345024,0.159648774,-0.277876841,-0.425898062,0.090422018,,
07:58:25.130,0.292094829,-0.025427189,0.19613219,-0.306651297,-0.487263653,0.071739162,,
07:58:25.135,0.275250362,0.029855842,0.236685851,-0.298179416,-0.378957717,0.096009196,,
07:58:25.140,0.289469317,0.096011552,0.270315165,-0.27628889,-0.162266835,0.141446086,,
07:58:25.145,0.297271242,0.153750302,0.288846475,-0.289286049,-0.181641974,0.181007747,,
07:58:25.150,0.308338012,0.2001822,0.275123086,-0.314786597,-0.198228779,0.205398723,,
07:58:25.155,0.31809139,0.224828547,0.215121294,-0.32737081,-0.201303041,0.21809421,,
07:58:25.160,0.341521788,0.243920945,0.125443048,-0.200312952,-0.249576174,0.229675294,,
07:58:25.165,0.289490293,0.242278173,0.049026749,-0.108326738,-0.280322991,0.252786762,,
07:58:25.170,0.207089414,0.175123541,0.020400255,-0.122016159,-0.289742834,0.28178877,,
07:58:25.175,0.193321622,0.149423659,0.034729817,-0.131907575,-0.313655824,0.300889941,,
07:58:25.180,0.171336777,0.173549263,0.064714215,-0.15721135,-0.29435736,0.308476367,,
07:58:25.185,0.138511365,0.181511002,0.089491704,-0.18403244,-0.205413099,0.318139665,,
07:58:25.190,0.112447208,0.194338179,0.107982351,-0.225238431,-0.178858846,0.341410754,,
07:58:25.195,0.081388625,0.210461456,0.130199269,-0.262953327,-0.196239514,0.367400935,,
07:58:25.200,0.051998236,0.21519976,0.158630057,-0.284509492,-0.234729663,0.37479885,,
07:58:25.205,0.019200529,0.240589221,0.192562236,-0.312642744,-0.299645896,0.353753108,,
07:58:25.210,-0.016052747,0.220207908,0.223751807,-0.352075139,-0.352348677,0.305527616,,
07:58:25.215,0.038106103,0.1122306,0.272095542,-0.390932475,-0.388907198,0.239389991,,
07:58:25.220,0.107009612,0.065160542,0.330332533,-0.422577665,-0.440850276,0.173027937,,
07:58:25.225,0.089643398,0.049860439,0.401118523,-0.432704659,-0.441118364,0.13199813,,
07:58:25.230,0.074359578,0.022003055,0.473516924,-0.421298473,-0.383443106,0.130832294,,
07:58:25.235,0.066357538,0.007106241,0.385136466,-0.413484605,-0.389801206,0.149818939,,
07:58:25.240,0.043601675,-0.009011877,0.294443466,-0.394860068,-0.417337652,0.161540331,,
07:58:25.245,0.048536342,-0.020076692,0.326033371,-0.357307991,-0.433135394,0.15750436,,
07:58:25.250,0.078982053,-0.020488783,0.340027894,-0.315290563,-0.460948085,0.143079754,,
07:58:25.255,0.068765394,-0.02493305,0.348299836,-0.277194576,-0.485077767,0.136206662,,
07:58:25.260,0.053266721,-0.026399608,0.376775905,-0.240123445,-0.445660214,0.153905566,,
07:58:25.265,0.059502956,-0.031736462,0.364031678,-0.217416086,-0.408039352,0.20163545,,
07:58:25.270,0.078195032,-0.062659652,0.27122323,-0.195470352,-0.411946534,0.269485288,,
07:58:25.275,0.101407827,-0.057727074,0.216107255,-0.147934154,-0.409082443,0.330756652,,
07:58:25.280,0.113762068,-0.036243871,0.175450842,-0.104854692,-0.411924114,0.356264513,,
07:58:25.285,0.115461477,-0.054490161,0.120160289,-0.074116367,-0.419327971,0.337240539,,
07:58:25.290,0.107238845,-0.070551004,0.093112293,-0.10039923,-0.415365715,0.298688076,,
07:58:25.295,0.101055732,-0.085087149,0.094489586,-0.167144017,-0.401838399,0.269063543,,
07:58:25.300,0.104038158,-0.101289452,0.132302038,-0.158052919,-0.407542275,0.251146102,,
07:58:25.305,0.108110358,-0.114885479,0.188624374,-0.146116923,-0.428765008,0.237481693,,
07:58:25.310,0.102400434,-0.13149408,0.235834782,-0.194103233,-0.44056522,0.221127144,,
07:58:25.315,0.084629843,-0.147689884,0.268098391,-0.216544512,-0.443390289,0.193184079,,
07:58:25.320,0.061755823,-0.165672371,0.293229453,-0.210391471,-0.433808214,0.15613962,,
07:58:25.325,0.039278872,-0.183106045,0.320876121,-0.202354401,-0.40916925,0.132279013,,
07:58:25.330,0.024359244,-0.19838358,0.352153025,-0.176385484,-0.363796269,0.13969142,,
07:58:25.335,0.023171406,-0.217518397,0.379454887,-0.135820437,-0.296928939,0.167984622,,
07:58:25.340,0.031650096,-0.22402261,0.398258888,-0.101464274,-0.239803364,0.193949094,,
07:58:25.345,0.04857039,-0.251061283,0.411872471,-0.08010229,-0.162699758,0.201625232,,
07:58:25.350,0.065268868,-0.231444153,0.429087538,-0.075836044,-0.173276951,0.190247869,,
07:58:25.355,0.076069416,-0.115890838,0.453890437,-0.078891658,-0.286331806,0.169879997,,
07:58:25.360,0.100016587,-0.075194628,0.477028083,-0.068616752,-0.291026471,0.14786406,,
07:58:25.365,0.130181821,-0.081499793,0.488640875,-0.070805813,-0.261598083,0.131861242,,
07:58:25.370,0.160501727,-0.089052272,0.483066364,-0.073903229,-0.256850883,0.13828596,,
07:58:25.375,0.192746411,-0.121904177,0.465832838,-0.051503245,-0.236729736,0.176650948,,
07:58:25.380,0.219691585,-0.155975876,0.436658826,-0.016812139,-0.232549766,0.230883471,,
07:58:25.385,0.238580649,-0.187167205,0.384298918,0.014931323,-0.226347993,0.279965127,,
07:58:25.390,0.251739627,-0.204995474,0.318366883,0.036638601,-0.195421125,0.313184363,,
07:58:25.395,0.266403912,-0.207163187,0.25308153,0.018403274,-0.332621263,0.328931877,,
07:58:25.400,0.278760592,-0.200143024,0.203911044,-0.012603111,-0.500657618,0.339481141,,
07:58:25.405,0.281509207,-0.184187855,0.181413395,-0.025395834,-0.511813551,0.350028497,,
07:58:25.410,0.272923122,-0.159632233,0.180009076,-0.035344493,-0.526366848,0.347387142,,
07:58:25.415,0.253359573,-0.132480227,0.186057793,-0.022652306,-0.543227776,0.32202953,,
07:58:25.420,0.230541938,-0.108078157,0.188392479,0.009826966,-0.551697662,0.270056159,,
07:58:25.425,0.209553339,-0.084837083,0.18342989,0.042704931,-0.553116102,0.189546117,,
07:58:25.430,0.187572895,-0.063515729,0.175668942,0.069975986,-0.535685847,0.104151267,,
07:58:25.435,0.164393068,-0.038912041,0.171445023,0.090178909,-0.512386758,0.051755475,,
07:58:25.440,0.141851476,-0.005586517,0.170819556,0.097887852,-0.484705926,0.046918069,,
07:58:25.445,0.125833806,0.024674114,0.1724384,0.102151574,-0.461492036,0.081724969,,
07:58:25.450,0.116896498,0.074108625,0.165963837,0.118767663,-0.441308895,0.13801694,,
07:58:25.455,0.122217455,0.073969738,0.151648182,0.151452824,-0.423520257,0.206078802,,
07:58:25.460,0.140493161,0.006801008,0.13539134,0.20908502,-0.394010981,0.257888389,,
07:58:25.465,0.15264089,0.009903208,0.120362423,0.226929451,-0.34260262,0.271352185,,
07:58:25.470,0.166448311,0.035522504,0.107977946,0.214619836,-0.286630834,0.271664325,,
07:58:25.475,0.191030046,0.046650645,0.0833241,0.244053849,-0.232362153,0.251222961,,
07:58:25.480,0.22135172,0.070185494,0.127965111,0.261432634,-0.208236758,0.213353763,,
07:58:25.485,0.247528477,0.085406404,0.216562314,0.288105861,-0.171608161,0.179055903,,
07:58:25.490,0.263547212,0.102469636,0.247387525,0.289417182,-0.181692988,0.152457352,,
07:58:25.495,0.265987258,0.124043484,0.257723233,0.212980567,-0.275789904,0.138477286,,
07:58:25.500,0.260286914,0.080330061,0.249602015,0.169150163,-0.278146158,0.144549834,,
07:58:25.505,0.250150701,0.037565263,0.227756907,0.136093591,-0.242755072,0.175542722,,
07:58:25.510,0.241246779,0.051309732,0.214455667,0.093968111,-0.226931301,0.219233203,,
07:58:25.515,0.241315776,0.065321346,0.21265599,0.05802367,-0.199939346,0.256089072,,
07:58:25.520,0.246499169,0.091739736,0.224912583,0.009554835,-0.176157911,0.270517874,,
07:58:25.525,0.258698652,0.121000676,0.247604877,-0.031857904,-0.152288721,0.260589898,,
07:58:25.530,0.279293076,0.144664827,0.278839227,-0.103222237,-0.122364202,0.234157164,,
07:58:25.535,0.298808454,0.169571587,0.325038756,-0.066302886,-0.113149486,0.202301661,,
07:58:25.540,0.307718098,0.190439943,0.374236877,0.06439945,-0.126342665,0.181396019,,
07:58:25.545,0.304268742,0.204285447,0.412920318,0.06328788,-0.103682645,0.178184887,,
07:58:25.550,0.297612072,0.213528426,0.422479484,0.037871143,-0.10291302,0.19007965,,
07:58:25.555,0.296049227,0.223818715,0.367615465,0.024093865,-0.134931602,0.205907434,,
07:58:25.560,0.298959062,0.233470791,0.34810985,0.003597682,-0.129244111,0.200294078,,
07:58:25.565,0.305188823,0.238906547,0.370888693,-0.008654557,-0.126784852,0.170972264,,
07:58:25.570,0.307476513,0.234552435,0.330299047,-0.028088087,-0.139053272,0.147145615,,
07:58:25.575,0.30558866,0.222285114,0.294483023,-0.049671532,-0.16779731,0.147194074,,
07:58:25.580,0.300593319,0.207416958,0.284359834,-0.074361204,-0.215864458,0.162946048,,
07:58:25.585,0.293946874,0.198507294,0.264049259,-0.103902684,-0.280339174,0.178226005,,
07:58:25.590,0.287862645,0.207981257,0.242559655,-0.130203629,-0.338109909,0.181953324,,
07:58:25.595,0.274576365,0.231305124,0.216479125,-0.158206283,-0.396436721,0.173046645,,
07:58:25.600,0.250056779,0.252184536,0.188112402,-0.186430355,-0.456574347,0.164524321,,
07:58:25.605,0.226515801,0.263627471,0.163735249,-0.178247665,-0.348935347,0.173337075,,
07:58:25.610,0.202296702,0.267476469,0.146342292,-0.18035343,-0.246249858,0.203084542,,
07:58:25.615,0.171798338,0.270308026,0.13545829,-0.191051291,-0.279521979,0.231897316,,
07:58:25.620,0.129618026,0.27475158,0.128538301,-0.225906978,-0.283230287,0.22749194,,
07:58:25.625,0.084395147,0.283113169,0.125848075,-0.207593115,-0.300884506,0.189910405,,
07:58:25.630,0.053304092,0.290316731,0.136351731,-0.028927982,-0.354273897,0.143900097,,
07:58:25.635,0.013792598,0.274716082,0.171631179,0.050173467,-0.38466859,0.104194543,,
07:58:25.640,0.044475854,0.24011195,0.221482788,0.049772705,-0.396356919,0.082222492,,
07:58:25.645,0.113057057,0.206073599,0.261045988,0.060798735,-0.42323457,0.08701406,,
07:58:25.650,0.100418848,0.181033089,0.269636378,0.03524996,-0.41877956,0.117026275,,
07:58:25.655,0.082824788,0.170432416,0.244080632,-0.003466746,-0.444842836,0.166910471,,
07:58:25.660,0.072069763,0.160542963,0.207168696,-0.022698221,-0.430135497,0.230919023,,
07:58:25.665,0.055209919,0.144222551,0.184329514,0.03818669,-0.14444836,0.297977635,,
07:58:25.670,0.042943977,0.131413205,0.178945321,0.098023626,0.011175734,0.346391084,,
07:58:25.675,0.027450397,0.121437613,0.177350035,0.139210395,0.026791232,0.350113279,,
07:58:25.680,0.013956478,0.104899336,0.173067135,0.179679197,0.060946973,0.307759436,,
07:58:25.685,0.000866809,0.083368653,0.173560241,0.146984661,-0.127865908,0.250662886,,
07:58:25.690,-0.013937043,0.067428561,0.189670837,0.094200377,-0.225918117,0.209478305,,
07:58:25.695,-0.026931475,0.061433446,0.220484922,0.045095152,-0.167475809,0.193730438,,
07:58:25.700,-0.046167,0.067764567,0.253973781,-0.018081077,-0.153386246,0.186946269,,
07:58:25.705,-0.059927691,0.091352161,0.270594022,-0.06604889,-0.125006204,0.164163716,,
07:58:25.710,-0.082990799,0.125941151,0.254324158,-0.105000834,-0.098017542,0.131967663,,
07:58:25.715,-0.099363419,0.16065139,0.213272584,-0.159174197,-0.079907931,0.125153424,,
07:58:25.720,-0.03002322,0.190325538,0.176886419,-0.206752979,-0.043596387,0.158329061,,
07:58:25.725,0.016490181,0.206098554,0.16470129,-0.256842854,-0.029625895,0.203891655,,
07:58:25.730,0.019545549,0.221368888,0.172625512,-0.280443738,-0.002833932,0.21914283,,
07:58:25.735,0.051870484,0.255491343,0.186923651,-0.172168544,-0.000623833,0.196867782,,
07:58:25.740,0.08450345,0.296492845,0.198409483,-0.158067161,-0.287413859,0.170431839,,
07:58:25.745,0.109519298,0.331863018,0.20878056,-0.233796602,-0.501177484,0.172858551,,
07:58:25.750,0.1238869,0.362408144,0.225641188,-0.240865852,-0.486366191,0.216781289,,
07:58:25.755,0.135402586,0.375322672,0.243452079,-0.262030442,-0.510431785,0.282882254,,
07:58:25.760,0.140785889,0.397476177,0.246127503,-0.253663999,-0.380338104,0.325022227,,
07:58:25.765,0.133437612,0.399921993,0.226698927,-0.241027128,-0.244278566,0.309735764,,
07:58:25.770,0.126843101,0.347165009,0.198319896,-0.263689617,-0.274975536,0.254304042,,
07:58:25.775,0.124158442,0.345021977,0.183183156,-0.28034986,-0.276418801,0.204926742,,
07:58:25.780,0.126910226,0.368293519,0.188411105,-0.29885869,-0.298324176,0.184808066,,
07:58:25.785,0.126856961,0.38011483,0.208161294,-0.31480913,-0.28767131,0.179948315,,
07:58:25.790,0.108071139,0.394819824,0.230010618,-0.307520256,-0.176396701,0.170099375,,
07:58:25.795,0.070043597,0.406343234,0.238803303,-0.314283233,-0.144786198,0.159639271,,
07:58:25.800,0.021172099,0.418449848,0.223300015,-0.344776243,-0.153336654,0.15981415,,
07:58:25.805,-0.023046249,0.423289232,0.188151808,-0.270771592,-0.170148703,0.158506,,
07:58:25.810,-0.057902617,0.451845089,0.150685134,-0.176832961,-0.212896572,0.139602711,,
07:58:25.815,-0.079865377,0.390726701,0.121849454,-0.170879158,-0.236680035,0.119622452,,
07:58:25.820,-0.09409063,0.260176569,0.102895219,-0.161362289,-0.256507943,0.124106771,,
07:58:25.825,-0.120598742,0.220644425,0.091907845,-0.160892203,-0.276137001,0.14094567,,
07:58:25.830,-0.143398801,0.188490392,0.089363329,-0.157429308,-0.29905193,0.151846404,,
07:58:25.835,-0.155797343,0.145712758,0.102951943,-0.131682091,-0.310283359,0.167792734,,
07:58:25.840,-0.161332188,0.118882637,0.131697526,-0.102052963,-0.290398087,0.20137239,,
07:58:25.845,-0.119851559,0.111027353,0.160156408,-0.0844655,-0.25059261,0.238627294,,
07:58:25.850,-0.09044273,0.126582084,0.179899893,-0.092723918,-0.226529805,0.251130256,,
07:58:25.855,-0.113821021,0.146558659,0.196072617,-0.131777188,-0.240590284,0.245632461,,
07:58:25.860,-0.128442017,0.173804189,0.215562284,-0.203001026,-0.270579108,0.263964011,,
07:58:25.865,-0.152585757,0.20451654,0.237620087,-0.288180906,-0.291085778,0.328846373,,
07:58:25.870,-0.149020863,0.229971521,0.256753523,-0.36226587,-0.300908498,0.405977975,,
07:58:25.875,-0.104299506,0.24806761,0.267535134,-0.401114508,-0.306925469,0.430430308,,
07:58:25.880,-0.084582123,0.261263535,0.260628796,-0.41300971,-0.317765636,0.421785406,,
07:58:25.885,-0.069905742,0.280316214,0.236865355,-0.43589447,-0.319961636,0.409703383,,
07:58:25.890,-0.05234699,0.301661725,0.215841795,-0.46015991,-0.299840609,0.379109063,,
07:58:25.895,-0.041704876,0.321357755,0.217250955,-0.482708921,-0.270755031,0.354850615,,
07:58:25.900,-0.033913939,0.339113728,0.241437747,-0.487816056,-0.247900601,0.339283231,,
07:58:25.905,-0.025783351,0.354331612,0.266311805,-0.422937316,-0.242320052,0.321399801,,
07:58:25.910,-0.019473268,0.371257247,0.269803705,-0.402584165,-0.235772019,0.300188551,,
07:58:25.915,-0.023044291,0.389554329,0.254466391,-0.415288813,-0.236335586,0.276381213,,
07:58:25.920,-0.03026536,0.403646964,0.236166105,-0.351390326,-0.260435918,0.270715118,,
07:58:25.925,-0.036331857,0.408992815,0.225880083,-0.314385584,-0.282872982,0.306116712,,
07:58:25.930,-0.045310584,0.403682607,0.234508156,-0.309826617,-0.30195384,0.367549841,,
07:58:25.935,-0.05882888,0.387528591,0.267077743,-0.289160698,-0.333420263,0.422112023,,
07:58:25.940,-0.077615552,0.358127014,0.310498609,-0.256303765,-0.380527449,0.450170601,,
07:58:25.945,-0.102034299,0.319428538,0.344798821,-0.215691956,-0.425396499,0.446163741,,
07:58:25.950,-0.126795903,0.286338233,0.370530653,-0.195837637,-0.444312662,0.429803892,,
07:58:25.955,-0.144453363,0.267037812,0.399601601,-0.19847962,-0.442494078,0.421762874,,
07:58:25.960,-0.15560293,0.260913369,0.428765846,-0.201857131,-0.450404418,0.417540664,,
07:58:25.965,-0.166445584,0.266146088,0.448400518,-0.207225585,-0.471839238,0.409808927,,
07:58:25.970,-0.181629849,0.278675692,0.448040757,-0.16419012,-0.492921788,0.391127209,,
07:58:25.975,-0.200356676,0.293229404,0.434483295,-0.141254713,-0.485756,0.354282882,,
07:58:25.980,-0.217552035,0.302856378,0.428036148,-0.194793204,-0.426444169,0.315595837,,
07:58:25.985,-0.224649914,0.308450273,0.449537722,-0.180524128,-0.351382444,0.293181086,,
07:58:25.990,-0.218582627,0.31329408,0.490980024,-0.138355357,-0.262583375,0.291867733,,
07:58:25.995,-0.20078075,0.317297572,0.497032578,-0.113306079,-0.180760284,0.327441713,,
07:58:26.000,-0.178501762,0.315038161,0.488717787,-0.082875175,-0.122057009,0.409531763,,
07:58:26.005,-0.163233748,0.29908139,0.52195292,-0.05120663,-0.030563165,0.519159222,,
07:58:26.010,-0.155082338,0.275142408,0.494399375,-0.051118194,-0.10937695,0.608261122,,
07:58:26.015,-0.142784312,0.254269842,0.368341162,-0.066933097,-0.266622477,0.632634045,,
07:58:26.020,-0.121984585,0.234429816,0.300925018,-0.048217693,-0.247764052,0.595822183,,
07:58:26.025,-0.094732184,0.213874546,0.286276478,-0.029439424,-0.231512293,0.544069052,,
07:58:26.030,-0.063923972,0.195016675,0.303697513,-0.013986323,-0.226457053,0.533605849,,
07:58:26.035,-0.033659783,0.186315471,0.369396816,0.006466882,-0.207872513,0.576168311,,
07:58:26.040,-0.002931815,0.196754287,0.448212889,0.020483952,-0.20001892,0.612451165,,
07:58:26.045,0.025188258,0.210036133,0.513304618,0.042290909,-0.185787295,0.580106867,,
07:58:26.050,0.04356949,0.211016431,0.544894793,0.056209135,-0.173542149,0.480451108,,
07:58:26.055,0.049122309,0.198752236,0.551837251,0.074212432,-0.163631571,0.379428937,,
07:58:26.060,0.056048693,0.186614694,0.560914107,0.100451829,-0.146780882,0.344043712,,
07:58:26.065,0.087709913,0.193766311,0.585644965,-0.009485175,-0.121810929,0.368869007,,
07:58:26.070,0.07583757,0.211713002,0.617905785,-0.110697075,-0.065060671,0.396619324,,
07:58:26.075,0.040277998,0.227441169,0.618315643,-0.107475595,-0.09955147,0.390616554,,
07:58:26.080,0.057576295,0.230273419,0.557653926,-0.118573269,-0.271889168,0.374314046,,
07:58:26.085,0.075414239,0.214088992,0.456904816,-0.0857095,-0.301914899,0.393271178,,
07:58:26.090,0.090898684,0.190289303,0.367155745,-0.057264052,-0.237597695,0.44568714,,
07:58:26.095,0.109746461,0.172250709,0.318193457,-0.068225387,-0.200454858,0.474673882,,
07:58:26.100,0.124331817,0.164594388,0.288600846,-0.074070139,-0.17760288,0.423264852,,
07:58:26.105,0.140203213,0.165154808,0.265717541,-0.100305503,-0.170840058,0.317809382,,
07:58:26.110,0.153240037,0.182004377,0.228560988,-0.140367713,-0.152989373,0.226073081,,
07:58:26.115,0.164433277,0.22223449,0.214025594,-0.226102414,-0.125487888,0.190403205,,
07:58:26.120,0.173867384,0.281422609,0.298368871,-0.333341348,-0.107179204,0.260423968,,
07:58:26.125,0.181387246,0.347833124,0.329303773,-0.243493779,-0.13528791,0.30803276,,
07:58:26.130,0.193029248,0.401979551,0.338704775,-0.156891918,-0.162592176,0.284398806,,
07:58:26.135,0.20215821,0.429442106,0.384354326,-0.19425584,-0.150307253,0.306781033,,
07:58:26.140,0.220991504,0.433702537,0.342472394,-0.199668204,-0.137036056,0.305499781,,
07:58:26.145,0.233545933,0.426400667,0.289925596,-0.217973876,-0.146625878,0.262218884,,
07:58:26.150,0.248605528,0.414206294,0.270905389,-0.244689941,-0.190353514,0.229491698,,
07:58:26.155,0.277480418,0.41662395,0.273433464,-0.270432014,-0.252250156,0.223167246,,
07:58:26.160,0.140295677,0.421984412,0.285922065,-0.297491463,-0.302744158,0.278481252,,
07:58:26.165,-0.012221472,0.399885503,0.27895711,-0.332179175,-0.395875274,0.386607585,,
07:58:26.170,-0.021951557,0.403798527,0.258923722,-0.35125789,-0.422013033,0.503424776,,
07:58:26.175,-0.019445409,0.403262216,0.243270041,-0.344313972,-0.292574966,0.594340712,,
07:58:26.180,0.001993433,0.357569164,0.239255741,-0.353841448,-0.269830627,0.629196908,,
07:58:26.185,0.011070792,0.3534688,0.263592748,-0.373328114,-0.300641746,0.633162914,,
07:58:26.190,-0.003588379,0.3785655,0.324487489,-0.401246953,-0.292007014,0.582618324,,
07:58:26.195,-0.020755382,0.39892558,0.419628408,-0.314853343,-0.35131562,0.483565731,,
07:58:26.200,-0.038410763,0.413320146,0.514809879,-0.173779164,-0.295546328,0.474880948,,
07:58:26.205,-0.048412794,0.416953596,0.581883102,-0.117826238,-0.152637238,0.50169306,,
07:58:26.210,-0.052698184,0.423594678,0.656897291,-0.097755543,-0.133314248,0.508782229,,
07:58:26.215,-0.041379336,0.44390125,0.579806669,-0.114251073,-0.131882928,0.5320041,,
07:58:26.220,-0.042423844,0.474056551,0.437112085,-0.14465006,-0.158308119,0.540137913,,
07:58:26.225,-0.063165723,0.494962272,0.4565559,-0.157142189,-0.233134657,0.563204937,,
07:58:26.230,-0.077632817,0.493827119,0.474527447,-0.154100222,-0.304806721,0.568108243,,
07:58:26.235,-0.091122908,0.474625841,0.48540114,-0.145909829,-0.352352964,0.406260964,,
07:58:26.240,-0.104591359,0.449801103,0.505684592,-0.143226909,-0.371530371,0.22151966,,
07:58:26.245,-0.117179461,0.425994856,0.513264743,-0.15179776,-0.372335432,0.13429766,,
07:58:26.250,-0.130997365,0.406384503,0.546017375,-0.180687212,-0.346844232,0.129074381,,
07:58:26.255,-0.146066191,0.400304312,0.456867649,-0.219105824,-0.303311039,0.225088991,,
07:58:26.260,-0.161510024,0.409381508,0.314417325,-0.242388816,-0.268684884,0.376225311,,
07:58:26.265,-0.180376573,0.422295005,0.261517386,-0.251040853,-0.252933388,0.525127347,,
07:58:26.270,-0.193501699,0.430140155,0.207236549,-0.250463313,-0.260924354,0.597309557,,
07:58:26.275,-0.212240965,0.427387339,0.182260498,-0.23233769,-0.296396135,0.546835598,,
07:58:26.280,-0.223908027,0.406067547,0.215610055,-0.198374538,-0.345154343,0.430598179,,
07:58:26.285,-0.230547805,0.363844448,0.297668078,-0.183453938,-0.359534824,0.362627125,,
07:58:26.290,-0.259799832,0.299659267,0.41312568,-0.216398322,-0.316267181,0.40204248,,
07:58:26.295,-0.123724017,0.249429759,0.515333264,-0.270195576,-0.273482415,0.49786781,,
07:58:26.300,0.043944888,0.217356376,0.573265398,-0.304452413,-0.280765061,0.555322962,,
07:58:26.305,0.044876267,0.178882151,0.565224625,-0.307534581,-0.314807124,0.543368193,,
07:58:26.310,0.02515836,0.229032234,0.492017934,-0.290964897,-0.325306168,0.499847887,,
07:58:26.315,-0.006466298,0.293821081,0.399893119,-0.259027039,-0.310227153,0.461771875,,
07:58:26.320,-0.031967189,0.271290499,0.34373142,-0.220108586,-0.29036253,0.437707972,,
07:58:26.325,-0.044058521,0.254071075,0.334165286,-0.188480724,-0.271420617,0.426594159,,
07:58:26.330,-0.062448483,0.239829813,0.330196789,-0.168902566,-0.256753739,0.436767243,,
07:58:26.335,-0.0831106,0.219894422,0.295649416,-0.15276476,-0.251932398,0.473054908,,
07:58:26.340,-0.105993445,0.204330205,0.250617376,-0.137014141,-0.25776794,0.511713282,,
07:58:26.345,-0.122230244,0.186759598,0.236747459,-0.109740856,-0.26432896,0.525004747,,
07:58:26.350,-0.133273457,0.17021341,0.264442583,-0.059904754,-0.271467605,0.518409274,,
07:58:26.355,-0.144214581,0.155368965,0.312013595,-0.002587768,-0.281320336,0.505746278,,
07:58:26.360,-0.154615886,0.13680514,0.351638155,0.088087074,-0.304339468,0.47677299,,
07:58:26.365,-0.167124356,0.123338627,0.364106365,0.06605455,-0.302178708,0.432292075,,
07:58:26.370,-0.174828514,0.105089971,0.354848233,-0.040841551,-0.257450233,0.403403983,,
07:58:26.375,-0.166810751,0.090753877,0.349899394,-0.023064685,-0.218668993,0.39577961,,
07:58:26.380,-0.145311582,0.146672246,0.365617664,0.009029367,-0.177802697,0.375015317,,
07:58:26.385,-0.112486312,0.180232206,0.394590894,0.021509017,-0.146389726,0.310668567,,
07:58:26.390,-0.078455366,0.149693516,0.40959874,0.051800011,-0.099974789,0.229513583,,
07:58:26.395,-0.046376128,0.128213268,0.405216958,0.076518386,-0.050888812,0.196438968,,
07:58:26.400,-0.015575883,0.122142393,0.3940711,0.071093516,-0.110028676,0.226489571,,
07:58:26.405,-0.005380493,0.146734598,0.372229455,0.101517502,-0.156678542,0.281811809,,
07:58:26.410,-0.0266664,0.203165868,0.321419759,0.038554825,-0.113934564,0.296028567,,
07:58:26.415,-0.06254834,0.274616947,0.225896986,-0.062163497,-0.082490221,0.279058671,,
07:58:26.420,-0.094363568,0.337966261,0.123443938,0.038702184,-0.090279695,0.266310424,,
07:58:26.425,-0.114580963,0.378115389,0.024907344,0.140087722,-0.082915966,0.24438778,,
07:58:26.430,-0.12190032,0.388487885,0.011582403,0.154467983,-0.111144516,0.283303319,,
07:58:26.435,-0.115585097,0.400310056,0.140795266,0.129257611,-0.217849816,0.309663596,,
07:58:26.440,-0.084758497,0.399547645,0.186031317,0.09024326,-0.338844159,0.259485992,,
07:58:26.445,-0.027091538,0.340163417,0.15208823,0.06327669,-0.452089595,0.228412494,,
07:58:26.450,0.025807652,0.327438455,0.143043021,0.027202529,-0.565668252,0.213400818,,
07:58:26.455,0.050080966,0.355902776,0.157611383,-0.018125011,-0.574974749,0.215885355,,
07:58:26.460,0.053038612,0.366581018,0.151871183,-0.05222286,-0.361163834,0.264212033,,
07:58:26.465,0.052876702,0.384144091,0.103623271,-0.101927039,-0.262887826,0.343646999,,
07:58:26.470,0.059489954,0.400217512,0.066134453,-0.140259494,-0.302857514,0.39516097,,
07:58:26.475,0.06647657,0.414947681,0.047823924,-0.142700211,-0.302565829,0.365305365,,
07:58:26.480,0.069565307,0.434025669,0.052236606,-0.125073337,-0.326856762,0.2807479,,
07:58:26.485,0.070468218,0.44401304,0.037029486,-0.092583817,-0.350365107,0.201969744,,
07:58:26.490,0.064163829,0.467771375,0.06095641,-0.074193916,-0.360943878,0.130366366,,
07:58:26.495,0.049924141,0.462495215,0.144975968,-0.089527455,-0.392144497,0.060305431,,
07:58:26.500,0.037222987,0.387166368,0.209179313,-0.093414397,-0.3375116,-0.021962906,,
07:58:26.505,0.028198263,0.352502791,0.264900789,-0.051089617,-0.225729729,-0.041207071,,
07:58:26.510,0.025410547,0.346504785,0.299797875,0.024671616,-0.209515283,0.066171144,,
07:58:26.515,0.017991806,0.343842483,0.283611172,0.118690134,-0.213107509,0.099257247,,
07:58:26.520,0.00297821,0.368898598,0.222906723,0.189048374,-0.233356925,0.060747854,,
07:58:26.525,0.001858065,0.402907191,0.142344803,0.220649509,-0.278986984,0.067577555,,
07:58:26.530,0.021126066,0.422363996,0.06802991,0.219267147,-0.302729562,0.029141148,,
07:58:26.535,0.045248781,0.395422331,0.012114229,0.189134968,-0.297507122,0.046811924,,
07:58:26.540,0.06759478,0.335622295,-0.013964839,0.144217871,-0.273423964,0.317504249,,
07:58:26.545,0.092369377,0.292061741,0.001355781,0.101125696,-0.263737184,0.68176132,,
07:58:26.550,0.10777,0.281679482,0.031818349,0.067520193,-0.28274295,0.757100648,,
07:58:26.555,0.099872437,0.28509943,0.050516406,0.024570783,-0.333066509,0.382910568,,
07:58:26.560,0.087327424,0.292650858,0.055533932,-0.013876684,-0.402537854,0.248664438,,
07:58:26.565,0.102805033,0.309653501,0.098989616,-0.038697712,-0.447375487,0.321495453,,
07:58:26.570,0.152651142,0.326737786,0.207663274,-0.056893842,-0.465822461,0.308131051,,
07:58:26.575,0.212437623,0.33775839,0.331054374,-0.101236235,-0.44644259,0.335959005,,
07:58:26.580,0.252580562,0.354991294,0.511367686,-0.166036053,-0.422222395,0.348885864,,
07:58:26.585,0.255432865,0.385794312,0.478902013,-0.236315058,-0.417267895,0.363145709,,
07:58:26.590,0.221829978,0.421165389,0.254596293,-0.320877766,-0.414731269,0.380945186,,
07:58:26.595,0.177242889,0.44789784,0.255260108,-0.251459981,-0.424497761,0.395147175,,
07:58:26.600,0.145717928,0.456306818,0.286342042,-0.135372895,-0.429636547,0.411433432,,
07:58:26.605,0.136774211,0.447934656,0.287639445,-0.156350164,-0.423335347,0.426267145,,
07:58:26.610,0.146923013,0.43240306,0.312700951,-0.181701212,-0.449919658,0.444661129,,
07:58:26.615,0.164681638,0.419290943,0.322688034,-0.208367522,-0.545028293,0.45310786,,
07:58:26.620,0.177258328,0.412322126,0.340118976,-0.236442831,-0.570774943,0.484474884,,
07:58:26.625,0.180676418,0.406871693,0.355172621,-0.237289891,-0.502570995,0.449111991,,
07:58:26.630,0.178472032,0.391260332,0.370013617,-0.244699659,-0.512074377,0.356036877,,
07:58:26.635,0.175657826,0.364089311,0.385968099,-0.297307548,-0.523641623,0.370440918,,
07:58:26.640,0.165970451,0.338811736,0.400750096,-0.142722001,-0.559177283,0.406629484,,
07:58:26.645,0.135932086,0.329592494,0.416553539,0.113132353,-0.644691658,0.425458053,,
07:58:26.650,0.096628055,0.320108253,0.431341554,0.160356583,-0.576833284,0.424184811,,
07:58:26.655,0.078548863,0.293379409,0.44734355,0.15459298,-0.44541432,0.390816968,,
07:58:26.660,0.094048592,0.253228006,0.461966684,0.096011268,-0.412179564,0.36924662,,
07:58:26.665,0.11203902,0.20653595,0.477560033,0.00746143,-0.416151466,0.329467459,,
07:58:26.670,0.104282684,0.160564427,0.493997252,-0.061745756,-0.454061989,0.246168141,,
07:58:26.675,0.082983349,0.089104729,0.50539882,-0.121404635,-0.500400687,0.11728056,,
07:58:26.680,0.043990236,0.104907669,0.529082903,-0.168998833,-0.519109073,0.056112248,,
07:58:26.685,0.004796607,0.18940433,0.530408239,-0.215813989,-0.509097912,0.206455409,,
07:58:26.690,-0.048392741,0.17400474,0.566193276,-0.254821472,-0.477402128,0.291882085,,
07:58:26.695,-0.090685408,0.149230681,0.539286926,-0.278463063,-0.446453052,0.238787882,,
07:58:26.700,-0.026062371,0.14389113,0.271135385,-0.282065741,-0.431829985,0.279696021,,
07:58:26.705,0.004268317,0.133000726,0.116457831,-0.274534319,-0.424398569,0.335118834,,
07:58:26.710,-0.01959078,0.108060047,0.069248835,-0.267297705,-0.404486452,0.30163677,,
07:58:26.715,-0.036188669,0.113881359,0.033431243,-0.252436661,-0.370460598,0.277730104,,
07:58:26.720,-0.047661645,0.162537637,0.218969884,-0.21448956,-0.337801787,0.269040754,,
07:58:26.725,-0.075098194,0.129360381,0.329092438,-0.15523824,-0.323275765,0.242884014,,
07:58:26.730,-0.058053537,0.074540058,0.286500224,-0.099793605,-0.324412247,0.098728422,,
07:58:26.735,0.133975467,0.062065388,0.281974381,-0.067014006,-0.329008541,0.018174137,,
07:58:26.740,0.238446927,0.02780366,0.26434365,-0.068894782,-0.322712293,0.133963964,,
07:58:26.745,0.22793049,-0.006719436,0.247967912,-0.110317454,-0.303417178,0.141926642,,
07:58:26.750,0.220330829,0.014768776,0.235044178,-0.160173802,-0.308701004,0.110871053,,
07:58:26.755,0.180299259,0.011326279,0.217944884,-0.234947883,-0.296979393,0.107688563,,
07:58:26.760,0.130235267,-0.011752123,0.204012652,-0.300870142,-0.281142014,0.085915905,,
07:58:26.765,0.06158649,0.027710558,0.188269638,-0.306456704,-0.289842014,0.074260294,,
07:58:26.770,-0.002320515,0.069218182,0.173276424,-0.264504329,-0.287978883,0.058593056,,
07:58:26.775,-0.048150116,0.093860677,0.158154038,-0.185009565,-0.282889799,0.04346994,,
07:58:26.780,-0.083015722,0.114134833,0.142892846,-0.093183449,-0.26278473,0.02924993,,
07:58:26.785,-0.091278608,0.112095419,0.127833034,0.012949281,-0.245985987,0.013867348,,
07:58:26.790,-0.079086528,0.109261441,0.112599309,0.102625898,-0.243888545,-0.000618483,,
07:58:26.795,-0.063133672,0.121822715,0.097477144,0.189887562,-0.250139212,-0.015628316,,
07:58:26.800,-0.055719424,0.148061582,0.082307121,0.16348772,-0.242029174,-0.03038015,,
07:58:26.805,-0.054313717,0.177659813,0.067134827,0.00737423,-0.229401743,-0.045288663,,
07:58:26.810,-0.03666347,0.209974091,0.052024738,-0.016019744,-0.258678209,-0.059996424,,
07:58:26.815,0.000841955,0.245830848,0.036753949,0.0036068,-0.309343382,-0.075026669,,
07:58:26.820,0.037535229,0.275812756,0.02177208,0.004001084,-0.34329959,-0.089665872,,
07:58:26.825,0.052250673,0.302217107,0.006403079,0.020113545,-0.359686712,-0.104500508,,
07:58:26.830,0.039893376,0.273820643,-0.008632865,-0.008224698,-0.369566371,-0.119893722,,
07:58:26.835,-0.000393281,0.227540184,-0.023586106,0.001099618,-0.397297318,-0.133099961,,
07:58:26.840,-0.057952184,0.23765672,-0.039676899,0.062260302,-0.423487404,-0.151091462,,
07:58:26.845,-0.106318846,0.249964789,-0.052734376,0.098564292,-0.420677471,-0.161265759,,
07:58:26.850,-0.133532958,0.260524323,-0.071393642,0.096314317,-0.389211004,-0.181011743,,
07:58:26.855,-0.145358959,0.276608675,-0.082191768,0.103610415,-0.340706839,-0.194115116,,
07:58:26.860,-0.163925585,0.289216928,-0.100455697,0.144770386,-0.283638965,-0.200665434,,
07:58:26.865,-0.191935428,0.302291193,-0.118413399,0.147627696,-0.210778439,-0.248193027,,
07:58:26.870,-0.221169022,0.31478335,-0.116688695,0.061108376,-0.129688065,-0.035531976,,
07:58:26.875,-0.242300248,0.328328526,-0.178155892,-0.011876261,-0.084781257,0.235832697,,
07:58:26.880,-0.253694728,0.341929872,-0.002266553,-0.064804827,-0.078569493,0.206739858,,
07:58:26.885,-0.269396306,0.357664798,0.286587827,-0.122249071,-0.098996397,0.217182796,,
07:58:26.890,-0.26622841,0.370403702,0.417190498,-0.139264605,-0.150553643,0.240580757,,
07:58:26.895,-0.260620616,0.390400104,0.470901324,-0.175845681,-0.213086307,0.084759286,,
07:58:26.900,-0.243424487,0.404648168,0.194605413,-0.282885871,-0.275177668,0.025598094,,
07:58:26.905,-0.173504435,0.42537348,0.072600848,-0.225274704,-0.369660017,0.064618437,,
07:58:26.910,-0.091279298,0.464044373,0.140014885,-0.124745212,-0.447330978,0.069317254,,
07:58:26.915,-0.00222095,0.344998123,0.129483439,-0.160772095,-0.459066826,0.089124311,,
07:58:26.920,0.055839744,0.219274816,0.155027009,-0.169562575,-0.439840169,0.104255558,,
07:58:26.925,0.053525521,0.249709437,0.168788155,-0.175653149,-0.393147274,0.118914664,,
07:58:26.930,0.02212599,0.286663261,0.18199203,-0.179884762,-0.341676421,0.135808063,,
07:58:26.935,-0.017272888,0.326558346,0.200142594,-0.191703763,-0.287539723,0.150503797,,
07:58:26.940,-0.058196428,0.353828908,0.213313649,-0.18917955,-0.255288528,0.166697095,,
07:58:26.945,-0.097758007,0.354014842,0.229766421,-0.218672086,-0.252056128,0.182131435,,
07:58:26.950,-0.117421965,0.341211324,0.244862716,-0.221193726,-0.247970398,0.197794352,,
07:58:26.955,-0.101784113,0.319464076,0.259826214,0.020317211,-0.275208853,0.213513601,,
07:58:26.960,-0.064144504,0.290596325,0.275705066,0.097666909,-0.28017438,0.229108468,,
07:58:26.965,-0.021708212,0.24690066,0.290848587,-0.03715541,-0.266517485,0.244708484,,
07:58:26.970,0.016698884,0.195936406,0.305162408,-0.121541987,-0.274093985,0.260584994,,
07:58:26.975,0.035242292,0.150563534,0.32376572,-0.218926305,-0.277114594,0.275775669,,
07:58:26.980,0.018345722,0.118873957,0.332550806,-0.281784804,-0.290136323,0.292086496,,
07:58:26.985,-0.046610512,0.128750562,0.357773371,-0.281826004,-0.32337078,0.307104857,,
07:58:26.990,-0.14602484,0.165378517,0.361963346,-0.235867658,-0.367059273,0.322766571,,
07:58:26.995,-0.239769426,0.183566577,0.383682794,-0.181139808,-0.407882957,0.340092126,,
07:58:27.000,-0.303391336,0.220141786,0.409114271,-0.143996908,-0.4360164,0.350902663,,
07:58:27.005,-0.322020015,0.243795774,0.133160406,-0.111618183,-0.442887793,0.375977939,,
07:58:27.010,-0.289218,0.23480149,-0.031785044,-0.09243158,-0.41862042,0.377152096,,
07:58:27.015,-0.214359092,0.216040662,0.118337134,-0.091411943,-0.384328253,0.410948416,,
07:58:27.020,-0.126679689,0.190617225,0.24161517,-0.09739746,-0.358478983,0.403196467,,
07:58:27.025,-0.06953995,0.175458925,0.337047159,-0.101780004,-0.348261046,0.178402126,,
07:58:27.030,-0.061695008,0.185096497,0.352175271,-0.101888368,-0.369767237,0.125485697,,
07:58:27.035,-0.092192336,0.221278928,0.258729877,-0.089320024,-0.410658599,0.216680691,,
07:58:27.040,-0.14366614,0.268068031,0.151324487,-0.054029454,-0.436201349,0.234060468,,
07:58:27.045,-0.190447674,0.306361208,0.010048723,-0.020505574,-0.42198639,0.295436981,,
07:58:27.050,-0.217081976,0.329010485,-0.094802556,-0.007261061,-0.384770995,0.367342755,,
07:58:27.055,-0.231181331,0.338119811,0.060532707,0.018566099,-0.375799792,0.414362871,,
07:58:27.060,-0.233605845,0.340897249,0.154082234,0.060300305,-0.408760893,0.442983842,,
07:58:27.065,-0.216189001,0.344941052,0.106498218,0.059751415,-0.427020244,0.47026256,,
07:58:27.070,-0.191899236,0.34829376,0.105059297,0.031914372,-0.394746062,0.50881332,,
07:58:27.075,-0.17962455,0.33736411,0.086074376,0.020650243,-0.347129589,0.536608906,,
07:58:27.080,-0.180601302,0.30682005,0.069617742,0.015033063,-0.314996145,0.532824425,,
07:58:27.085,-0.192538281,0.267907181,0.057969419,0.027489427,-0.295796389,0.499267485,,
07:58:27.090,-0.219204661,0.237189896,0.038718437,0.044066051,-0.268937601,0.455218313,,
07:58:27.095,-0.257816905,0.231588551,0.027105918,0.052569145,-0.22885362,0.408980552,,
07:58:27.100,-0.300044736,0.255296923,0.010471511,0.064791065,-0.205642902,0.37048924,,
07:58:27.105,-0.344954387,0.2994444,-0.008435725,0.071297962,-0.218279444,0.385284799,,
07:58:27.110,-0.385367973,0.350826189,0.005486047,0.074739714,-0.271860139,0.464881242,,
07:58:27.115,-0.406462722,0.391733195,-0.033043908,0.096815937,-0.356222462,0.536854286,,
07:58:27.120,-0.394646199,0.409701427,-0.06948055,0.119158178,-0.428610171,0.537235527,,
07:58:27.125,-0.342807355,0.41706103,-0.062340362,0.105199522,-0.468758165,0.482534033,,
07:58:27.130,-0.263268462,0.433846956,-0.080982297,0.065744826,-0.491254223,0.429802228,,
07:58:27.135,-0.180785962,0.443946895,-0.090090534,0.036843694,-0.497988671,0.418959139,,
07:58:27.140,-0.094752592,0.437177436,-0.125600189,0.033437092,-0.475007776,0.446086298,,
07:58:27.145,-0.023114458,0.433697649,-0.016123671,0.044222123,-0.429092071,0.423276177,,
07:58:27.150,0.015225853,0.437407618,0.134028628,0.04931375,-0.380490538,0.335679938,,
07:58:27.155,0.047911869,0.444163954,0.086141002,0.033469373,-0.338712182,0.181831201,,
07:58:27.160,-0.026519282,0.439390532,0.007474459,-0.007660337,-0.301229523,0.039298475,,
07:58:27.165,-0.128574654,0.422214904,-0.058471035,-0.054752963,-0.273300854,0.198121268,,
07:58:27.170,-0.10894537,0.407220076,-0.102687451,-0.076171136,-0.273056956,0.336016907,,
07:58:27.175,-0.088827148,0.387387084,-0.104196168,-0.060428869,-0.312652946,0.286669109,,
07:58:27.180,-0.076441402,0.369088215,-0.100953619,-0.024804862,-0.390515162,0.283628392,,
07:58:27.185,-0.057134405,0.365128277,-0.126715391,0.014910047,-0.481952801,0.267437144,,
07:58:27.190,-0.044284883,0.36848722,-0.193109738,0.058517434,-0.544687299,0.249809685,,
07:58:27.195,-0.029498988,0.370396964,-0.263925893,0.092948662,-0.554121456,0.238471819,,
07:58:27.200,-0.012209613,0.369297506,-0.296228011,0.081168525,-0.520282159,0.221019869,,
07:58:27.205,0.001229955,0.352607305,-0.274255929,0.018597564,-0.492863317,0.207588068,,
07:58:27.210,0.024499555,0.306687397,-0.217668993,-0.037049686,-0.513673824,0.192362484,,
07:58:27.215,0.043418929,0.247383444,-0.163899403,-0.050534478,-0.558688562,0.177370712,,
07:58:27.220,-0.004230623,0.204580781,-0.137857477,-0.050912489,-0.574913505,0.162747898,,
07:58:27.225,-0.026965578,0.198063493,-0.135052474,-0.052759014,-0.550947989,0.14827594,,
07:58:27.230,-0.001108586,0.217619795,-0.129508237,-0.037707217,-0.517250812,0.131832631,,
07:58:27.235,0.037796991,0.22163696,-0.096397871,-0.004949523,-0.486199273,0.120538904,,
07:58:27.240,0.089367076,0.225687896,-0.048452259,0.028070067,-0.441401347,0.100061772,,
07:58:27.245,0.151705943,0.242480108,0.004663388,0.049629821,-0.386722386,0.092034946,,
07:58:27.250,0.225995955,0.235636662,0.057926395,0.076460033,-0.361001929,0.072320731,,
07:58:27.255,0.192365729,0.215524468,0.105650504,0.115305954,-0.379013413,0.054236705,,
07:58:27.260,0.155113616,0.198183756,0.157546745,0.135262747,-0.394771897,0.210679779,,
07:58:27.265,0.183864416,0.184848346,0.092011554,0.142342945,-0.385951555,0.34833293,,
07:58:27.270,0.194842143,0.171454937,-0.001735153,0.15300483,-0.348290032,0.372063582,,
07:58:27.275,0.216701538,0.158270729,0.023430789,0.161005384,-0.306347305,0.438169339,,
07:58:27.280,0.222905013,0.143808666,0.03623836,0.144714447,-0.293232346,0.554295004,,
07:58:27.285,0.259999482,0.132488926,0.051056146,0.116326836,-0.310313464,0.499422125,,
07:58:27.290,0.21755729,0.112978478,0.068873661,0.118996312,-0.362322902,0.313179041,,
07:58:27.295,0.061439392,0.082204153,0.030179446,0.148680043,-0.431163974,0.314494227,,
07:58:27.300,0.05488949,0.06632431,0.075925613,0.171994261,-0.489019528,0.343595967,,
07:58:27.305,0.091137316,0.054916466,0.155513078,0.137040231,-0.516676018,0.347786708,,
07:58:27.310,0.086775639,0.03936918,0.138233156,0.025137057,-0.51787087,0.371212567,,
07:58:27.315,0.100146573,0.025391451,0.136245861,-0.090861349,-0.537431089,0.382707075,,
07:58:27.320,0.12269808,0.01303666,0.160102975,-0.184625264,-0.572354632,0.399930155,,
07:58:27.325,0.15735904,0.000497806,0.171393478,-0.22153648,-0.600277795,0.415453588,,
07:58:27.330,0.181285942,-0.010887737,0.184359561,-0.262298259,-0.62596289,0.430658911,,
07:58:27.335,0.177398796,-0.027987323,0.213155739,-0.273887056,-0.627170053,0.446866682,,
07:58:27.340,0.144013273,-0.044427781,0.150907611,-0.133854562,-0.573693501,0.462048472,,
07:58:27.345,0.092567,-0.033862668,0.044424506,-0.103530701,-0.562580989,0.478093722,,
07:58:27.350,0.050269755,-0.021119992,0.018231098,-0.128990879,-0.513793972,0.493393168,,
07:58:27.355,0.018781733,-0.007595965,-0.015345595,-0.098134293,-0.346515766,0.509357412,,
07:58:27.360,-0.007461596,0.014934182,-0.032902557,-0.106071728,-0.233317729,0.524921218,,
07:58:27.365,-0.011728658,0.013917753,0.011626703,-0.086826415,-0.166136348,0.54007362,,
07:58:27.370,0.004979312,-0.010141852,0.098201313,-0.116394028,-0.041374784,0.557416445,,
07:58:27.375,0.029156317,-0.033778852,0.193722447,-0.030394704,-0.099450367,0.569567553,,
07:58:27.380,0.060701085,-0.040814078,0.265491007,0.253310304,-0.369545236,0.590801629,,
07:58:27.385,0.08537175,-0.025551671,0.309287558,0.337517526,-0.404577108,0.599536351,,
07:58:27.390,0.08970359,-0.003850458,0.323607264,0.349609494,-0.370593956,0.621226488,,
07:58:27.395,0.079252061,0.003792025,0.316947549,0.316799902,-0.362977847,0.63305816,,
07:58:27.400,0.05846899,-0.003614105,0.30842467,0.138546921,-0.303579699,0.441308958,,
07:58:27.405,0.013335503,-0.015593652,0.297116902,0.10612444,-0.285383224,0.265921993,,
07:58:27.410,-0.057753671,-0.015830484,0.266901426,0.144130173,-0.276371317,0.202189576,,
07:58:27.415,-0.134258377,0.007867505,0.210350959,0.149581671,-0.261391314,0.072564444,,
07:58:27.420,-0.210154014,0.043748176,0.150267605,0.173497349,-0.251032194,0.179720529,,
07:58:27.425,-0.186130749,0.084850553,0.111226336,0.188772482,-0.238582036,0.396994473,,
07:58:27.430,-0.115067565,0.120298715,0.088263283,0.206232831,-0.225040204,0.375941804,,
07:58:27.435,-0.137262497,0.146419342,0.068237287,0.22531008,-0.215886671,0.355096251,,
07:58:27.440,-0.160099088,0.172521805,0.049051206,0.240591061,-0.199809851,0.351009861,,
07:58:27.445,-0.16303631,0.183865608,0.050055102,0.260936181,-0.190617571,0.324010064,,
07:58:27.450,-0.206084024,0.17171847,0.085022635,0.275989723,-0.180416475,0.322243528,,
07:58:27.455,-0.108126271,0.156118143,0.126121785,0.294566946,-0.153321674,0.293612403,,
07:58:27.460,0.072511067,0.171136656,0.121899494,0.297608289,-0.276700821,0.290956883,,
07:58:27.465,0.087896945,0.192409758,0.066564684,0.191931491,-0.399401919,0.273008603,,
07:58:27.470,0.0919816,0.206767271,0.008357235,0.120179472,-0.379310371,0.236038226,,
07:58:27.475,0.119994176,0.22544463,-0.016949045,0.157310015,-0.376125706,0.54803253,,
07:58:27.480,0.204374765,0.249649922,-0.021017742,0.179180914,-0.389752946,0.796788719,,
07:58:27.485,0.2474316,0.269180983,-0.026911663,0.20428503,-0.438162207,0.823913851,,
07:58:27.490,0.09063717,0.269157353,-0.022845164,0.217324292,-0.48844474,0.784427895,,
07:58:27.495,0.038588186,0.279218107,0.012605532,0.221765898,-0.503350366,0.536608491,,
07:58:27.500,0.076638877,0.298708141,0.070122883,0.236853495,-0.49614219,0.505547164,,
07:58:27.505,0.077457543,0.314185765,0.136469478,0.247344673,-0.44851319,0.552283308,,
07:58:27.510,0.096110286,0.331684777,0.206267948,0.263336317,-0.426427331,0.537226555,,
07:58:27.515,0.108319358,0.348360063,0.253119802,0.243960548,-0.443880258,0.595410844,,
07:58:27.520,0.121922321,0.365157003,0.260134958,0.256384724,-0.463720933,0.45376113,,
07:58:27.525,0.133692355,0.382278821,0.231826669,0.308901986,-0.456848277,0.270686859,,
07:58:27.530,0.152129679,0.398643257,0.170480138,0.352618816,-0.443287262,0.31894554,,
07:58:27.535,0.156165167,0.416326327,0.069105053,0.397646864,-0.439830454,0.358195181,,
07:58:27.540,0.183347719,0.432224075,-0.056691515,0.398725826,-0.414414909,0.373180007,,
07:58:27.545,0.174034746,0.44881436,-0.157162352,0.354042135,-0.373874486,0.379264743,,
07:58:27.550,0.030778634,0.450374066,-0.198169118,0.300470534,-0.327331109,0.353221872,,
07:58:27.555,0.001337324,0.455850551,-0.173748104,0.283987275,-0.310304329,0.339025784,,
07:58:27.560,0.04756785,0.497776955,-0.150946559,0.289512931,-0.312882567,0.336905529,,
07:58:27.565,0.055217591,0.408246646,-0.14692558,0.28368222,-0.334501871,0.336171682,,
07:58:27.570,0.066631728,0.288772779,-0.104842703,0.246054092,-0.372188896,0.31063293,,
07:58:27.575,0.058536978,0.320462386,-0.099738629,0.183554347,-0.417159814,0.287058956,,
07:58:27.580,0.079914855,0.324604553,-0.123243773,0.135989912,-0.499169774,0.274019329,,
07:58:27.585,0.139453111,0.297319228,-0.133891312,0.094078113,-0.567971977,0.227596329,,
07:58:27.590,0.204982369,0.277453093,-0.151208844,0.044053573,-0.61670215,0.245015757,,
07:58:27.595,0.256217167,0.252584309,-0.165602504,0.007419712,-0.725851391,0.263946876,,
07:58:27.600,0.283610173,0.23162942,-0.180729647,-0.025447357,-0.627314193,0.25639824,,
07:58:27.605,0.295396564,0.212585953,-0.196592991,0.038587294,-0.515296794,0.228706137,,
07:58:27.610,0.29822719,0.207660697,-0.210053956,0.094762452,-0.570465214,0.220288915,,
07:58:27.615,0.292943852,0.219642342,-0.228491489,0.063273356,-0.571706801,0.524106517,,
07:58:27.620,0.27903866,0.235837478,-0.238440584,0.048722508,-0.583399585,0.831821988,,
07:58:27.625,0.245786894,0.245571477,-0.260081643,0.030877083,-0.599161319,0.896159814,,
07:58:27.630,0.195008145,0.244989587,-0.27031284,0.01092598,-0.606881931,0.648860857,,
07:58:27.635,0.152730622,0.237530958,-0.282330085,-0.005626718,-0.621682448,0.446059923,,
07:58:27.640,0.134793841,0.222152439,-0.322492852,-0.025033283,-0.631873652,0.502337238,,
07:58:27.645,0.134648891,0.203980402,-0.118901704,-0.042512838,-0.644511583,0.507175809,,
07:58:27.650,0.14849046,0.174400908,0.161357368,-0.061409714,-0.655898335,0.521716753,,
07:58:27.655,0.163798558,0.103343994,0.341205774,-0.078672777,-0.668282516,0.542309165,,
07:58:27.660,0.156539286,0.092307096,0.276080312,-0.098404617,-0.679401045,0.55255563,,
07:58:27.665,0.156348975,0.126215197,-0.036075559,-0.114808253,-0.691860238,0.574083151,,
07:58:27.670,0.1455896,0.104874647,-0.060199239,-0.134231389,-0.704104986,0.581435359,,
07:58:27.675,0.093924242,0.084286961,-0.015815271,-0.154010201,-0.712918242,0.610353178,,
07:58:27.680,0.016119443,0.06331381,-0.022417295,-0.164374548,-0.733376453,0.606526517,,
07:58:27.685,-0.098891505,0.034500445,0.006444078,-0.200113764,-0.706884005,0.646272589,,
07:58:27.690,-0.058220348,0.024972096,0.015404381,-0.099813596,-0.675867674,0.632333923,,
07:58:27.695,0.062253334,0.021173906,0.03229193,0.081775217,-0.689156327,0.31156469,,
07:58:27.700,0.042326913,0.004363196,0.048513948,0.118182599,-0.66587553,0.083207994,,
07:58:27.705,0.025429194,-0.012511924,0.062347359,0.119423494,-0.621815853,0.008658797,,
07:58:27.710,0.017075493,-0.028573035,0.078288908,0.121935125,-0.556063991,0.195636971,,
07:58:27.715,-0.001381393,-0.04538762,0.09522401,0.128828923,-0.509436149,0.420532248,,
07:58:27.720,-0.01282624,-0.06193999,0.105414454,0.16646215,-0.402227104,0.374070405,,
07:58:27.725,-0.026829958,-0.078093489,0.130229307,0.245341247,-0.342988234,0.373670312,,
07:58:27.730,-0.042007518,-0.095201686,0.132265569,0.222137659,-0.527605422,0.333342451,,
07:58:27.735,-0.054587053,-0.111280459,0.161863832,0.115870316,-0.579177928,0.462716436,,
07:58:27.740,-0.067134307,-0.127408338,0.16046422,0.117541135,-0.530596862,0.687263302,,
07:58:27.745,-0.088558401,-0.146302483,-0.116388696,0.143796203,-0.537097003,0.650806546,,
07:58:27.750,-0.083599711,-0.156879727,-0.266906298,0.15856896,-0.517310532,0.572906056,,
07:58:27.755,-0.135578979,-0.185741482,-0.206320718,0.168946246,-0.505210034,0.4974034,,
07:58:27.760,-0.036999106,-0.161139013,-0.190118234,0.210519881,-0.498852278,0.416056683,,
07:58:27.765,0.257175024,-0.061469384,-0.159352557,0.13034355,-0.465755595,0.397836875,,
07:58:27.770,0.311484971,-0.031986357,-0.186140161,-0.051207591,-0.415547921,0.407203527,,
07:58:27.775,0.269919611,-0.036701526,-0.174105455,-0.040340986,-0.401366336,0.392845847,,
07:58:27.780,0.293803686,-0.02767694,-0.105058701,0.010583576,-0.39604073,0.355309143,,
07:58:27.785,0.26617576,-0.029315217,-0.11678117,0.058501391,-0.389862267,0.354726962,,
07:58:27.790,0.154332043,-0.036837814,-0.135791451,0.161193236,-0.39473526,0.410104386,,
07:58:27.795,0.128490537,-0.043671784,-0.146936597,0.25108075,-0.396099631,0.4585903,,
07:58:27.800,0.16067353,-0.05866118,-0.165222842,0.329797729,-0.397790711,0.433276035,,
07:58:27.805,0.169933386,-0.072887481,-0.178337832,0.384932828,-0.390229622,0.349427354,,
07:58:27.810,0.186069245,-0.062317418,-0.194813047,0.428340374,-0.386515674,0.288688773,,
07:58:27.815,0.199182129,-0.032125323,-0.208932587,0.392009952,-0.361846619,0.294016449,,
07:58:27.820,0.20866096,0.003213725,-0.225074355,0.315815194,-0.327613478,0.321960663,,
07:58:27.825,0.22018316,0.045478927,-0.239598941,0.333547038,-0.33126103,0.309797176,,
07:58:27.830,0.234322751,0.094736846,-0.254034097,0.336916579,-0.274981413,0.269615677,,
07:58:27.835,0.233414306,0.123453609,-0.273151494,0.255737044,-0.424958231,0.243986812,,
07:58:27.840,0.27688604,0.14351231,-0.278382523,0.18670578,-0.715252052,0.225147657,,
07:58:27.845,0.180018375,0.161668756,-0.314032593,0.188438834,-0.738644692,0.221283838,,
07:58:27.850,-0.062792293,0.107678165,-0.266852552,0.19192815,-0.748573559,0.286257449,,
07:58:27.855,-0.132569619,0.064881508,-0.132313398,0.159064805,-0.736135801,0.419633003,,
07:58:27.860,-0.154473233,0.084246863,-0.13424885,0.123023202,-0.567632961,0.53186562,,
07:58:27.865,-0.210260222,0.093384001,-0.161419793,0.078304667,-0.503221744,0.541517394,,
07:58:27.870,-0.141138351,0.114599529,-0.154081656,0.047320847,-0.532178659,0.453526189,,
07:58:27.875,-0.004375982,0.145624369,-0.159594958,0.033945416,-0.535863231,0.335022038,,
07:58:27.880,-0.001364343,0.160063784,-0.172768921,0.023550769,-0.552776555,0.261571249,,
07:58:27.885,-0.030835907,0.17323157,-0.212548621,-0.012597664,-0.560614249,0.266694029,,
07:58:27.890,-0.038525966,0.188346308,-0.278426335,-0.037584316,-0.5703304,0.311962845,,
07:58:27.895,-0.060400434,0.200003389,-0.37268019,0.027618766,-0.599681303,0.344473385,,
07:58:27.900,-0.07811324,0.216847738,-0.461296935,0.044472992,-0.61777578,0.350873509,,
07:58:27.905,-0.049670815,0.230780894,-0.524566932,0.013401343,-0.627310652,0.341377608,,
07:58:27.910,-0.015663296,0.254710849,-0.531201005,0.001915705,-0.640720901,0.315691135,,
07:58:27.915,0.008657464,0.266921397,-0.439811286,-0.019726999,-0.651393562,0.273948476,,
07:58:27.920,0.087816532,0.183956981,-0.406939808,-0.036197354,-0.664046424,0.244971498,,
07:58:27.925,0.185305729,0.111744573,-0.377170695,-0.055498651,-0.675912497,0.263707483,,
07:58:27.930,0.253388326,0.11158141,-0.314569244,-0.073502869,-0.685941311,0.32394849,,
07:58:27.935,0.276855322,0.141942333,-0.315004327,-0.089681559,-0.702952643,0.394181599,,
07:58:27.940,0.260386891,0.191801771,-0.293108719,-0.115007328,-0.704555399,0.42378089,,
07:58:27.945,0.216570907,0.229472187,-0.238443823,-0.117465484,-0.733721625,0.349571106,,
07:58:27.950,0.144543603,0.250518725,-0.166274534,-0.164063058,-0.710489419,0.18910428,,
07:58:27.955,0.050084351,0.253907888,-0.112636423,-0.066185352,-0.601817358,0.044211002,,
07:58:27.960,-0.033006855,0.242538075,0.015885891,0.207340043,-0.607297785,0.001163974,,
07:58:27.965,-0.089456369,0.210788008,0.026217071,0.230664261,-0.60470515,0.058165383,,
07:58:27.970,-0.147146428,0.165475213,-0.174663347,0.133976543,-0.570022587,0.153517188,,
07:58:27.975,-0.195446788,0.139278316,-0.191175578,0.037838095,-0.570211493,0.266366849,,
07:58:27.980,-0.255186018,0.141520525,-0.154360961,-0.087362336,-0.562706178,0.366409838,,
07:58:27.985,-0.28268891,0.168972772,-0.154677187,-0.149014849,-0.571886967,0.429944393,,
07:58:27.990,-0.163027668,0.215378724,-0.129682153,-0.154633091,-0.581225055,0.474397686,,
07:58:27.995,-0.10171726,0.231218479,-0.11934375,-0.124382844,-0.56992053,0.532651004,,
07:58:28.000,-0.134604057,0.197317869,-0.101873926,-0.097302011,-0.538192551,0.651002025,,
07:58:28.005,-0.137997567,0.160169757,-0.087290187,-0.107547421,-0.505666685,0.572479789,,
07:58:28.010,-0.153729876,0.143321045,-0.072170293,-0.155966788,-0.500673946,0.403914977,,
07:58:28.015,-0.170755871,0.142873601,-0.054936638,-0.224300733,-0.498981374,0.428910104,,
07:58:28.020,-0.183325265,0.145481988,-0.045084282,-0.287716908,-0.493586536,0.449064205,,
07:58:28.025,-0.201853334,0.138435806,-0.01828913,-0.304511961,-0.510557439,0.457022787,,
07:58:28.030,-0.212969387,0.125023369,-0.022503896,-0.245482128,-0.55527736,0.477364035,,
07:58:28.035,-0.226634589,0.102528365,0.021701971,-0.243810164,-0.599454389,0.495562885,,
07:58:28.040,-0.244503554,0.06388101,-0.015481991,-0.234278082,-0.636631578,0.498306855,,
07:58:28.045,-0.184455091,0.03165371,-0.324835085,-0.139822466,-0.659179258,0.541160471,,
07:58:28.050,-0.145345768,0.008135986,-0.44077641,-0.088917441,-0.645855642,0.486704896,,
07:58:28.055,-0.178077678,-0.007184995,-0.38289427,-0.012107132,-0.616218464,0.284819777,,
07:58:28.060,-0.174941697,-0.043277903,-0.393475709,0.082471492,-0.567034801,0.293762996,,
07:58:28.065,-0.158024326,-0.074791076,-0.39479974,0.197610787,-0.500960619,0.386211283,,
07:58:28.070,-0.149458115,-0.027444462,-0.300209056,0.285990591,-0.453743486,0.425587041,,
07:58:28.075,-0.142832189,-0.011708124,-0.239571633,0.122115689,-0.364707596,0.469110639,,
07:58:28.080,-0.114951982,-0.034401866,-0.270395513,0.029234855,-0.276304519,0.49139346,,
07:58:28.085,-0.064979431,-0.039405519,-0.280701792,0.062097814,-0.359973747,0.494311001,,
07:58:28.090,-0.012406171,-0.051317549,-0.29619507,0.047159678,-0.442241015,0.478022715,,
07:58:28.095,0.028948477,-0.061803803,-0.31278906,0.071998609,-0.415659723,0.454885016,,
07:58:28.100,0.043856449,-0.075122908,-0.325779919,0.087370824,-0.406703487,0.433076088,,
07:58:28.105,0.02963165,-0.09246423,-0.344034253,0.107998664,-0.396377607,0.424889364,,
07:58:28.110,-0.018008006,-0.110960269,-0.354311311,0.118261607,-0.380543367,0.445136811,,
07:58:28.115,-0.081735906,-0.135049712,-0.37691075,0.149067122,-0.372186798,0.468291353,,
07:58:28.120,-0.1523309,-0.153347998,-0.382406034,0.139193173,-0.355516542,0.475071337,,
07:58:28.125,-0.217901785,-0.180039048,-0.407033495,-0.003191994,-0.30878392,0.463240869,,
07:58:28.130,-0.261144697,-0.195523289,-0.41639856,-0.024116347,-0.293058598,0.400301528,,
07:58:28.135,-0.272232613,-0.210337512,-0.229789047,0.061322051,-0.291812748,0.312065079,,
07:58:28.140,-0.25022601,-0.239600577,-0.130333733,0.136728642,-0.28724436,0.173827776,,
07:58:28.145,-0.237805298,-0.054112894,-0.173599794,0.194150397,-0.398741479,0.097138623,,
07:58:28.150,-0.199044516,0.183729119,-0.162410338,0.205112707,-0.482037453,0.257880086,,
07:58:28.155,-0.098426756,0.233019627,-0.158192367,0.200701706,-0.465541567,0.320998443,,
07:58:28.160,0.022507893,0.26825339,-0.17966696,0.183259428,-0.474753371,0.280108598,,
07:58:28.165,0.112855352,0.2673641,-0.240324838,0.156139817,-0.529969926,0.279736687,,
07:58:28.170,0.158336608,0.130967091,-0.337074982,0.125945435,-0.600421825,0.250848817,,
07:58:28.175,0.152439089,0.063289508,-0.450018317,0.073938648,-0.700234198,0.318654091,,
07:58:28.180,0.064752624,0.088416832,-0.547745292,0.019991976,-0.720651834,0.355572291,,
07:58:28.185,0.012605497,0.09180262,-0.580086162,-0.016669881,-0.545276131,0.27513539,,
07:58:28.190,0.034745426,0.111034909,-0.53900334,-0.087583452,-0.476527227,0.226978749,,
07:58:28.195,0.045729436,0.128515175,-0.471362431,-0.16633398,-0.502653936,0.172343423,,
07:58:28.200,0.058942483,0.143877802,-0.429880987,-0.246321518,-0.488843088,0.103674737,,
07:58:28.205,0.073471363,0.162119766,-0.421876562,-0.186191923,-0.521964045,0.130028679,,
07:58:28.210,0.085666994,0.17806016,-0.433326725,-0.052998958,-0.562429045,0.164698604,,
07:58:28.215,0.100260233,0.195428507,-0.454312966,-0.070472361,-0.573671796,0.138606352,,
07:58:28.220,0.112311356,0.212040259,-0.462698666,-0.094812522,-0.585753621,0.124272288,,
07:58:28.225,0.127597085,0.229084371,-0.439860146,-0.105612977,-0.597626849,0.120185838,,
07:58:28.230,0.13860883,0.24573465,-0.405570609,-0.130613397,-0.609486188,0.076864588,,
07:58:28.235,0.154262265,0.26280953,-0.375221815,-0.142985028,-0.621312333,0.172572749,,
07:58:28.240,0.167548631,0.27970899,-0.351326817,-0.166670585,-0.63290603,0.375859034,,
07:58:28.245,0.175198812,0.295816715,-0.31441965,-0.179937654,-0.646068883,0.424000361,,
07:58:28.250,0.208128892,0.315059049,-0.251349635,-0.201080796,-0.65449573,0.447334984,,
07:58:28.255,0.106394403,0.319585719,-0.1936678,-0.22239272,-0.673096537,0.569837605,,
07:58:28.260,-0.03968322,0.321339159,-0.07731478,-0.140180516,-0.690825077,0.571353853,,
07:58:28.265,-0.051271686,0.334822978,-0.087722763,-0.107368558,-0.736242695,0.370044601,,
07:58:28.270,-0.091298479,0.346125088,-0.253908052,-0.114239772,-0.695039869,0.33719247,,
07:58:28.275,-0.143563257,0.359177629,-0.255947639,-0.028316638,-0.467341636,0.377876181,,
07:58:28.280,-0.170820519,0.364060082,-0.226164091,0.056607188,-0.366189074,0.377948839,,
07:58:28.285,-0.225069715,0.391243649,-0.22254303,0.11252706,-0.346019719,0.401949796,,
07:58:28.290,-0.15789921,0.35900274,-0.19946914,0.22027082,-0.271021003,0.414348741,,
07:58:28.295,-0.047213394,0.266555927,-0.188333978,0.326609477,-0.381385405,0.430369551,,
07:58:28.300,-0.068088774,0.261880758,-0.17123682,0.152263649,-0.526227409,0.446978929,,
07:58:28.305,-0.084375852,0.250536102,-0.156321827,0.021029027,-0.491585408,0.461343771,,
07:58:28.310,-0.09140138,0.206826765,-0.141447914,0.073848634,-0.477483332,0.478259369,,
07:58:28.315,-0.108339727,0.185872966,-0.124647109,0.078786709,-0.471575304,0.492958152,,
07:58:28.320,-0.122682054,0.193008504,-0.112543794,0.098180408,-0.453369544,0.508987862,,
07:58:28.325,-0.141430921,0.222285569,-0.091349011,0.118651655,-0.445548566,0.525551485,,
07:58:28.330,-0.159546422,0.241853823,-0.085016449,0.132163912,-0.430997603,0.538055146,,
07:58:28.335,-0.1755628,0.248093476,-0.058023815,0.153025514,-0.419842876,0.560261039,,
07:58:28.340,-0.187926875,0.240761704,-0.059635549,0.169267346,-0.407693632,0.565254838,,
07:58:28.345,-0.209111659,0.220620924,-0.193670375,0.185070211,-0.394828562,0.596373887,,
07:58:28.350,-0.205466697,0.190081708,-0.211447008,0.208943748,-0.384245602,0.577372785,,
07:58:28.355,-0.244934854,0.143406259,-0.111379949,0.214124992,-0.369489899,0.361821481,,
07:58:28.360,-0.185620436,0.089290733,-0.049409807,0.25202928,-0.361435258,0.24828439,,
07:58:28.365,0.067946915,0.039214589,-0.003168472,0.226958724,-0.340876448,0.167812702,,
07:58:28.370,0.159343552,0.085725763,0.011958983,0.04419369,-0.289141784,-0.000371616,,
07:58:28.375,0.151776471,0.153560338,0.005293125,-0.038304292,-0.257177438,0.185011568,,
07:58:28.380,0.169297422,0.133257037,-0.006604596,-0.058758165,-0.237706658,0.383524331,,
07:58:28.385,0.191812333,0.120697373,-0.028340756,-0.144398133,-0.204818193,0.328961325,,
07:58:28.390,0.114501857,0.098594629,-0.066884278,-0.227216063,-0.173368393,0.325683511,,
07:58:28.395,0.02006951,0.07540978,-0.164079825,-0.097537633,-0.182868742,0.311598792,,
07:58:28.400,0.049105714,0.056611976,-0.273486476,0.042972229,-0.195108063,0.291575629,,
07:58:28.405,0.062824706,0.067777148,-0.417082543,0.009626849,-0.17411184,0.282493529,,
07:58:28.410,0.068647762,0.120874895,-0.505335366,0.001775869,-0.153293318,0.262939458,,
07:58:28.415,0.088944134,0.115817317,-0.30096178,-0.009234737,-0.143059662,0.251568802,,
07:58:28.420,0.104521695,0.074378894,-0.19019226,-0.023373555,-0.111227901,0.23482774,,
07:58:28.425,0.12742805,0.01519515,-0.241620262,-0.038411149,-0.125979826,0.219465981,,
07:58:28.430,0.150601821,-0.054009601,-0.242763034,-0.076808816,-0.228381066,0.209988517,,
07:58:28.435,0.162726791,-0.079862188,-0.259315908,-0.099443247,-0.26677499,0.179973718,,
07:58:28.440,0.18786435,-0.045192804,-0.279818933,-0.118616947,-0.284077647,0.232629457,,
07:58:28.445,0.148164619,0.011716119,-0.288203799,-0.140527263,-0.311202836,0.300696585,,
07:58:28.450,0.060694765,0.063650059,-0.305463766,-0.154386312,-0.303887286,0.25184034,,
07:58:28.455,0.055596861,0.125450592,-0.33284939,-0.166421359,-0.285499431,0.192157721,,
07:58:28.460,0.055198006,0.188439487,-0.19661088,-0.176019562,-0.242890153,0.129391769,,
07:58:28.465,0.034758472,0.226063723,-0.102645717,-0.172058807,-0.168890331,0.101487566,,
07:58:28.470,0.027925263,0.232849752,-0.191882171,-0.175798045,-0.060860506,0.152449251,,
07:58:28.475,0.037369738,0.230762314,-0.273878001,-0.159482214,0.037890656,0.229846045,,
07:58:28.480,0.053730809,0.235786265,-0.357345022,-0.175793668,0.104654009,0.285390789,,
07:58:28.485,0.043481783,0.230542725,-0.470919372,-0.163343596,0.175096295,0.294748302,,
07:58:28.490,0.004995164,0.25341533,-0.555414607,0.092663848,0.06941597,0.268653618,,
07:58:28.495,-0.041599098,0.275199082,-0.467558554,0.239988774,-0.084349392,0.230208063,,
07:58:28.500,-0.08239094,0.221251777,-0.40317989,0.239164341,-0.073710734,0.205654505,,
07:58:28.505,-0.118827619,0.208601126,-0.438437835,0.314012088,-0.058168775,0.205122295,,
07:58:28.510,-0.187217743,0.227500728,-0.446360177,0.196029501,-0.039710104,0.199694259,,
07:58:28.515,-0.181660312,0.238018797,-0.462238394,0.043756073,0.028558928,0.177859105,,
07:58:28.520,-0.091478524,0.265125772,-0.47979046,0.075720451,0.007360447,0.169687371,,
07:58:28.525,-0.095167814,0.279610246,-0.491786514,0.03683186,-0.229260013,0.188375255,,
07:58:28.530,-0.1211213,0.29227203,-0.508948403,0.018985661,-0.391188338,0.191470872,,
07:58:28.535,-0.131367903,0.307240893,-0.525471934,0.01449432,-0.550070924,0.145521869,,
07:58:28.540,-0.152318382,0.320216857,-0.532780734,-0.146487055,-0.532168586,0.072026336,,
07:58:28.545,-0.167442185,0.334413276,-0.568265775,-0.193996904,-0.212864755,0.020799674,,
07:58:28.550,-0.18468862,0.348210904,-0.500873969,-0.113955353,-0.178019143,0.022995951,,
07:58:28.555,-0.201884361,0.361748258,-0.32836576,-0.068018335,-0.240938101,0.042850392,,
07:58:28.560,-0.218734655,0.375933666,-0.232359347,-0.039755899,-0.235924101,0.025067462,,
07:58:28.565,-0.234705423,0.38950903,-0.177619339,-0.041846432,-0.264234301,-0.063587301,,
07:58:28.570,-0.254344877,0.402951532,-0.119105597,-0.035249061,-0.281585496,-0.076136722,,
07:58:28.575,-0.266149718,0.418381949,-0.094558947,-0.012630126,-0.284766524,0.004803396,,
07:58:28.580,-0.291098937,0.428429387,-0.238767859,-0.017990377,-0.339188583,-0.020322845,,
07:58:28.585,-0.291593722,0.449378147,-0.32426903,-0.011090591,-0.226362779,0.04516505,,
07:58:28.590,-0.216048044,0.46442609,-0.283229256,0.035718758,0.040873927,0.192539752,,
07:58:28.595,-0.183623864,0.49269349,-0.277831295,0.064154885,0.0674843,0.200115297,,
07:58:28.600,-0.17089929,0.498667191,-0.260817205,0.085815176,0.025303337,0.138910175,,
07:58:28.605,-0.123850726,0.354419041,-0.242323247,0.092151641,-0.009206033,0.052752337,,
07:58:28.610,-0.076757516,0.237821656,-0.233589803,0.060450056,-0.079230598,-0.001725525,,
07:58:28.615,-0.006267909,0.189956405,-0.208745798,0.011340618,-0.143187048,0.0265576,,
07:58:28.620,0.061789723,0.13552482,-0.205057969,-0.040314294,-0.224850939,0.138431073,,
07:58:28.625,0.134045905,0.062501912,-0.178392595,-0.09052814,-0.327902681,0.268743516,,
07:58:28.630,0.108909107,0.098702585,-0.172466132,-0.111083846,-0.413914802,0.432546033,,
07:58:28.635,-0.033999195,0.258140794,-0.398422088,-0.084578093,-0.525339613,0.456664787,,
07:58:28.640,-0.048295347,0.266615928,-0.55929922,-0.014073391,-0.583394127,0.246708236,,
07:58:28.645,-0.016307398,0.238065301,-0.542906933,0.066612495,-0.419783205,0.205567933,,
07:58:28.650,-0.009802583,0.235767423,-0.515223227,0.093690509,-0.348501615,0.248430032,,
07:58:28.655,0.012209478,0.21534884,-0.428774375,0.122002674,-0.399570059,0.247653251,,
07:58:28.660,0.026248853,0.205404667,-0.304683675,0.18830553,-0.4141685,0.271869402,,
07:58:28.665,0.043522836,0.190588671,-0.183760468,0.259799369,-0.448853229,0.284333847,,
07:58:28.670,0.059595241,0.177386948,-0.113577844,0.218652538,-0.455824735,0.300292456,,
07:58:28.675,0.076802197,0.164209247,-0.099582272,0.123919179,-0.451112499,0.316777699,,
07:58:28.680,0.092116112,0.1498001,-0.102347329,0.134451507,-0.470219054,0.331584961,,
07:58:28.685,0.109435545,0.138603939,-0.117811274,0.150469399,-0.488118218,0.347746337,,
07:58:28.690,0.12714674,0.120522169,-0.130684162,0.157427977,-0.50454229,0.363302116,,
07:58:28.695,0.137184161,0.114981335,-0.124910585,0.172451309,-0.524562114,0.379021747,,
07:58:28.700,0.17125699,0.089481229,-0.092610627,0.182434057,-0.539786681,0.394148638,,
07:58:28.705,0.104090541,0.097551321,-0.033365432,0.19460497,-0.55922144,0.411618757,,
07:58:28.710,-0.017349364,0.215580777,-0.043836186,0.205812184,-0.578617761,0.423470166,,
07:58:28.715,-0.053218449,0.264433711,-0.09069611,0.219429246,-0.587354597,0.445311705,,
07:58:28.720,-0.13309751,0.252007694,-0.076154899,0.22517615,-0.630094043,0.453324396,,
07:58:28.725,-0.212301162,0.251410671,-0.039819752,0.262605994,-0.529989724,0.475288176,,
07:58:28.730,-0.29959249,0.239593464,-0.155306167,0.315082552,-0.31957791,0.489737986,,
07:58:28.735,-0.309989151,0.247258168,-0.330777928,0.348746148,-0.253586472,0.30179437,,
07:58:28.740,-0.134630706,0.267445229,-0.350361555,0.366790338,-0.217992805,0.147303545,,
07:58:28.745,-0.086985573,0.245793714,-0.321084309,0.392410762,-0.152338989,0.168376638,,
07:58:28.750,-0.119133498,0.175250859,-0.269584278,0.411963567,-0.233985169,0.238687433,,
07:58:28.755,-0.113111536,0.08098036,-0.216018434,0.184090617,-0.349363132,0.37590789,,
07:58:28.760,-0.12438453,-0.005460868,-0.214143391,-0.055935723,-0.296688427,0.497804162,,
07:58:28.765,-0.135717724,-0.041439725,-0.240293214,-0.077966625,-0.264596131,0.544935268,,
07:58:28.770,-0.154267066,-0.020314523,-0.265907661,-0.092593409,-0.258345944,0.531549741,,
07:58:28.775,-0.166911407,0.013460074,-0.281784781,-0.051630452,-0.240499176,0.489939289,,
07:58:28.780,-0.202980832,0.022704755,-0.283454618,0.08565362,-0.258816142,0.457596501,,
07:58:28.785,-0.121891488,0.037359511,-0.251668315,0.132011598,-0.252157316,0.425764196,,
07:58:28.790,0.025226188,0.068933278,-0.180301901,0.108019361,-0.218294976,0.403127214,,
07:58:28.795,0.039023527,0.099035538,-0.093352055,0.077160101,-0.326084633,0.397238559,,
07:58:28.800,0.031065066,0.130352303,-0.012344484,0.043256859,-0.406578907,0.352236577,,
07:58:28.805,0.019397326,0.161619097,0.054861953,0.042550074,-0.329351667,0.258522882,,
07:58:28.810,-0.013341914,0.203018789,0.090649906,0.042385004,-0.25401305,0.061716163,,
07:58:28.815,-0.05884897,0.245213987,0.074410913,0.036899837,-0.197531532,0.014934524,,
07:58:28.820,-0.127176825,0.281482454,0.020024428,0.025990748,-0.17292017,0.242567523,,
07:58:28.825,-0.198828199,0.299377187,-0.032202384,0.011575162,-0.169438957,0.280665919,,
07:58:28.830,-0.279951229,0.334721759,-0.055889822,-0.003542998,-0.156210728,0.23750073,,
07:58:28.835,-0.36077788,0.37432776,-0.063885098,-0.013809443,-0.14071239,0.240999215,,
07:58:28.840,-0.397573008,0.290570182,-0.087817819,-0.028744975,-0.124803286,0.215950409,,
07:58:28.845,-0.415520091,0.231899849,-0.150725536,-0.041991997,-0.107657979,0.205736777,,
07:58:28.850,-0.37407677,0.261839972,-0.265288622,-0.044510493,-0.081406047,0.189429787,,
07:58:28.855,-0.301381065,0.295823245,-0.359035119,-0.077916613,-0.045598828,0.174883804,,
07:58:28.860,-0.305103861,0.240529141,-0.461525024,0.021001887,-0.021185399,0.16030047,,
07:58:28.865,-0.314500784,0.135411139,-0.506356886,0.145236691,-0.010047725,0.144286196,,
07:58:28.870,-0.328410906,0.153249165,-0.31549301,0.089543146,-0.031542314,0.133278226,,
07:58:28.875,-0.35009007,0.19148237,-0.233768529,0.009073034,-0.025380214,0.109686881,,
07:58:28.880,-0.363802642,0.196208851,-0.281103376,-0.094417778,0.019519325,0.111179557,,
07:58:28.885,-0.382676223,0.180837665,-0.281059685,-0.19481137,0.050895247,0.070020739,,
07:58:28.890,-0.362952493,0.160742462,-0.301946443,-0.257371772,0.080154605,0.108343799,,
07:58:28.895,-0.349932676,0.166283379,-0.316430848,-0.198521779,0.084344546,0.294800282,,
07:58:28.900,-0.36439208,0.183074878,-0.330203765,-0.129231309,0.085392784,0.234217116,,
07:58:28.905,-0.342005652,0.197295884,-0.347149986,-0.160295554,0.107897366,0.072503606,,
07:58:28.910,-0.297703125,0.204170606,-0.360765977,-0.099773037,0.111502479,-0.067709265,,
07:58:28.915,-0.244960873,0.216946381,-0.377262603,-0.01671387,0.109103464,-0.142908167,,
07:58:28.920,-0.193452141,0.247750026,-0.391012702,0.00338133,0.125607735,-0.023908089,,
07:58:28.925,-0.139975719,0.286751468,-0.407837736,0.027314213,0.104813295,0.005038294,,
07:58:28.930,-0.098923875,0.330846796,-0.421396413,0.046220102,0.03522441,-0.031617215,,
07:58:28.935,-0.08021258,0.394592202,-0.436934129,0.091188364,-0.024306187,-0.032934384,,
07:58:28.940,-0.07113644,0.457667658,-0.45533799,0.141800055,-0.03415597,-0.053452087,,
07:58:28.945,-0.150725544,0.548211686,-0.459672061,0.228536383,-0.010903688,-0.071236613,,
07:58:28.950,-0.213789708,0.556639166,-0.50071021,0.225981976,0.025600049,-0.071772081,,
07:58:28.955,-0.180430083,0.429603506,-0.423245989,0.087686766,0.07045871,-0.117970598,,
07:58:28.960,-0.151190487,0.41564189,-0.238076319,0.07977127,0.084957195,-0.050850901,,
07:58:28.965,-0.217417054,0.441150563,-0.181001905,0.11149537,0.087315137,0.22236904,,
07:58:28.970,-0.32978316,0.435371478,-0.143187824,0.108309676,0.048719453,0.559741811,,
07:58:28.975,-0.351534107,0.452527626,-0.015032738,0.117175636,-0.008262821,0.60152993,,
07:58:28.980,-0.357228575,0.469064626,0.010613158,0.129844091,-0.023509295,0.204684799,,
07:58:28.985,-0.375335736,0.476669524,-0.197336047,0.141872925,-0.014501042,0.119556106,,
07:58:28.990,-0.395078822,0.499654253,-0.25393141,0.167641025,0.002710982,0.187838821,,
07:58:28.995,-0.410168831,0.497491675,-0.208183396,0.178750046,0.00894361,0.171257807,,
07:58:29.000,-0.394409692,0.391296823,-0.209592311,0.187781152,-0.000298379,0.20370368,,
07:58:29.005,-0.378492062,0.327190989,-0.186474708,0.226235718,-0.027877907,0.21311889,,
07:58:29.010,-0.377403609,0.323264736,-0.173445876,-0.012937291,-0.033886786,0.229338504,,
07:58:29.015,-0.366570362,0.32020312,-0.158580741,-0.286906367,-0.042170624,0.246491231,,
07:58:29.020,-0.338143127,0.318513422,-0.141879596,-0.380637327,-0.092083621,0.260946797,,
07:58:29.025,-0.304681297,0.300268707,-0.127885983,-0.399927805,-0.156494369,0.276518709,,
07:58:29.030,-0.279430447,0.277621971,-0.111659126,-0.148367108,-0.126959898,0.29371959,,
07:58:29.035,-0.258666779,0.250880968,-0.096722582,-0.045317179,-0.082868094,0.307305549,,
07:58:29.040,-0.231114337,0.226489487,-0.081568644,-0.105413503,-0.105202861,0.323475198,,
07:58:29.045,-0.187271186,0.175112866,-0.065440902,-0.103018345,-0.114638164,0.344049565,,
07:58:29.050,-0.128337205,0.204666727,-0.051635686,-0.129413656,-0.125852794,0.343488695,,
07:58:29.055,-0.078684522,0.285353424,-0.034204292,-0.146556611,-0.139049873,0.397634942,,
07:58:29.060,-0.006723471,0.278180751,-0.020940169,-0.162681358,-0.150283382,0.271611039,,
07:58:29.065,0.028551391,0.26623141,-0.005128779,-0.184067497,-0.161567207,-0.002556817,,
07:58:29.070,-0.085988733,0.231403099,0.014085075,-0.199236432,-0.175143251,-0.049001509,,
07:58:29.075,-0.145153099,0.277431024,-0.016743985,-0.219923149,-0.18518998,-0.039290777,,
07:58:29.080,-0.110873717,0.352150767,0.016367342,-0.237203335,-0.196897107,-0.009184054,,
07:58:29.085,-0.114145284,0.330155045,0.095560112,-0.253246152,-0.214562602,0.055689837,,
07:58:29.090,-0.079491717,0.343333483,0.08013986,-0.280993103,-0.209432107,0.087444489,,
07:58:29.095,-0.104043215,0.372300027,0.081459785,-0.224219636,-0.269756415,0.112538433,,
07:58:29.100,-0.290116972,0.377639025,0.102633696,-0.111004465,-0.176091565,0.143545952,,
07:58:29.105,-0.375996771,0.385349558,0.114797897,-0.060562661,0.089139395,0.180516549,,
07:58:29.110,-0.403408069,0.381640873,0.133206165,-0.026698417,0.133811214,0.210535943,,
07:58:29.115,-0.451134091,0.382599884,0.141309889,0.055305493,0.207885728,0.223349751,,
07:58:29.120,-0.482721772,0.396317402,0.175837413,0.129076109,0.219941933,0.235438958,,
07:58:29.125,-0.511156508,0.40657039,0.096834818,0.119660011,-0.025399897,0.262759966,,
07:58:29.130,-0.405336221,0.409840162,-0.069290804,0.110745522,-0.073840493,0.293778806,,
07:58:29.135,-0.330603748,0.377267477,-0.152597373,0.107592765,-0.026415015,0.292761982,,
07:58:29.140,-0.35793119,0.309226562,-0.203409379,0.042616768,-0.01717187,0.260199918,,
07:58:29.145,-0.358962682,0.241059421,-0.302042072,0.015535548,0.013925484,0.241244712,,
07:58:29.150,-0.373086101,0.18445412,-0.314932888,0.042007308,0.020381473,0.270360296,,
07:58:29.155,-0.379530779,0.152006144,-0.119651315,0.056378574,0.033491448,0.344736923,,
07:58:29.160,-0.405330711,0.140378233,-0.06826152,0.074801663,0.046532786,0.410794274,,
07:58:29.165,-0.387470409,0.153705285,-0.111747321,0.091924138,0.057450731,0.414986635,,
07:58:29.170,-0.275804911,0.187294273,-0.11130695,0.110866462,0.070121533,0.354113662,,
07:58:29.175,-0.234426501,0.201696071,-0.133707323,0.125247113,0.082799403,0.236963826,,
07:58:29.180,-0.233629687,0.200077566,-0.146736768,0.148487599,0.092957414,0.096198954,,
07:58:29.185,-0.225873531,0.200753268,-0.161679718,0.151442382,0.10968735,-0.00969562,,
07:58:29.190,-0.235499817,0.208615709,-0.177406648,0.077160748,0.137695315,-0.055910506,,
07:58:29.195,-0.258363912,0.232815657,-0.192899935,0.006061355,0.169022675,-0.047043195,,
07:58:29.200,-0.301625248,0.270620954,-0.206318144,-0.039041143,0.194736519,-0.015468948,,
07:58:29.205,-0.347407126,0.312925777,-0.224346947,-0.071537595,0.208462023,0.015660661,,
07:58:29.210,-0.383007106,0.348847274,-0.236947728,-0.082782241,0.250107888,0.06043254,,
07:58:29.215,-0.399596366,0.374946023,-0.251247267,-0.119722833,0.160154053,0.075913102,,
07:58:29.220,-0.388240686,0.393166881,-0.277110676,-0.160408625,-0.025520477,0.053637156,,
07:58:29.225,-0.350961199,0.400319123,-0.173993122,-0.162528356,-0.096558736,0.042349102,,
07:58:29.230,-0.305145621,0.417851793,-0.053015291,-0.16219493,-0.138444843,0.027413942,,
07:58:29.235,-0.266540005,0.449265968,-0.036141947,-0.179878682,-0.223770119,0.007183151,,
07:58:29.240,-0.236638904,0.494412999,-0.028528438,-0.204118975,-0.202183096,0.056449798,,
07:58:29.245,-0.210861267,0.525281799,-0.01909841,-0.192852206,-0.020685706,0.117121069,,
07:58:29.250,-0.179009625,0.473283022,-0.002689859,-0.162154784,0.004221588,0.134072306,,
07:58:29.255,-0.152363103,0.449970332,0.063383496,-0.169788409,-0.031861465,0.151473076,,
07:58:29.260,-0.135433545,0.478685742,0.158467858,-0.191615992,-0.029698142,0.16037977,,
07:58:29.265,-0.120982628,0.490897893,0.065013298,-0.208069836,-0.049911217,0.175417108,,
07:58:29.270,-0.146411884,0.505179035,-0.03336237,-0.226805289,-0.055311966,0.197261378,,
07:58:29.275,-0.17257853,0.518330664,0.003945127,-0.245643055,-0.075844604,0.210394497,,
07:58:29.280,-0.153876062,0.534941445,0.013015902,-0.262754846,-0.07362335,0.199969565,,
07:58:29.285,-0.147292236,0.551833018,0.027764561,-0.277985549,-0.10801333,0.161475072,,
07:58:29.290,-0.121153435,0.569497227,0.046030798,-0.264931612,-0.084686818,0.112220421,,
07:58:29.295,-0.148805307,0.582530183,0.05848069,-0.203082745,0.134085884,0.059415071,,
07:58:29.300,-0.279738488,0.584525434,0.075395062,-0.158217584,0.226158012,0.010754129,,
07:58:29.305,-0.361882451,0.592178291,0.090967175,-0.137624428,0.231483458,-0.013616174,,
07:58:29.310,-0.409989127,0.602255858,0.103943428,-0.106420887,0.282974915,-0.012339382,,
07:58:29.315,-0.445550624,0.614734423,0.123611238,-0.072636948,0.317991348,0.002645532,,
07:58:29.320,-0.459717109,0.628762492,0.133444158,-0.099142374,0.228252691,0.002985907,,
07:58:29.325,-0.471988746,0.641629761,0.153200867,-0.184756087,0.127576784,-0.039753913,,
07:58:29.330,-0.488843325,0.659696385,0.168555067,-0.251995507,0.164218771,-0.099567963,,
07:58:29.335,-0.461385017,0.66924838,0.056180789,-0.287594825,0.189573427,-0.119768772,,
07:58:29.340,-0.401240587,0.706170213,-0.008090939,-0.288799569,0.200242452,-0.079854185,,
07:58:29.345,-0.405579893,0.684701679,0.003581514,-0.267917217,0.214353484,-0.006612245,,
07:58:29.350,-0.403111876,0.565126533,-0.065385997,-0.247818479,0.22948347,0.075467275,,
07:58:29.355,-0.386121938,0.533065516,-0.144502729,-0.22186517,0.226948093,0.155046804,,
07:58:29.360,-0.393435039,0.523144535,-0.294707775,-0.16029088,0.257663078,0.205086939,,
07:58:29.365,-0.373832613,0.481496999,-0.319634761,-0.089747439,0.181600389,0.205368023,,
07:58:29.370,-0.322920456,0.444318734,-0.099456695,-0.066372978,-0.082460651,0.17381964,,
07:58:29.375,-0.258499368,0.409919176,-0.059398587,-0.00739749,-0.194787319,0.119987524,,
07:58:29.380,-0.197266613,0.337903782,-0.10193275,0.06415414,-0.20837916,0.055686767,,
07:58:29.385,-0.169448051,0.324320802,-0.099943012,-0.056683222,-0.272719662,0.008822993,,
07:58:29.390,-0.183721225,0.459258336,-0.124437854,-0.146728906,-0.190240972,-0.009489483,,
07:58:29.395,-0.207622013,0.488788027,-0.135787517,-0.080837695,-0.026254696,-0.006985781,,
07:58:29.400,-0.233668183,0.450934836,-0.15142136,-0.071739609,-0.034143129,0.008475425,,
07:58:29.405,-0.271198062,0.443415252,-0.168009418,-0.062984315,-0.061622161,0.03978317,,
07:58:29.410,-0.307200403,0.419214522,-0.180428346,-0.047114319,-0.071667066,0.093653297,,
07:58:29.415,-0.33906351,0.402146248,-0.199637529,-0.039124905,-0.093500297,0.164721276,,
07:58:29.420,-0.361916874,0.386361519,-0.209610239,-0.024310232,-0.110889991,0.232849572,,
07:58:29.425,-0.367862208,0.366663367,-0.229838419,-0.016623587,-0.127199442,0.272744818,,
07:58:29.430,-0.371075672,0.357338238,-0.243576261,0.001582325,-0.144944043,0.251635388,,
07:58:29.435,-0.370279543,0.333926846,-0.249428403,0.002422266,-0.170780972,0.188740719,,
07:58:29.440,-0.36549032,0.33519272,-0.299563251,0.041711588,-0.103480137,0.176600491,,
07:58:29.445,-0.359188804,0.431763388,-0.106246621,0.053130812,-0.059570765,0.220145648,,
07:58:29.450,-0.345794447,0.50548715,0.139443387,-0.108191231,-0.104654309,0.300228207,,
07:58:29.455,-0.328806803,0.538166833,0.134105313,-0.168732947,-0.14416559,0.342629693,,
07:58:29.460,-0.304966085,0.570928433,0.116575095,-0.117952237,-0.176131982,0.285993198,,
07:58:29.465,-0.266447989,0.584244973,0.124862549,-0.111323733,-0.178031182,0.277922148,,
07:58:29.470,-0.218397983,0.584902389,0.11293148,-0.106088071,-0.182485281,0.303736493,,
07:58:29.475,-0.158056008,0.573685368,0.014516245,-0.111873395,-0.216423624,0.315612922,,
07:58:29.480,-0.104282309,0.55967208,-0.01541187,-0.121168789,-0.264031654,0.32911839,,
07:58:29.485,-0.060217426,0.550268742,0.017609334,-0.136682852,-0.304542668,0.353232448,,
07:58:29.490,-0.066914226,0.529256749,0.023988266,-0.157656924,-0.317641293,0.345887274,,
07:58:29.495,-0.143944307,0.48105016,0.043071972,-0.161876225,-0.305714722,0.281431685,,
07:58:29.500,-0.141769702,0.434027105,0.05749215,-0.149192461,-0.291497396,0.259463347,,
07:58:29.505,-0.146315698,0.395162355,0.072387406,-0.119999622,-0.249466428,0.238192865,,
07:58:29.510,-0.228138334,0.35555495,0.088769904,-0.086651758,-0.173114824,0.220907369,,
07:58:29.515,-0.275433359,0.332109534,0.10233749,-0.067193601,-0.11108756,0.25310847,,
07:58:29.520,-0.326543504,0.337360162,0.120645094,-0.048268338,-0.087988483,0.294904867,,
07:58:29.525,-0.38162112,0.367928989,0.131214267,-0.019686586,-0.091098718,0.32409898,,
07:58:29.530,-0.415060409,0.401078344,0.15284315,0.002758088,-0.103495145,0.32743964,,
07:58:29.535,-0.426036144,0.422873418,0.162246761,0.029696668,-0.105378967,0.305054374,,
07:58:29.540,-0.398931772,0.42670731,0.178191908,0.074885215,-0.104322816,0.274921366,,
07:58:29.545,-0.341379015,0.411352648,0.208483582,0.121799469,-0.057113797,0.256054395,,
07:58:29.550,-0.28121218,0.386076472,0.019993145,0.153192669,0.046648597,0.244027469,,
07:58:29.555,-0.248651925,0.358597374,-0.139375003,0.146274796,-0.018717824,0.224215356,,
07:58:29.560,-0.24362955,0.342775212,-0.08614502,0.137434701,-0.111787906,0.190491081,,
07:58:29.565,-0.250579052,0.34198006,-0.055159619,0.129881014,-0.073256259,0.159775458,,
07:58:29.570,-0.270890811,0.346073253,-0.05065934,0.093742995,-0.058492662,0.14475729,,
07:58:29.575,-0.293797698,0.352981965,-0.05719718,0.077086253,-0.037533658,0.141760733,,
07:58:29.580,-0.30303202,0.350285102,-0.04892397,0.088600357,-0.022342469,0.152923116,,
07:58:29.585,-0.286047242,0.334384704,-0.020925097,0.097229104,-0.016749762,0.188138379,,
07:58:29.590,-0.245243924,0.315044165,-0.011395321,0.103262633,0.020865248,0.234077605,,
07:58:29.595,-0.186961838,0.290103475,-0.010138732,0.098348309,-0.108184032,0.273232814,,
07:58:29.600,-0.124873852,0.255692323,0.003248578,0.105136585,-0.289525425,0.305248385,,
07:58:29.605,-0.067679643,0.214089464,0.038065053,0.142164747,-0.320504704,0.320592673,,
07:58:29.610,-0.03021014,0.169485853,0.09437939,0.175010881,-0.340726127,0.324433056,,
07:58:29.615,-0.010360838,0.171604714,0.151217233,0.191151775,-0.34772276,0.338999511,,
07:58:29.620,0.004648701,0.21109567,0.184030335,0.185238958,-0.340092784,0.366255014,,
07:58:29.625,-0.054085464,0.242849748,0.172875646,0.143362504,-0.360307345,0.377942933,,
07:58:29.630,-0.100908692,0.293745953,0.102754111,0.089804043,-0.346821125,0.341505056,,
07:58:29.635,-0.078013748,0.310166853,-0.004989412,0.065331175,-0.269481025,0.261039097,,
07:58:29.640,-0.064451985,0.29185385,-0.119799394,0.052418839,-0.257491415,0.163421396,,
07:58:29.645,-0.045476058,0.279661637,-0.193717533,0.037893477,-0.280617536,0.060019453,,
07:58:29.650,-0.034685434,0.268043905,-0.227058316,0.047499279,-0.292155434,0.022379179,,
07:58:29.655,-0.0062093,0.255101712,-0.272921911,0.048442891,-0.310741039,0.069616868,,
07:58:29.660,-0.028902469,0.229240398,-0.203599274,0.047044879,-0.324753868,0.131231631,,
07:58:29.665,-0.141022184,0.194825242,-0.115864687,0.076215713,-0.346596269,0.173294974,,
07:58:29.670,-0.185115301,0.182841007,-0.142709446,0.090443323,-0.364290057,0.163633084,,
07:58:29.675,-0.174265404,0.200362749,-0.157046125,0.076423142,-0.37779071,0.112818784,,
07:58:29.680,-0.134125358,0.234352547,-0.168763294,0.035228788,-0.384838271,0.071353264,,
07:58:29.685,-0.069205302,0.251798834,-0.18850821,0.001121985,-0.391948453,0.058770107,,
07:58:29.690,0.004581791,0.236864509,-0.199743883,-0.006920455,-0.411851604,0.073825644,,
07:58:29.695,0.075967192,0.202393696,-0.216746766,-0.001901222,-0.414856989,0.097099741,,
07:58:29.700,0.156527447,0.171279496,-0.234075246,-0.008685086,-0.454836846,0.104507266,,
07:58:29.705,0.25219231,0.165641024,-0.240030511,0.009459729,-0.403867073,0.094254425,,
07:58:29.710,0.181857479,0.164993814,-0.277478743,0.062849031,-0.224545414,0.083290742,,
07:58:29.715,0.091487052,0.165269346,-0.210114621,0.076557812,-0.20715023,0.07827359,,
07:58:29.720,0.122532533,0.179076669,-0.051759094,0.067396833,-0.240251105,0.069409909,,
07:58:29.725,0.129501058,0.191465242,-0.01776205,0.055347353,-0.218757545,0.051358811,,
07:58:29.730,0.149419915,0.203951702,-0.009837468,0.033807438,-0.181502937,0.025313281,,
07:58:29.735,0.152568463,0.215474055,0.016046922,0.01701288,-0.149359824,-0.009685683,,
07:58:29.740,0.185356107,0.233638097,0.024849049,0.006098235,-0.158674824,-0.046133663,,
07:58:29.745,0.149454672,0.253116405,0.077320133,-0.004750017,-0.167926138,-0.066407109,,
07:58:29.750,-0.105734444,0.250014945,0.147423409,-0.009518108,-0.154504925,-0.053973446,,
07:58:29.755,-0.233992008,0.246585572,0.051082929,-0.000314421,-0.11904178,-0.012062401,,
07:58:29.760,-0.253482254,0.244935529,-0.026488083,0.00268899,-0.121807222,0.021034645,,
07:58:29.765,-0.334861877,0.238585549,0.011947571,0.008596579,-0.157728713,0.026170095,,
07:58:29.770,-0.233326357,0.249537486,0.018123078,0.037522781,-0.149434195,0.035212835,,
07:58:29.775,-0.069424464,0.25901542,0.034871227,0.055327735,-0.13464857,0.065427893,,
07:58:29.780,-0.085551805,0.239339396,0.05499426,0.053832852,-0.121492471,0.091143504,,
07:58:29.785,-0.100787376,0.205800454,0.057649794,0.057938687,-0.104805975,0.09598918,,
07:58:29.790,-0.109822648,0.160996072,0.099528762,0.075309808,-0.093602632,0.096808172,,
07:58:29.795,-0.116109894,0.105465112,0.022076411,0.102198686,-0.083305718,0.11196981,,
07:58:29.800,-0.136653229,0.03509283,-0.146685933,0.114161845,-0.069472263,0.128293866,,
07:58:29.805,-0.111942995,-0.027208544,-0.158839847,0.092021262,-0.050458,0.121922159,,
07:58:29.810,0.020842276,-0.039994507,-0.130921671,0.038202522,-0.023647886,0.08885873,,
07:58:29.815,0.050111391,-0.049258212,-0.100379609,-0.049159125,0.010005966,0.045243941,,
07:58:29.820,0.023433872,-0.023196572,-0.055549708,-0.123307446,0.036387818,0.000662177,,
07:58:29.825,0.010121372,0.040304575,-0.029202005,-0.252213586,0.086200338,-0.050767698,,
07:58:29.830,-0.010594951,0.034353442,-0.012225768,-0.320385012,0.099939054,-0.106004962,,
07:58:29.835,-0.011479509,0.012851162,-0.019613964,-0.136512387,0.102666399,-0.149283175,,
07:58:29.840,-0.005969239,0.002995863,-0.061085905,-0.089562526,0.055902285,-0.182381938,,
07:58:29.845,-0.000200954,-0.015067279,-0.127201126,-0.185427591,-0.208489087,-0.239209324,,
07:58:29.850,-0.00660322,-0.028028797,-0.188855177,-0.212326818,-0.338815348,-0.237374213,,
07:58:29.855,-0.029274581,-0.047911019,-0.213588041,-0.24594649,-0.379799571,-0.153279858,,
07:58:29.860,-0.060002096,-0.064333403,-0.207537303,-0.258777857,-0.428292598,-0.124628972,,
07:58:29.865,-0.082436103,-0.081420054,-0.197168093,-0.260855678,-0.21929527,-0.035750182,,
07:58:29.870,-0.079657936,-0.102162855,-0.20116804,-0.142587225,-0.137230411,0.059015424,,
07:58:29.875,-0.070607872,-0.037612731,-0.2241004,0.026182697,-0.221043654,0.092089291,,
07:58:29.880,-0.058146562,0.042102781,-0.236080463,0.040196318,-0.224101323,0.14903771,,
07:58:29.885,-0.037548813,0.066924645,-0.224197344,0.065589209,-0.248822274,0.184064649,,
07:58:29.890,-0.03405941,0.09356891,-0.191011313,0.094542443,-0.271991667,0.178632695,,
07:58:29.895,-0.058163248,0.105174721,-0.148452107,0.127967851,-0.289511737,0.138256633,,
07:58:29.900,-0.097902382,0.101363775,-0.118320228,0.155965811,-0.314952656,0.069763672,,
07:58:29.905,-0.127381336,0.091126648,-0.081176521,0.041840089,-0.306799582,-0.00376369,,
07:58:29.910,-0.146166917,0.074952954,-0.037578706,-0.015499338,-0.304254501,-0.067392075,,
07:58:29.915,-0.166984975,0.067693128,-0.00111538,0.011333359,-0.348367492,-0.117186661,,
07:58:29.920,-0.190027917,0.074485821,0.017456101,0.036856383,-0.25220932,-0.164665606,,
07:58:29.925,-0.213543872,0.088325849,-0.001230352,0.078880608,-0.128698026,-0.207296339,,
07:58:29.930,-0.245193108,0.103781252,-0.057954479,0.086487854,-0.170542632,-0.249471573,,
07:58:29.935,-0.279646417,0.121186937,-0.134776314,0.095339945,-0.193163437,-0.320449064,,
07:58:29.940,-0.314060394,0.147050187,-0.195868813,0.11142986,-0.196841423,-0.281423265,,
07:58:29.945,-0.333710436,0.174530086,-0.25062073,0.12281329,-0.213764425,-0.163500814,,
07:58:29.950,-0.295162146,0.214945242,-0.308320091,0.135477933,-0.217239942,-0.177298762,,
07:58:29.955,-0.287741547,0.22132709,-0.368938703,0.156710606,-0.212946381,-0.194821444,,
07:58:29.960,-0.290167682,0.184711554,-0.485917854,0.170884855,-0.169221377,-0.204915084,,
07:58:29.965,-0.209926132,0.199780223,-0.446823251,0.212112316,-0.112691794,-0.22957671,,
07:58:29.970,-0.142380274,0.22698765,-0.29453518,0.210497002,-0.054172209,-0.116381069,,
07:58:29.975,-0.108154639,0.242687849,-0.308405635,0.09488816,0.039704901,-0.028702723,,
07:58:29.980,-0.083615793,0.262505161,-0.331276028,0.052798448,-0.001081874,-0.065776412,,
07:58:29.985,-0.069380507,0.278506736,-0.337779924,0.042953927,-0.089819899,-0.098903312,,
07:58:29.990,-0.053156984,0.296479363,-0.359566431,0.002016557,-0.058893689,-0.126474645,,
07:58:29.995,-0.055046371,0.31020927,-0.371084092,-0.019325846,-0.038835102,-0.156580204,,
