Datetime,GwP_170 m (MPa),GwP_360 m  (MPa),GwP_424 m  (MPa),GwP_464 m  (MPa)
7:30:00 AM,1.653244,3.535942,4.163119,4.495046
7:30:00 AM,1.65322,3.535942,4.163073,4.495063
7:30:00 AM,1.653219,3.535942,4.163073,4.495063
7:30:00 AM,1.653194,3.535911,4.163073,4.495083
7:30:00 AM,1.653194,3.535942,4.163095,4.495063
7:30:00 AM,1.653219,3.535942,4.163095,4.495083
7:30:00 AM,1.653244,3.535911,4.163071,4.495065
7:30:00 AM,1.653244,3.535942,4.163073,4.495063
7:30:00 AM,1.653194,3.535942,4.163073,4.495083
7:30:00 AM,1.653219,3.535942,4.163073,4.495083
7:30:00 AM,1.653244,3.535911,4.163119,4.495065
7:30:00 AM,1.653244,3.535942,4.163097,4.495046
7:30:00 AM,1.653194,3.535916,4.163073,4.495063
7:30:00 AM,1.65322,3.535942,4.163095,4.495083
7:30:00 AM,1.653244,3.535911,4.163073,4.495046
7:30:00 AM,1.653194,3.535911,4.163095,4.495063
7:30:00 AM,1.65322,3.535942,4.163095,4.495063
7:30:00 AM,1.653194,3.535942,4.163095,4.495065
7:30:00 AM,1.653219,3.535942,4.163095,4.495046
7:30:00 AM,1.65322,3.535942,4.163071,4.495046
7:30:00 AM,1.65322,3.535942,4.163073,4.495063
7:30:00 AM,1.653244,3.535942,4.163071,4.495065
7:30:00 AM,1.653194,3.535885,4.163095,4.495063
7:30:00 AM,1.653194,3.535942,4.163095,4.495083
7:30:00 AM,1.653194,3.535942,4.163073,4.495063
7:30:00 AM,1.65322,3.535916,4.163095,4.495046
7:30:00 AM,1.65322,3.535911,4.163073,4.495063
7:30:00 AM,1.65322,3.535916,4.163073,4.495063
7:30:00 AM,1.653194,3.535942,4.163095,4.495063
7:30:00 AM,1.653219,3.535916,4.163073,4.495063
7:30:00 AM,1.653194,3.535942,4.163073,4.495063
7:30:00 AM,1.653219,3.535916,4.163073,4.495083
7:30:00 AM,1.653194,3.535942,4.163095,4.495083
7:30:00 AM,1.653219,3.535942,4.163095,4.495063
7:30:00 AM,1.653219,3.535942,4.163095,4.495065
7:30:00 AM,1.653219,3.535885,4.163073,4.495063
7:30:00 AM,1.653219,3.535916,4.163095,4.495063
7:30:00 AM,1.653194,3.535942,4.163095,4.495065
7:30:00 AM,1.653244,3.535942,4.163073,4.495063
7:30:00 AM,1.65322,3.535942,4.163095,4.495065
7:30:00 AM,1.65322,3.535916,4.163073,4.495063
7:30:00 AM,1.653194,3.535942,4.163095,4.495063
7:30:00 AM,1.653194,3.535885,4.163073,4.495063
7:30:00 AM,1.653219,3.535911,4.163073,4.495083
7:30:00 AM,1.65322,3.535911,4.163049,4.495083
7:30:00 AM,1.653194,3.535916,4.163095,4.495046
7:30:00 AM,1.653194,3.535942,4.163073,4.495063
7:30:00 AM,1.653219,3.535942,4.163119,4.495063
7:30:00 AM,1.65322,3.535942,4.163095,4.495065
7:30:00 AM,1.653219,3.535942,4.163095,4.495046
7:30:00 AM,1.653194,3.535942,4.163119,4.495063
7:30:00 AM,1.653219,3.535916,4.163073,4.495063
7:30:00 AM,1.653219,3.535942,4.163095,4.495063
7:30:00 AM,1.653194,3.535911,4.163095,4.495083
7:30:00 AM,1.653194,3.535916,4.163095,4.495063
7:30:00 AM,1.653194,3.535942,4.163073,4.495063
7:30:00 AM,1.653219,3.535885,4.163097,4.495083
7:30:00 AM,1.653219,3.535885,4.163095,4.495065
7:30:00 AM,1.653194,3.535942,4.163119,4.495063
7:30:00 AM,1.653244,3.535916,4.163095,4.495046
7:30:00 AM,1.653194,3.535942,4.163095,4.495063
7:30:00 AM,1.653244,3.535942,4.163095,4.495046
7:30:00 AM,1.653194,3.535942,4.163119,4.495083
7:30:00 AM,1.653194,3.535942,4.163119,4.495046
7:30:00 AM,1.653194,3.535911,4.163095,4.495063
7:30:00 AM,1.653219,3.535942,4.163119,4.495046
7:30:00 AM,1.653194,3.535911,4.163095,4.495083
7:30:00 AM,1.653194,3.535916,4.163073,4.495063
7:30:00 AM,1.653219,3.535911,4.163073,4.495046
7:30:00 AM,1.653194,3.535911,4.163095,4.495065
7:30:00 AM,1.653194,3.535942,4.163071,4.495046
7:30:00 AM,1.65322,3.535942,4.163073,4.495063
7:30:00 AM,1.653219,3.535911,4.163095,4.495083
7:30:00 AM,1.65322,3.535942,4.163073,4.495046
7:30:00 AM,1.65322,3.535942,4.163073,4.495063
7:30:00 AM,1.653244,3.535911,4.163095,4.495083
7:30:00 AM,1.653219,3.535885,4.163073,4.495046
7:30:00 AM,1.653194,3.535916,4.163095,4.495083
7:30:00 AM,1.65322,3.535942,4.163095,4.495063
7:30:00 AM,1.65322,3.535916,4.163119,4.495046
7:30:00 AM,1.65322,3.535911,4.163073,4.495083
7:30:00 AM,1.653219,3.535916,4.163097,4.495065
7:30:00 AM,1.653219,3.535942,4.163073,4.495083
7:30:00 AM,1.65322,3.535916,4.163095,4.495063
7:30:00 AM,1.65322,3.535885,4.163095,4.495063
7:30:00 AM,1.65322,3.535942,4.163119,4.495046
7:30:00 AM,1.653194,3.535942,4.163097,4.495046
7:30:00 AM,1.65322,3.535911,4.163073,4.495046
7:30:00 AM,1.65322,3.535916,4.163095,4.495063
7:30:00 AM,1.653219,3.535911,4.163095,4.495046
7:30:00 AM,1.653194,3.535916,4.163073,4.495063
7:30:00 AM,1.653194,3.535942,4.163049,4.495065
7:30:00 AM,1.653194,3.535942,4.163095,4.495063
7:30:00 AM,1.653219,3.535916,4.163095,4.495046
7:30:00 AM,1.653194,3.535942,4.163073,4.495046
7:30:00 AM,1.653219,3.535916,4.163095,4.495063
7:30:00 AM,1.653244,3.535942,4.163073,4.495083
7:30:00 AM,1.653194,3.535942,4.163049,4.495065
7:30:00 AM,1.653219,3.535942,4.163095,4.495063
7:30:00 AM,1.653194,3.535942,4.163119,4.495063
7:30:00 AM,1.653219,3.535885,4.163097,4.495083
7:30:01 AM,1.653219,3.535916,4.163097,4.495065
7:30:01 AM,1.653219,3.535885,4.163073,4.495065
7:30:01 AM,1.653219,3.535885,4.163073,4.495065
7:30:01 AM,1.653219,3.535885,4.163073,4.495065
7:30:01 AM,1.653219,3.535885,4.163073,4.495065
7:30:01 AM,1.653219,3.535885,4.163095,4.495065
7:30:01 AM,1.653219,3.535916,4.163073,4.495065
7:30:01 AM,1.653194,3.535916,4.163073,4.495065
7:30:01 AM,1.653194,3.535916,4.163095,4.495065
7:30:01 AM,1.653194,3.535916,4.163073,4.495065
7:30:01 AM,1.653194,3.535916,4.163073,4.495046
7:30:01 AM,1.653194,3.535916,4.163073,4.495046
7:30:01 AM,1.653194,3.535916,4.163073,4.495046
7:30:01 AM,1.653194,3.535916,4.163095,4.495046
7:30:01 AM,1.653194,3.535916,4.163073,4.495046
7:30:01 AM,1.653194,3.535916,4.163073,4.495065
7:30:01 AM,1.653194,3.535916,4.163095,4.495065
7:30:01 AM,1.653194,3.535916,4.163073,4.495065
7:30:01 AM,1.653194,3.535916,4.163073,4.495065
7:30:01 AM,1.653194,3.535916,4.163073,4.495046
7:30:01 AM,1.653194,3.535916,4.163073,4.495065
7:30:01 AM,1.653194,3.535916,4.163095,4.495083
7:30:01 AM,1.653219,3.535885,4.163073,4.495065
7:30:01 AM,1.653194,3.535916,4.163095,4.495065
7:30:01 AM,1.653219,3.535885,4.163073,4.495065
7:30:01 AM,1.653219,3.535885,4.163073,4.495065
7:30:01 AM,1.653194,3.535916,4.163073,4.495046
7:30:01 AM,1.653219,3.535885,4.163097,4.495065
7:30:01 AM,1.653219,3.535885,4.163097,4.495065
7:30:01 AM,1.653219,3.535885,4.163097,4.495065
7:30:01 AM,1.653219,3.535885,4.163097,4.495065
7:30:01 AM,1.653219,3.535885,4.163097,4.495065
7:30:01 AM,1.653219,3.535885,4.163097,4.495065
7:30:01 AM,1.653219,3.535885,4.163097,4.495065
7:30:01 AM,1.653219,3.535885,4.163097,4.495065
7:30:01 AM,1.653219,3.535885,4.163097,4.495065
7:30:01 AM,1.653219,3.535885,4.163097,4.495065
7:30:01 AM,1.653219,3.535885,4.163097,4.495065
7:30:01 AM,1.653219,3.535885,4.163097,4.495065
7:30:01 AM,1.653219,3.535885,4.163097,4.495065
7:30:01 AM,1.653219,3.535885,4.163097,4.495065
7:30:01 AM,1.653219,3.535885,4.163073,4.495065
7:30:01 AM,1.653219,3.535885,4.163073,4.495065
7:30:01 AM,1.653219,3.535885,4.163073,4.495065
7:30:01 AM,1.653219,3.535885,4.163073,4.495065
7:30:01 AM,1.653219,3.535885,4.163097,4.495065
7:30:01 AM,1.653219,3.535885,4.163073,4.495065
7:30:01 AM,1.653219,3.535885,4.163073,4.495065
7:30:01 AM,1.653194,3.535916,4.163095,4.495083
7:30:01 AM,1.653219,3.535885,4.163097,4.495065
7:30:01 AM,1.653194,3.535916,4.163071,4.495083
7:30:01 AM,1.653194,3.535916,4.163095,4.495065
7:30:01 AM,1.653194,3.535916,4.163095,4.495046
7:30:01 AM,1.653194,3.535916,4.163095,4.495046
7:30:01 AM,1.653194,3.535916,4.163095,4.495046
7:30:01 AM,1.653194,3.535916,4.163073,4.495063
7:30:01 AM,1.653194,3.535916,4.163073,4.495063
7:30:01 AM,1.653194,3.535916,4.163073,4.495063
7:30:01 AM,1.653194,3.535916,4.163095,4.495063
7:30:01 AM,1.653194,3.535916,4.163095,4.495063
7:30:01 AM,1.653194,3.535942,4.163095,4.495063
7:30:01 AM,1.653194,3.535942,4.163095,4.495063
7:30:01 AM,1.653194,3.535942,4.163095,4.495063
7:30:01 AM,1.653194,3.535942,4.163073,4.495063
7:30:01 AM,1.653194,3.535911,4.163095,4.495083
7:30:01 AM,1.65322,3.535942,4.163073,4.495063
7:30:01 AM,1.65322,3.535942,4.163073,4.495063
7:30:01 AM,1.65322,3.535942,4.163073,4.495063
7:30:01 AM,1.653194,3.535885,4.163073,4.495063
7:30:01 AM,1.653244,3.535942,4.163073,4.495046
7:30:01 AM,1.653244,3.535916,4.163095,4.495065
7:30:01 AM,1.653194,3.535916,4.163071,4.495083
7:30:01 AM,1.653194,3.535916,4.163095,4.495065
7:30:01 AM,1.653194,3.535916,4.163095,4.495065
7:30:01 AM,1.653194,3.535942,4.163095,4.495063
7:30:01 AM,1.653194,3.535916,4.163095,4.495065
7:30:01 AM,1.653194,3.535916,4.163095,4.495083
7:30:01 AM,1.653194,3.535916,4.163095,4.495065
7:30:01 AM,1.653194,3.535916,4.163095,4.495083
7:30:01 AM,1.653194,3.535916,4.163071,4.495083
7:30:01 AM,1.653194,3.535916,4.163071,4.495083
7:30:01 AM,1.653194,3.535916,4.163071,4.495083
7:30:01 AM,1.653194,3.535916,4.163071,4.495083
7:30:01 AM,1.653194,3.535916,4.163071,4.495083
7:30:01 AM,1.653194,3.535916,4.163071,4.495083
7:30:01 AM,1.653194,3.535916,4.163095,4.495083
7:30:01 AM,1.653194,3.535916,4.163095,4.495083
7:30:01 AM,1.653194,3.535916,4.163071,4.495083
7:30:01 AM,1.653194,3.535916,4.163095,4.495083
7:30:01 AM,1.653194,3.535916,4.163095,4.495083
7:30:01 AM,1.653194,3.535916,4.163095,4.495065
7:30:01 AM,1.653194,3.535916,4.163095,4.495083
7:30:01 AM,1.653194,3.535916,4.163095,4.495083
7:30:01 AM,1.653194,3.535885,4.163095,4.495065
7:30:01 AM,1.653194,3.535916,4.163071,4.495083
7:30:01 AM,1.653194,3.535916,4.163095,4.495065
7:30:01 AM,1.653194,3.535916,4.163095,4.495083
7:30:01 AM,1.653194,3.535885,4.163095,4.495065
7:30:01 AM,1.653194,3.535916,4.163095,4.495083
7:30:01 AM,1.653244,3.535911,4.163073,4.495046
7:30:01 AM,1.653219,3.535916,4.163095,4.495046
7:30:01 AM,1.653244,3.535885,4.163095,4.495046
7:30:01 AM,1.653244,3.535911,4.163095,4.495065
7:30:01 AM,1.653219,3.535911,4.163095,4.495046
7:30:01 AM,1.653244,3.535885,4.163073,4.495065
7:30:01 AM,1.653194,3.535916,4.163073,4.495065
7:30:01 AM,1.65322,3.535911,4.163095,4.495046
7:30:01 AM,1.653219,3.535911,4.163095,4.495046
7:30:01 AM,1.653244,3.535911,4.163073,4.495029
7:30:01 AM,1.653219,3.535942,4.163073,4.495065
7:30:01 AM,1.653244,3.535911,4.163119,4.495046
7:30:01 AM,1.65322,3.535911,4.163073,4.495065
7:30:01 AM,1.653244,3.535911,4.163073,4.495046
7:30:01 AM,1.653219,3.535885,4.163095,4.495046
7:30:01 AM,1.653244,3.535942,4.163119,4.495065
7:30:01 AM,1.653244,3.535911,4.163095,4.495046
7:30:01 AM,1.653219,3.535911,4.163073,4.495046
7:30:01 AM,1.653244,3.535911,4.163073,4.495065
7:30:01 AM,1.653244,3.535916,4.163095,4.495065
7:30:01 AM,1.653244,3.535911,4.163095,4.495046
7:30:01 AM,1.653244,3.535885,4.163073,4.495046
7:30:01 AM,1.653219,3.535911,4.163095,4.495065
7:30:01 AM,1.653244,3.535942,4.163073,4.495046
7:30:01 AM,1.653219,3.535911,4.163095,4.495065
7:30:01 AM,1.653219,3.535911,4.163097,4.495065
7:30:01 AM,1.653244,3.535942,4.163095,4.495046
7:30:01 AM,1.65322,3.535911,4.163095,4.495029
7:30:01 AM,1.653244,3.535911,4.163073,4.495065
7:30:01 AM,1.653219,3.535885,4.163097,4.495065
7:30:01 AM,1.653244,3.535885,4.163095,4.495065
7:30:01 AM,1.653219,3.535916,4.163097,4.495048
7:30:01 AM,1.653219,3.535916,4.163095,4.495065
7:30:01 AM,1.653244,3.535911,4.163095,4.495046
7:30:01 AM,1.653244,3.535885,4.163097,4.495065
7:30:01 AM,1.653244,3.535911,4.163073,4.495065
7:30:01 AM,1.653244,3.535911,4.163119,4.495046
7:30:01 AM,1.653244,3.535916,4.163095,4.495046
7:30:01 AM,1.653244,3.535885,4.163095,4.495046
7:30:01 AM,1.653244,3.535942,4.163095,4.495065
7:30:01 AM,1.65322,3.535911,4.163095,4.495048
7:30:01 AM,1.653244,3.535885,4.163119,4.495046
7:30:01 AM,1.653244,3.535942,4.163095,4.495046
7:30:01 AM,1.653244,3.535942,4.163073,4.495065
7:30:01 AM,1.653219,3.535885,4.163095,4.495029
7:30:01 AM,1.65322,3.535885,4.163073,4.495065
7:30:01 AM,1.653219,3.535911,4.163073,4.495046
7:30:01 AM,1.65322,3.535885,4.163119,4.495065
7:30:01 AM,1.653194,3.535942,4.163097,4.495065
7:30:01 AM,1.653219,3.535942,4.163073,4.495046
7:30:01 AM,1.65322,3.535942,4.163095,4.495065
7:30:01 AM,1.653219,3.535885,4.163097,4.495065
7:30:01 AM,1.653244,3.535885,4.163073,4.495046
7:30:01 AM,1.653219,3.535911,4.163095,4.495046
7:30:01 AM,1.653219,3.535911,4.163095,4.495046
7:30:01 AM,1.653219,3.535911,4.163119,4.495065
7:30:01 AM,1.653219,3.535942,4.163119,4.495065
7:30:01 AM,1.653244,3.535942,4.163095,4.495065
7:30:01 AM,1.653244,3.535942,4.163073,4.495029
7:30:01 AM,1.653244,3.535885,4.163095,4.495065
7:30:01 AM,1.653244,3.535911,4.163073,4.495046
7:30:01 AM,1.653244,3.535911,4.163095,4.495065
7:30:01 AM,1.653244,3.535942,4.163073,4.495065
7:30:01 AM,1.653219,3.535911,4.163095,4.495065
7:30:01 AM,1.653219,3.535911,4.163073,4.495048
7:30:01 AM,1.653194,3.535916,4.163095,4.495029
7:30:01 AM,1.653244,3.535911,4.163097,4.495029
7:30:01 AM,1.653244,3.535885,4.163073,4.495065
7:30:01 AM,1.65322,3.535942,4.163073,4.495065
7:30:01 AM,1.653244,3.535916,4.163073,4.495029
7:30:01 AM,1.653244,3.535911,4.163095,4.495065
7:30:01 AM,1.653244,3.535911,4.163119,4.495029
7:30:01 AM,1.653219,3.535916,4.163119,4.495046
7:30:01 AM,1.653244,3.535885,4.163073,4.495048
7:30:01 AM,1.653219,3.535916,4.163095,4.495046
7:30:01 AM,1.653244,3.535885,4.163073,4.495065
7:30:01 AM,1.65322,3.535885,4.163073,4.495065
7:30:01 AM,1.653194,3.535916,4.163073,4.495046
7:30:01 AM,1.653244,3.535885,4.163119,4.495065
7:30:01 AM,1.653244,3.535916,4.163073,4.495065
7:30:01 AM,1.653194,3.535885,4.163095,4.495046
7:30:01 AM,1.653244,3.535911,4.163073,4.495065
7:30:01 AM,1.653219,3.535942,4.163095,4.495048
7:30:01 AM,1.653244,3.535885,4.163095,4.495065
7:30:01 AM,1.653244,3.535885,4.163073,4.495029
7:30:01 AM,1.65322,3.535911,4.163119,4.495065
7:30:01 AM,1.653244,3.535885,4.163073,4.495046
7:30:01 AM,1.653244,3.535916,4.163095,4.495065
7:30:01 AM,1.653219,3.535911,4.163095,4.495065
7:30:01 AM,1.653219,3.535885,4.163073,4.495065
7:30:01 AM,1.653244,3.535885,4.163095,4.495046
7:30:01 AM,1.653244,3.535911,4.163073,4.495048
7:30:01 AM,1.653244,3.535885,4.163073,4.495065
7:30:01 AM,1.653219,3.535911,4.163095,4.495065
7:30:01 AM,1.653194,3.535911,4.163095,4.495046
7:30:01 AM,1.653244,3.535911,4.163097,4.495029
7:30:01 AM,1.653244,3.535911,4.163097,4.495046
7:30:01 AM,1.653244,3.535911,4.163095,4.495065
7:30:01 AM,1.653244,3.535942,4.163095,4.495046
7:30:01 AM,1.653244,3.535911,4.163095,4.495065
7:30:01 AM,1.653219,3.535916,4.163095,4.495063
7:30:02 AM,1.653219,3.535942,4.163095,4.495063
7:30:02 AM,1.653219,3.535942,4.163095,4.495063
7:30:02 AM,1.653244,3.535942,4.163095,4.495083
7:30:02 AM,1.653244,3.535942,4.163095,4.495083
7:30:02 AM,1.653244,3.535942,4.163095,4.495063
7:30:02 AM,1.653219,3.535942,4.163095,4.495063
7:30:02 AM,1.653219,3.535942,4.163095,4.495083
7:30:02 AM,1.653244,3.535942,4.163095,4.495063
7:30:02 AM,1.653194,3.535942,4.163095,4.495063
7:30:02 AM,1.653194,3.535942,4.163095,4.495083
7:30:02 AM,1.653194,3.535942,4.163095,4.495083
7:30:02 AM,1.65322,3.535942,4.163095,4.495083
7:30:02 AM,1.65322,3.535942,4.163095,4.495083
7:30:02 AM,1.653244,3.535942,4.163095,4.495083
7:30:02 AM,1.653244,3.535942,4.163095,4.495065
7:30:02 AM,1.653244,3.535942,4.163095,4.495065
7:30:02 AM,1.653244,3.535942,4.163095,4.495065
7:30:02 AM,1.653244,3.535942,4.163095,4.495046
7:30:02 AM,1.653244,3.535942,4.163095,4.495083
7:30:02 AM,1.653244,3.535942,4.163095,4.495083
7:30:02 AM,1.653244,3.535942,4.163095,4.495046
7:30:02 AM,1.653244,3.535942,4.163095,4.495083
7:30:02 AM,1.653244,3.535916,4.163095,4.495046
7:30:02 AM,1.653219,3.535916,4.163095,4.495046
7:30:02 AM,1.653194,3.535942,4.163095,4.495063
7:30:02 AM,1.653194,3.535942,4.163095,4.495063
7:30:02 AM,1.653194,3.535942,4.163095,4.495063
7:30:02 AM,1.653194,3.535942,4.163073,4.495063
7:30:02 AM,1.65322,3.535942,4.163073,4.495063
7:30:02 AM,1.65322,3.535942,4.163073,4.495063
7:30:02 AM,1.65322,3.535942,4.163073,4.495063
7:30:02 AM,1.65322,3.535942,4.163073,4.495063
7:30:02 AM,1.653194,3.535942,4.163073,4.495063
7:30:02 AM,1.65322,3.535942,4.163073,4.495063
7:30:02 AM,1.65322,3.535916,4.163095,4.495063
7:30:02 AM,1.653244,3.535916,4.163095,4.495063
7:30:02 AM,1.653244,3.535916,4.163095,4.495063
7:30:02 AM,1.653244,3.535916,4.163095,4.495063
7:30:02 AM,1.653219,3.535916,4.163095,4.495063
7:30:02 AM,1.653219,3.535942,4.163095,4.495046
7:30:02 AM,1.653244,3.535916,4.163095,4.495046
7:30:02 AM,1.653244,3.535916,4.163095,4.495046
7:30:02 AM,1.653244,3.535916,4.163095,4.495046
7:30:02 AM,1.653244,3.535916,4.163095,4.495046
7:30:02 AM,1.653244,3.535916,4.163095,4.495046
7:30:02 AM,1.653219,3.535916,4.163095,4.495046
7:30:02 AM,1.653244,3.535942,4.163095,4.495065
7:30:02 AM,1.653244,3.535942,4.163095,4.495083
7:30:02 AM,1.653244,3.535942,4.163095,4.495065
7:30:02 AM,1.65322,3.535942,4.163142,4.495046
7:30:02 AM,1.653244,3.535942,4.163142,4.495046
7:30:02 AM,1.653244,3.535942,4.163119,4.495046
7:30:02 AM,1.653244,3.535942,4.163142,4.495046
7:30:02 AM,1.653244,3.535942,4.163118,4.495046
7:30:02 AM,1.653244,3.535942,4.163118,4.495046
7:30:02 AM,1.653244,3.535942,4.163119,4.495046
7:30:02 AM,1.653244,3.535942,4.163095,4.495046
7:30:02 AM,1.653244,3.535942,4.163119,4.495065
7:30:02 AM,1.653244,3.535942,4.163095,4.495065
7:30:02 AM,1.653244,3.535942,4.163118,4.495065
7:30:02 AM,1.653244,3.535942,4.163118,4.495065
7:30:02 AM,1.653244,3.535942,4.163118,4.495065
7:30:02 AM,1.653244,3.535942,4.163142,4.495065
7:30:02 AM,1.653244,3.535942,4.163095,4.495065
7:30:02 AM,1.653244,3.535942,4.163095,4.495065
7:30:02 AM,1.653244,3.535942,4.163119,4.495065
7:30:02 AM,1.653244,3.535911,4.163119,4.495065
7:30:02 AM,1.653244,3.535911,4.163095,4.495065
7:30:02 AM,1.653244,3.535911,4.163095,4.495065
7:30:02 AM,1.653244,3.535911,4.163095,4.495065
7:30:02 AM,1.65322,3.535942,4.163142,4.495046
7:30:02 AM,1.65322,3.535942,4.163119,4.495046
7:30:02 AM,1.65322,3.535942,4.163142,4.495046
7:30:02 AM,1.65322,3.535942,4.163119,4.495046
7:30:02 AM,1.653244,3.535942,4.163095,4.495046
7:30:02 AM,1.653244,3.535942,4.163095,4.495046
7:30:02 AM,1.653244,3.535942,4.163095,4.495046
7:30:02 AM,1.653244,3.535942,4.163095,4.495046
7:30:02 AM,1.653244,3.535942,4.163095,4.495046
7:30:02 AM,1.653244,3.535942,4.163095,4.495046
7:30:02 AM,1.653244,3.535942,4.163095,4.495046
7:30:02 AM,1.653244,3.535942,4.163095,4.495046
7:30:02 AM,1.653244,3.535942,4.163095,4.495046
7:30:02 AM,1.653244,3.535942,4.163095,4.495046
7:30:02 AM,1.653244,3.535911,4.163095,4.495065
7:30:02 AM,1.653244,3.535942,4.163095,4.495046
7:30:02 AM,1.653244,3.535942,4.163095,4.495046
7:30:02 AM,1.653244,3.535942,4.163095,4.495046
7:30:02 AM,1.653244,3.535942,4.163118,4.495046
7:30:02 AM,1.653244,3.535942,4.163142,4.495046
7:30:02 AM,1.653244,3.535942,4.163118,4.495046
7:30:02 AM,1.653244,3.535942,4.163118,4.495046
7:30:02 AM,1.653244,3.535942,4.163118,4.495046
7:30:02 AM,1.65322,3.535942,4.163118,4.495046
7:30:02 AM,1.65322,3.535942,4.163118,4.495046
7:30:02 AM,1.65322,3.535942,4.163142,4.495046
7:30:02 AM,1.653244,3.535942,4.163095,4.495046
7:30:02 AM,1.653194,3.535942,4.163073,4.495063
7:30:02 AM,1.653244,3.535911,4.163095,4.495065
7:30:02 AM,1.653244,3.535911,4.163073,4.495065
7:30:02 AM,1.653219,3.535829,4.163049,4.495065
7:30:02 AM,1.653244,3.535829,4.163073,4.495063
7:30:02 AM,1.653219,3.535859,4.16305,4.495063
7:30:02 AM,1.653219,3.535859,4.16305,4.495083
7:30:02 AM,1.653194,3.535802,4.163049,4.495083
7:30:02 AM,1.653219,3.535829,4.16305,4.495065
7:30:02 AM,1.653219,3.535859,4.16305,4.495063
7:30:02 AM,1.653219,3.535829,4.16305,4.495063
7:30:02 AM,1.653194,3.535829,4.163073,4.495063
7:30:02 AM,1.65322,3.535859,4.16305,4.495065
7:30:02 AM,1.653194,3.535859,4.16305,4.495083
7:30:02 AM,1.653219,3.535859,4.163049,4.495083
7:30:02 AM,1.653194,3.535833,4.16305,4.495063
7:30:02 AM,1.653219,3.535859,4.163073,4.495083
7:30:02 AM,1.65322,3.535859,4.16305,4.495046
7:30:02 AM,1.653194,3.535829,4.163049,4.495083
7:30:02 AM,1.653244,3.535829,4.16305,4.495083
7:30:02 AM,1.65322,3.535829,4.163073,4.495046
7:30:02 AM,1.653219,3.535859,4.16305,4.495083
7:30:02 AM,1.653219,3.535829,4.163073,4.495083
7:30:02 AM,1.65322,3.535833,4.16305,4.495083
7:30:02 AM,1.653219,3.535855,4.163073,4.495083
7:30:02 AM,1.653244,3.535833,4.16305,4.495063
7:30:02 AM,1.653219,3.535802,4.16305,4.495065
7:30:02 AM,1.653219,3.535829,4.163073,4.495063
7:30:02 AM,1.653219,3.535859,4.163073,4.495065
7:30:02 AM,1.653219,3.535859,4.163073,4.495083
7:30:02 AM,1.653219,3.535859,4.163073,4.495083
7:30:02 AM,1.653194,3.535859,4.163073,4.495063
7:30:02 AM,1.653244,3.535855,4.16305,4.495083
7:30:02 AM,1.653219,3.535829,4.16305,4.495083
7:30:02 AM,1.65322,3.535859,4.16305,4.495046
7:30:02 AM,1.653244,3.535859,4.163073,4.495083
7:30:02 AM,1.653244,3.535859,4.16305,4.495083
7:30:02 AM,1.65322,3.535829,4.16305,4.495046
7:30:02 AM,1.653219,3.535859,4.163073,4.495063
7:30:02 AM,1.65322,3.535829,4.16305,4.495063
7:30:02 AM,1.653194,3.535829,4.163073,4.495063
7:30:02 AM,1.653194,3.535829,4.16305,4.495063
7:30:02 AM,1.653219,3.535859,4.163073,4.495083
7:30:02 AM,1.653219,3.535829,4.16305,4.495063
7:30:02 AM,1.65322,3.535859,4.16305,4.495065
7:30:02 AM,1.653219,3.535829,4.16305,4.495063
7:30:02 AM,1.653244,3.535859,4.163049,4.495083
7:30:02 AM,1.653244,3.535859,4.163073,4.495083
7:30:02 AM,1.653219,3.535829,4.163049,4.495083
7:30:02 AM,1.653194,3.535829,4.163026,4.495065
7:30:02 AM,1.653194,3.535859,4.16305,4.495065
7:30:02 AM,1.653244,3.535859,4.16305,4.495046
7:30:02 AM,1.653194,3.535859,4.163073,4.495065
7:30:02 AM,1.653194,3.535859,4.16305,4.495065
7:30:02 AM,1.653244,3.535829,4.16305,4.495083
7:30:02 AM,1.653219,3.535829,4.16305,4.495083
7:30:02 AM,1.653244,3.535859,4.16305,4.495083
7:30:02 AM,1.653194,3.535859,4.16305,4.495083
7:30:02 AM,1.65322,3.535829,4.16305,4.495063
7:30:02 AM,1.653219,3.535829,4.16305,4.495083
7:30:02 AM,1.653219,3.535859,4.163073,4.495083
7:30:02 AM,1.653244,3.535859,4.16305,4.495083
7:30:02 AM,1.653219,3.535859,4.163073,4.495065
7:30:02 AM,1.653219,3.535885,4.16305,4.495083
7:30:02 AM,1.653219,3.535802,4.16305,4.495083
7:30:02 AM,1.653244,3.535833,4.16305,4.495083
7:30:02 AM,1.653219,3.535833,4.163073,4.495083
7:30:02 AM,1.653194,3.535833,4.16305,4.495063
7:30:02 AM,1.653219,3.535829,4.16305,4.495083
7:30:02 AM,1.653219,3.535833,4.16305,4.495083
7:30:02 AM,1.653194,3.535802,4.16305,4.495065
7:30:02 AM,1.653244,3.535885,4.163073,4.495065
7:30:02 AM,1.653244,3.535885,4.163095,4.495065
7:30:02 AM,1.653244,3.535911,4.163095,4.495046
7:30:02 AM,1.65322,3.535859,4.16305,4.495063
7:30:02 AM,1.653219,3.535859,4.16305,4.495063
7:30:02 AM,1.653244,3.535859,4.16305,4.495083
7:30:02 AM,1.653244,3.535859,4.16305,4.495083
7:30:02 AM,1.653244,3.535829,4.163026,4.495063
7:30:02 AM,1.653244,3.535829,4.163073,4.495083
7:30:02 AM,1.653244,3.535859,4.163073,4.495065
7:30:02 AM,1.653244,3.535829,4.163073,4.495063
7:30:02 AM,1.653244,3.535802,4.16305,4.495083
7:30:02 AM,1.65322,3.535829,4.163073,4.495083
7:30:02 AM,1.653194,3.535859,4.16305,4.495063
7:30:02 AM,1.653244,3.535829,4.16305,4.495083
7:30:02 AM,1.65322,3.535802,4.163049,4.495063
7:30:02 AM,1.653244,3.535829,4.163073,4.495083
7:30:02 AM,1.653219,3.535859,4.163073,4.495065
7:30:02 AM,1.653219,3.535829,4.163073,4.495063
7:30:02 AM,1.653219,3.535829,4.16305,4.495065
7:30:02 AM,1.653244,3.535829,4.163073,4.495046
7:30:02 AM,1.653194,3.535829,4.16305,4.495065
7:30:02 AM,1.65322,3.535859,4.163073,4.495046
7:30:02 AM,1.653194,3.535833,4.16305,4.495065
7:30:02 AM,1.653194,3.535829,4.16305,4.495083
7:30:02 AM,1.653219,3.535829,4.163073,4.495046
7:30:02 AM,1.653244,3.535802,4.16305,4.495083
7:30:02 AM,1.653219,3.535859,4.16305,4.495063
7:30:02 AM,1.653219,3.535829,4.163073,4.495046
7:30:02 AM,1.653219,3.535829,4.16305,4.495083
7:30:02 AM,1.653219,3.535859,4.163073,4.495083
7:30:03 AM,1.653194,3.535829,4.16305,4.495083
7:30:03 AM,1.653219,3.535859,4.163073,4.495083
7:30:03 AM,1.653244,3.535885,4.163073,4.495029
7:30:03 AM,1.653244,3.535885,4.163073,4.495029
7:30:03 AM,1.653244,3.535885,4.163073,4.495029
7:30:03 AM,1.653244,3.535855,4.163073,4.495029
7:30:03 AM,1.653244,3.535885,4.163097,4.495029
7:30:03 AM,1.653244,3.535885,4.163073,4.495029
7:30:03 AM,1.653244,3.535885,4.163073,4.495029
7:30:03 AM,1.653244,3.535885,4.163073,4.495029
7:30:03 AM,1.653244,3.535885,4.163073,4.495029
7:30:03 AM,1.653244,3.535855,4.163073,4.495029
7:30:03 AM,1.653244,3.535855,4.163073,4.495029
7:30:03 AM,1.653244,3.535829,4.163073,4.495029
7:30:03 AM,1.653244,3.535829,4.163073,4.495029
7:30:03 AM,1.653244,3.535829,4.163073,4.495029
7:30:03 AM,1.653244,3.535829,4.163073,4.495029
7:30:03 AM,1.653244,3.535829,4.163073,4.495029
7:30:03 AM,1.653244,3.535829,4.163073,4.495029
7:30:03 AM,1.653244,3.535829,4.163073,4.495029
7:30:03 AM,1.653244,3.535829,4.163073,4.495029
7:30:03 AM,1.653244,3.535829,4.163073,4.495029
7:30:03 AM,1.653244,3.535829,4.163073,4.495029
7:30:03 AM,1.653244,3.535885,4.163073,4.495029
7:30:03 AM,1.653244,3.535885,4.163073,4.495029
7:30:03 AM,1.653244,3.535885,4.163097,4.495029
7:30:03 AM,1.653244,3.535885,4.163097,4.495029
7:30:03 AM,1.653244,3.535911,4.163073,4.495046
7:30:03 AM,1.653244,3.535911,4.163073,4.495046
7:30:03 AM,1.653244,3.535911,4.163073,4.495046
7:30:03 AM,1.653244,3.535885,4.163073,4.495046
7:30:03 AM,1.653244,3.535911,4.163073,4.495046
7:30:03 AM,1.65322,3.535911,4.163073,4.495065
7:30:03 AM,1.65322,3.535911,4.163073,4.495065
7:30:03 AM,1.65322,3.535911,4.163097,4.495065
7:30:03 AM,1.653244,3.535911,4.163097,4.495065
7:30:03 AM,1.653244,3.535911,4.163073,4.495065
7:30:03 AM,1.653244,3.535829,4.16305,4.495029
7:30:03 AM,1.653244,3.535911,4.163073,4.495065
7:30:03 AM,1.653244,3.535911,4.163097,4.495046
7:30:03 AM,1.653244,3.535885,4.163097,4.495046
7:30:03 AM,1.653244,3.535885,4.163097,4.495046
7:30:03 AM,1.653244,3.535885,4.163097,4.495065
7:30:03 AM,1.653244,3.535885,4.163073,4.495065
7:30:03 AM,1.653244,3.535885,4.163097,4.495029
7:30:03 AM,1.653244,3.535885,4.163097,4.495029
7:30:03 AM,1.653244,3.535885,4.163097,4.495029
7:30:03 AM,1.653244,3.535885,4.163097,4.495029
7:30:03 AM,1.653244,3.535855,4.163097,4.495029
7:30:03 AM,1.653244,3.535911,4.163073,4.495046
7:30:03 AM,1.653244,3.535829,4.16305,4.495029
7:30:03 AM,1.653244,3.535911,4.163073,4.495046
7:30:03 AM,1.653244,3.535829,4.16305,4.495029
7:30:03 AM,1.653244,3.535829,4.16305,4.495046
7:30:03 AM,1.653244,3.535829,4.16305,4.495046
7:30:03 AM,1.653244,3.535829,4.16305,4.495046
7:30:03 AM,1.653244,3.535802,4.16305,4.495046
7:30:03 AM,1.653244,3.535829,4.16305,4.495046
7:30:03 AM,1.653244,3.535829,4.16305,4.495046
7:30:03 AM,1.653244,3.535802,4.16305,4.495046
7:30:03 AM,1.653244,3.535829,4.16305,4.495046
7:30:03 AM,1.653244,3.535829,4.16305,4.495046
7:30:03 AM,1.653244,3.535829,4.16305,4.495046
7:30:03 AM,1.653244,3.535829,4.16305,4.495046
7:30:03 AM,1.653244,3.535802,4.16305,4.495065
7:30:03 AM,1.653244,3.535802,4.16305,4.495065
7:30:03 AM,1.653244,3.535833,4.16305,4.495065
7:30:03 AM,1.653244,3.535833,4.16305,4.495065
7:30:03 AM,1.653244,3.535833,4.16305,4.495065
7:30:03 AM,1.653244,3.535859,4.16305,4.495065
7:30:03 AM,1.653219,3.535859,4.16305,4.495065
7:30:03 AM,1.653219,3.535859,4.16305,4.495065
7:30:03 AM,1.653219,3.535859,4.163073,4.495065
7:30:03 AM,1.653244,3.535829,4.16305,4.495029
7:30:03 AM,1.653244,3.535829,4.16305,4.495046
7:30:03 AM,1.653244,3.535829,4.16305,4.495046
7:30:03 AM,1.653219,3.535859,4.163073,4.495065
7:30:03 AM,1.653244,3.535829,4.16305,4.495046
7:30:03 AM,1.653244,3.535829,4.16305,4.495046
7:30:03 AM,1.653244,3.535829,4.16305,4.495029
7:30:03 AM,1.653244,3.535829,4.16305,4.495029
7:30:03 AM,1.653244,3.535829,4.16305,4.495046
7:30:03 AM,1.653244,3.535829,4.16305,4.495046
7:30:03 AM,1.653244,3.535859,4.16305,4.495046
7:30:03 AM,1.653244,3.535829,4.16305,4.495046
7:30:03 AM,1.653244,3.535859,4.16305,4.495046
7:30:03 AM,1.653219,3.535829,4.16305,4.495046
7:30:03 AM,1.653219,3.535829,4.16305,4.495046
7:30:03 AM,1.653244,3.535859,4.16305,4.495046
7:30:03 AM,1.653244,3.535829,4.163028,4.495046
7:30:03 AM,1.653244,3.535859,4.163028,4.495046
7:30:03 AM,1.653244,3.535859,4.16305,4.495046
7:30:03 AM,1.653244,3.535859,4.16305,4.495046
7:30:03 AM,1.653244,3.535859,4.16305,4.495046
7:30:03 AM,1.653244,3.535859,4.16305,4.495046
7:30:03 AM,1.653244,3.535859,4.16305,4.495046
7:30:03 AM,1.653244,3.535859,4.16305,4.495046
7:30:03 AM,1.653244,3.535859,4.16305,4.495046
7:30:03 AM,1.653244,3.535859,4.16305,4.495046
7:30:03 AM,1.653244,3.535829,4.16305,4.495046
7:30:03 AM,1.653194,3.535885,4.163073,4.495083
7:30:03 AM,1.653194,3.535885,4.163073,4.495083
7:30:03 AM,1.653194,3.535885,4.163073,4.495083
7:30:03 AM,1.653194,3.535885,4.163049,4.495083
7:30:03 AM,1.653169,3.535885,4.163073,4.495083
7:30:03 AM,1.653194,3.535885,4.163073,4.495083
7:30:03 AM,1.653169,3.535885,4.163049,4.495083
7:30:03 AM,1.653194,3.535885,4.163073,4.495083
7:30:03 AM,1.653194,3.535885,4.163073,4.495083
7:30:03 AM,1.653194,3.535885,4.163073,4.495083
7:30:03 AM,1.653194,3.535885,4.16305,4.495083
7:30:03 AM,1.653194,3.535885,4.163073,4.495083
7:30:03 AM,1.653194,3.535885,4.163073,4.495083
7:30:03 AM,1.653194,3.535885,4.163073,4.495083
7:30:03 AM,1.653194,3.535885,4.163073,4.495083
7:30:03 AM,1.653194,3.535885,4.163073,4.495083
7:30:03 AM,1.653194,3.535885,4.163073,4.495083
7:30:03 AM,1.653194,3.535885,4.16305,4.495083
7:30:03 AM,1.653194,3.535885,4.16305,4.495083
7:30:03 AM,1.653194,3.535885,4.16305,4.495083
7:30:03 AM,1.653194,3.535885,4.163073,4.495083
7:30:03 AM,1.653194,3.535885,4.163073,4.495083
7:30:03 AM,1.653194,3.535885,4.163049,4.495083
7:30:03 AM,1.653194,3.535885,4.163049,4.495083
7:30:03 AM,1.653194,3.535885,4.163049,4.495083
7:30:03 AM,1.653194,3.535885,4.16305,4.495083
7:30:03 AM,1.653194,3.535885,4.163073,4.495083
7:30:03 AM,1.653194,3.535885,4.163073,4.495083
7:30:03 AM,1.653194,3.535885,4.163073,4.495083
7:30:03 AM,1.653194,3.535885,4.163073,4.495083
7:30:03 AM,1.653194,3.535885,4.163073,4.495083
7:30:03 AM,1.653194,3.535885,4.163073,4.495083
7:30:03 AM,1.653194,3.535885,4.163073,4.495083
7:30:03 AM,1.653194,3.535885,4.163049,4.495083
7:30:03 AM,1.653194,3.535885,4.163073,4.495083
7:30:03 AM,1.653194,3.535885,4.163073,4.495083
7:30:03 AM,1.653194,3.535885,4.163073,4.495083
7:30:03 AM,1.653194,3.535885,4.163049,4.495083
7:30:03 AM,1.653194,3.535885,4.163049,4.495083
7:30:03 AM,1.653194,3.535885,4.163049,4.495083
7:30:03 AM,1.653194,3.535885,4.163049,4.495083
7:30:03 AM,1.653194,3.535885,4.163049,4.495083
7:30:03 AM,1.653194,3.535885,4.163049,4.495083
7:30:03 AM,1.653194,3.535885,4.163049,4.495083
7:30:03 AM,1.653194,3.535885,4.163049,4.495083
7:30:03 AM,1.653194,3.535885,4.163049,4.495083
7:30:03 AM,1.653194,3.535885,4.163049,4.495083
7:30:03 AM,1.653194,3.535885,4.16305,4.495083
7:30:03 AM,1.653194,3.535885,4.16305,4.495083
7:30:03 AM,1.653194,3.535885,4.16305,4.495083
7:30:03 AM,1.653219,3.535859,4.16305,4.495083
7:30:03 AM,1.653219,3.535859,4.163073,4.495083
7:30:03 AM,1.653194,3.535859,4.163073,4.495083
7:30:03 AM,1.653194,3.535859,4.163073,4.495083
7:30:03 AM,1.653194,3.535859,4.163073,4.495083
7:30:03 AM,1.653219,3.535859,4.163073,4.495083
7:30:03 AM,1.653194,3.535859,4.163073,4.495083
7:30:03 AM,1.653194,3.535859,4.163073,4.495083
7:30:03 AM,1.653219,3.535859,4.163073,4.495083
7:30:03 AM,1.653219,3.535859,4.163073,4.495083
7:30:03 AM,1.653219,3.535859,4.163073,4.495083
7:30:03 AM,1.653219,3.535859,4.16305,4.495083
7:30:03 AM,1.653219,3.535859,4.16305,4.495083
7:30:03 AM,1.653244,3.535859,4.163073,4.495083
7:30:03 AM,1.653244,3.535859,4.163073,4.495083
7:30:03 AM,1.653244,3.535859,4.16305,4.495083
7:30:03 AM,1.653219,3.535859,4.16305,4.495083
7:30:03 AM,1.653219,3.535859,4.16305,4.495083
7:30:03 AM,1.653219,3.535859,4.16305,4.495083
7:30:03 AM,1.653219,3.535859,4.16305,4.495083
7:30:03 AM,1.653194,3.535885,4.163073,4.4951
7:30:03 AM,1.653219,3.535859,4.16305,4.495083
7:30:03 AM,1.653194,3.535885,4.16305,4.495083
7:30:03 AM,1.653219,3.535859,4.16305,4.495083
7:30:03 AM,1.653194,3.535885,4.16305,4.495083
7:30:03 AM,1.653194,3.535885,4.16305,4.495083
7:30:03 AM,1.653194,3.535885,4.16305,4.495083
7:30:03 AM,1.653194,3.535885,4.16305,4.495083
7:30:03 AM,1.653194,3.535859,4.16305,4.495083
7:30:03 AM,1.653194,3.535859,4.16305,4.495083
7:30:03 AM,1.653194,3.535859,4.16305,4.495083
7:30:03 AM,1.653194,3.535859,4.16305,4.495083
7:30:03 AM,1.653194,3.535859,4.16305,4.495083
7:30:03 AM,1.653194,3.535859,4.16305,4.495083
7:30:03 AM,1.653194,3.535859,4.16305,4.495083
7:30:03 AM,1.653194,3.535859,4.16305,4.495083
7:30:03 AM,1.653194,3.535859,4.16305,4.495083
7:30:03 AM,1.653194,3.535859,4.16305,4.495083
7:30:03 AM,1.653194,3.535859,4.16305,4.495083
7:30:03 AM,1.653194,3.535859,4.16305,4.495083
7:30:03 AM,1.653194,3.535859,4.16305,4.495083
7:30:03 AM,1.653194,3.535859,4.16305,4.495083
7:30:03 AM,1.653194,3.535859,4.16305,4.495083
7:30:03 AM,1.653194,3.535859,4.16305,4.495083
7:30:03 AM,1.653194,3.535885,4.16305,4.495083
7:30:03 AM,1.653194,3.535885,4.16305,4.495083
7:30:03 AM,1.653219,3.535885,4.16305,4.495083
7:30:03 AM,1.653194,3.535885,4.163073,4.495083
7:30:03 AM,1.653194,3.535885,4.163073,4.495083
7:30:03 AM,1.653169,3.535885,4.163049,4.4951
7:30:03 AM,1.653194,3.535885,4.163049,4.49508
7:30:04 AM,1.653169,3.535855,4.163049,4.495063
7:30:04 AM,1.653194,3.535859,4.163049,4.495083
7:30:04 AM,1.653194,3.535885,4.163073,4.495102
7:30:04 AM,1.653194,3.535859,4.16305,4.495063
7:30:04 AM,1.653169,3.535855,4.163049,4.49508
7:30:04 AM,1.653169,3.535885,4.163049,4.495083
7:30:04 AM,1.653194,3.535855,4.163049,4.4951
7:30:04 AM,1.653194,3.535859,4.163026,4.4951
7:30:04 AM,1.653194,3.535859,4.163026,4.495083
7:30:04 AM,1.653194,3.535885,4.163073,4.4951
7:30:04 AM,1.653169,3.535859,4.163049,4.4951
7:30:04 AM,1.653169,3.535885,4.163026,4.4951
7:30:04 AM,1.653194,3.535881,4.163049,4.4951
7:30:04 AM,1.653194,3.535885,4.163049,4.4951
7:30:04 AM,1.653194,3.535885,4.163026,4.4951
7:30:04 AM,1.653169,3.535885,4.163073,4.495083
7:30:04 AM,1.653194,3.535885,4.163026,4.4951
7:30:04 AM,1.653169,3.535885,4.163073,4.49508
7:30:04 AM,1.653194,3.535859,4.163049,4.4951
7:30:04 AM,1.653194,3.535855,4.163073,4.495083
7:30:04 AM,1.653194,3.535859,4.16305,4.4951
7:30:04 AM,1.653169,3.535885,4.163073,4.495083
7:30:04 AM,1.653219,3.535859,4.163049,4.4951
7:30:04 AM,1.653194,3.535855,4.163073,4.495083
7:30:04 AM,1.653194,3.535885,4.163073,4.4951
7:30:04 AM,1.653194,3.535855,4.163049,4.495083
7:30:04 AM,1.653169,3.535885,4.163073,4.495102
7:30:04 AM,1.653194,3.535855,4.163026,4.4951
7:30:04 AM,1.653194,3.535859,4.163073,4.4951
7:30:04 AM,1.653194,3.535855,4.163049,4.4951
7:30:04 AM,1.653194,3.535859,4.163073,4.495102
7:30:04 AM,1.653194,3.535829,4.163026,4.495083
7:30:04 AM,1.653219,3.535885,4.163073,4.495083
7:30:04 AM,1.653169,3.535885,4.163049,4.495083
7:30:04 AM,1.653194,3.535855,4.163049,4.495083
7:30:04 AM,1.653169,3.535885,4.163026,4.4951
7:30:04 AM,1.653194,3.535855,4.163073,4.495083
7:30:04 AM,1.653194,3.535859,4.163049,4.495083
7:30:04 AM,1.653194,3.535885,4.163026,4.495083
7:30:04 AM,1.653194,3.535885,4.163049,4.495083
7:30:04 AM,1.653194,3.535855,4.163026,4.4951
7:30:04 AM,1.653219,3.535859,4.163049,4.495083
7:30:04 AM,1.653219,3.535859,4.163049,4.4951
7:30:04 AM,1.653194,3.535885,4.163049,4.495063
7:30:04 AM,1.653194,3.535855,4.163049,4.4951
7:30:04 AM,1.653169,3.535855,4.163049,4.495083
7:30:04 AM,1.653219,3.535885,4.16305,4.4951
7:30:04 AM,1.653169,3.535885,4.163026,4.4951
7:30:04 AM,1.653194,3.535885,4.163049,4.495102
7:30:04 AM,1.653169,3.535859,4.163073,4.4951
7:30:04 AM,1.653169,3.535855,4.163049,4.495083
7:30:04 AM,1.653219,3.535855,4.163026,4.495102
7:30:04 AM,1.653194,3.535855,4.163073,4.4951
7:30:04 AM,1.653194,3.535855,4.163073,4.495102
7:30:04 AM,1.653194,3.535885,4.163049,4.495119
7:30:04 AM,1.653194,3.535885,4.163073,4.495083
7:30:04 AM,1.653194,3.535885,4.163049,4.495083
7:30:04 AM,1.653194,3.535885,4.163049,4.495083
7:30:04 AM,1.653194,3.535885,4.163049,4.495083
7:30:04 AM,1.653194,3.535885,4.163049,4.495083
7:30:04 AM,1.653219,3.535855,4.163049,4.4951
7:30:04 AM,1.653194,3.535885,4.163049,4.495083
7:30:04 AM,1.653169,3.535885,4.163073,4.495083
7:30:04 AM,1.653169,3.535885,4.163073,4.495083
7:30:04 AM,1.653169,3.535885,4.163073,4.495083
7:30:04 AM,1.653169,3.535885,4.163073,4.495083
7:30:04 AM,1.653194,3.535885,4.163073,4.495083
7:30:04 AM,1.653194,3.535885,4.163073,4.495083
7:30:04 AM,1.653194,3.535885,4.163073,4.495083
7:30:04 AM,1.653194,3.535885,4.163049,4.4951
7:30:04 AM,1.653194,3.535885,4.163073,4.495083
7:30:04 AM,1.653194,3.535885,4.163073,4.495083
7:30:04 AM,1.653169,3.535885,4.163049,4.495083
7:30:04 AM,1.653169,3.535885,4.163026,4.4951
7:30:04 AM,1.653194,3.535885,4.163073,4.495083
7:30:04 AM,1.653194,3.535855,4.163049,4.495063
7:30:04 AM,1.653194,3.535855,4.16305,4.4951
7:30:04 AM,1.653194,3.535885,4.163073,4.495083
7:30:04 AM,1.653169,3.535885,4.163026,4.495083
7:30:04 AM,1.653169,3.535855,4.163049,4.495063
7:30:04 AM,1.653169,3.535829,4.16305,4.495083
7:30:04 AM,1.653194,3.535855,4.163049,4.495063
7:30:04 AM,1.653194,3.535855,4.163049,4.4951
7:30:04 AM,1.653219,3.535855,4.163049,4.495102
7:30:04 AM,1.653219,3.535859,4.163073,4.495083
7:30:04 AM,1.653194,3.535885,4.163073,4.495083
7:30:04 AM,1.653194,3.535859,4.163049,4.495083
7:30:04 AM,1.653194,3.535885,4.163049,4.495083
7:30:04 AM,1.653194,3.535885,4.163049,4.495083
7:30:04 AM,1.653169,3.535885,4.163073,4.495083
7:30:04 AM,1.653194,3.535885,4.163049,4.495083
7:30:04 AM,1.653194,3.535885,4.163049,4.495083
7:30:04 AM,1.653194,3.535885,4.163073,4.495083
7:30:04 AM,1.653194,3.535855,4.163049,4.495063
7:30:04 AM,1.653169,3.535885,4.163026,4.495083
7:30:04 AM,1.653194,3.535855,4.163049,4.495083
7:30:04 AM,1.653194,3.535855,4.163026,4.4951
7:30:04 AM,1.653169,3.535859,4.163049,4.4951
7:30:04 AM,1.653169,3.535855,4.163049,4.495083
7:30:04 AM,1.653194,3.535855,4.163097,4.495046
7:30:04 AM,1.653194,3.535855,4.163097,4.495046
7:30:04 AM,1.653194,3.535855,4.163097,4.495046
7:30:04 AM,1.653194,3.535855,4.163073,4.495046
7:30:04 AM,1.653194,3.535855,4.163097,4.495046
7:30:04 AM,1.653194,3.535855,4.163097,4.495046
7:30:04 AM,1.653194,3.535855,4.163097,4.495046
7:30:04 AM,1.653194,3.535855,4.163097,4.495046
7:30:04 AM,1.653194,3.535855,4.163097,4.495046
7:30:04 AM,1.653194,3.535855,4.163073,4.495063
7:30:04 AM,1.653194,3.535855,4.163097,4.495046
7:30:04 AM,1.653194,3.535855,4.163097,4.495046
7:30:04 AM,1.653194,3.535855,4.163097,4.495046
7:30:04 AM,1.653194,3.535855,4.163097,4.495046
7:30:04 AM,1.653194,3.535855,4.163097,4.495046
7:30:04 AM,1.653194,3.535881,4.163073,4.495046
7:30:04 AM,1.653194,3.535855,4.163073,4.495046
7:30:04 AM,1.653194,3.535855,4.163073,4.495046
7:30:04 AM,1.653194,3.535855,4.163073,4.495046
7:30:04 AM,1.65322,3.535855,4.163095,4.495046
7:30:04 AM,1.653194,3.535855,4.163073,4.495046
7:30:04 AM,1.653194,3.535855,4.163097,4.495046
7:30:04 AM,1.65322,3.535855,4.163119,4.495046
7:30:04 AM,1.653244,3.535885,4.163073,4.495046
7:30:04 AM,1.65322,3.535855,4.163073,4.495046
7:30:04 AM,1.653194,3.535855,4.163073,4.495063
7:30:04 AM,1.653219,3.535885,4.163095,4.495046
7:30:04 AM,1.653219,3.535885,4.163095,4.495046
7:30:04 AM,1.653219,3.535885,4.163095,4.495046
7:30:04 AM,1.653219,3.535885,4.163095,4.495046
7:30:04 AM,1.653244,3.535885,4.163095,4.495046
7:30:04 AM,1.653219,3.535885,4.163095,4.495046
7:30:04 AM,1.653219,3.535885,4.163095,4.495046
7:30:04 AM,1.653219,3.535885,4.163095,4.495046
7:30:04 AM,1.653219,3.535885,4.163095,4.495046
7:30:04 AM,1.653219,3.535885,4.163095,4.495046
7:30:04 AM,1.653244,3.535885,4.163073,4.495046
7:30:04 AM,1.653244,3.535885,4.163073,4.495046
7:30:04 AM,1.653244,3.535885,4.163073,4.495046
7:30:04 AM,1.653244,3.535855,4.163073,4.495046
7:30:04 AM,1.653244,3.535855,4.163073,4.495046
7:30:04 AM,1.653244,3.535855,4.163095,4.495046
7:30:04 AM,1.653244,3.535855,4.163095,4.495046
7:30:04 AM,1.653244,3.535855,4.163095,4.495046
7:30:04 AM,1.653194,3.535855,4.163073,4.495046
7:30:04 AM,1.65322,3.535855,4.163095,4.495046
7:30:04 AM,1.65322,3.535855,4.163073,4.495046
7:30:04 AM,1.653219,3.535885,4.163095,4.495046
7:30:04 AM,1.65322,3.535885,4.163073,4.495029
7:30:04 AM,1.653194,3.535855,4.163073,4.495063
7:30:04 AM,1.653219,3.535855,4.163071,4.495083
7:30:04 AM,1.653219,3.535855,4.163071,4.495083
7:30:04 AM,1.653219,3.535855,4.163071,4.495083
7:30:04 AM,1.653219,3.535855,4.163071,4.495083
7:30:04 AM,1.653194,3.535855,4.163071,4.495083
7:30:04 AM,1.653194,3.535855,4.163071,4.4951
7:30:04 AM,1.653194,3.535855,4.163049,4.4951
7:30:04 AM,1.653194,3.535855,4.163071,4.4951
7:30:04 AM,1.653194,3.535855,4.163071,4.4951
7:30:04 AM,1.653194,3.535855,4.163071,4.4951
7:30:04 AM,1.653194,3.535855,4.163071,4.4951
7:30:04 AM,1.653194,3.535855,4.163071,4.4951
7:30:04 AM,1.653194,3.535855,4.163071,4.4951
7:30:04 AM,1.653194,3.535855,4.163071,4.4951
7:30:04 AM,1.653194,3.535855,4.163049,4.4951
7:30:04 AM,1.653194,3.535855,4.163049,4.495083
7:30:04 AM,1.653194,3.535855,4.163049,4.495083
7:30:04 AM,1.653194,3.535885,4.163049,4.495083
7:30:04 AM,1.653194,3.535885,4.163049,4.495083
7:30:04 AM,1.653219,3.535885,4.163095,4.495046
7:30:04 AM,1.653194,3.535885,4.163049,4.495083
7:30:04 AM,1.653219,3.535855,4.163071,4.495083
7:30:04 AM,1.653219,3.535855,4.163071,4.495083
7:30:04 AM,1.653219,3.535855,4.163071,4.495083
7:30:04 AM,1.653219,3.535855,4.163049,4.495083
7:30:04 AM,1.653194,3.535881,4.163095,4.495063
7:30:04 AM,1.653194,3.535881,4.163095,4.495063
7:30:04 AM,1.653194,3.535855,4.163073,4.495063
7:30:04 AM,1.653194,3.535855,4.163095,4.495063
7:30:04 AM,1.653194,3.535855,4.163095,4.495063
7:30:04 AM,1.653219,3.535855,4.163095,4.495063
7:30:04 AM,1.653219,3.535855,4.163095,4.495063
7:30:04 AM,1.653219,3.535855,4.163095,4.495063
7:30:04 AM,1.653219,3.535855,4.163095,4.495063
7:30:04 AM,1.653219,3.535881,4.163095,4.495083
7:30:04 AM,1.653194,3.535881,4.163073,4.495063
7:30:04 AM,1.653219,3.535881,4.163095,4.495083
7:30:04 AM,1.653219,3.535855,4.163095,4.495083
7:30:04 AM,1.653219,3.535855,4.163095,4.495083
7:30:04 AM,1.653219,3.535855,4.163071,4.495083
7:30:04 AM,1.653219,3.535855,4.163071,4.495083
7:30:04 AM,1.653219,3.535881,4.163071,4.495083
7:30:04 AM,1.653219,3.535881,4.163071,4.495083
7:30:04 AM,1.653219,3.535881,4.163071,4.495083
7:30:04 AM,1.653219,3.535881,4.163071,4.495083
7:30:04 AM,1.653219,3.535881,4.163071,4.495083
7:30:04 AM,1.653219,3.535881,4.163049,4.495083
7:30:04 AM,1.653219,3.535855,4.163095,4.495083
7:30:04 AM,1.653219,3.535885,4.163095,4.495046
7:30:04 AM,1.653219,3.535885,4.163073,4.495046
7:30:04 AM,1.653219,3.535885,4.163095,4.495046
7:30:05 AM,1.653219,3.535885,4.163073,4.495046
7:30:05 AM,1.65322,3.535885,4.163119,4.495065
7:30:05 AM,1.653244,3.535885,4.163095,4.495065
7:30:05 AM,1.653194,3.535885,4.163119,4.495046
7:30:05 AM,1.653219,3.535885,4.163119,4.495046
7:30:05 AM,1.653219,3.535885,4.163073,4.495046
7:30:05 AM,1.653219,3.535916,4.163095,4.495046
7:30:05 AM,1.653244,3.535885,4.163095,4.495065
7:30:05 AM,1.653219,3.535911,4.163095,4.495065
7:30:05 AM,1.653194,3.535885,4.163073,4.495048
7:30:05 AM,1.653219,3.535885,4.163119,4.495046
7:30:05 AM,1.65322,3.535911,4.163119,4.495046
7:30:05 AM,1.653194,3.535916,4.163073,4.495048
7:30:05 AM,1.653194,3.535885,4.163073,4.495065
7:30:05 AM,1.653219,3.535885,4.163073,4.495046
7:30:05 AM,1.653219,3.535885,4.163073,4.495029
7:30:05 AM,1.65322,3.535885,4.163073,4.495046
7:30:05 AM,1.653244,3.535885,4.163073,4.495029
7:30:05 AM,1.65322,3.535885,4.163073,4.495046
7:30:05 AM,1.653219,3.535911,4.163119,4.495046
7:30:05 AM,1.653219,3.535885,4.163095,4.495046
7:30:05 AM,1.653219,3.535885,4.163097,4.495065
7:30:05 AM,1.653194,3.535911,4.163097,4.495029
7:30:05 AM,1.653219,3.535942,4.163073,4.495046
7:30:05 AM,1.653219,3.535885,4.163097,4.495065
7:30:05 AM,1.653244,3.535911,4.163073,4.495048
7:30:05 AM,1.653244,3.535911,4.163119,4.495065
7:30:05 AM,1.653194,3.535885,4.163073,4.495046
7:30:05 AM,1.653219,3.535911,4.163097,4.495046
7:30:05 AM,1.653219,3.535916,4.163095,4.495065
7:30:05 AM,1.653244,3.535911,4.163095,4.495065
7:30:05 AM,1.653244,3.535885,4.163073,4.495029
7:30:05 AM,1.653219,3.535885,4.163095,4.495046
7:30:05 AM,1.653244,3.535885,4.163095,4.495048
7:30:05 AM,1.653244,3.535885,4.163097,4.495048
7:30:05 AM,1.653244,3.535911,4.163095,4.495048
7:30:05 AM,1.653219,3.535885,4.163073,4.495048
7:30:05 AM,1.653219,3.535885,4.163095,4.495046
7:30:05 AM,1.653244,3.535885,4.163073,4.495048
7:30:05 AM,1.653244,3.535911,4.163073,4.495046
7:30:05 AM,1.65322,3.535885,4.163119,4.495029
7:30:05 AM,1.653244,3.535885,4.163073,4.495065
7:30:05 AM,1.653194,3.535885,4.163097,4.495046
7:30:05 AM,1.653219,3.535916,4.163095,4.495065
7:30:05 AM,1.653219,3.535911,4.163095,4.495029
7:30:05 AM,1.653219,3.535911,4.163097,4.495046
7:30:05 AM,1.65322,3.535885,4.163073,4.495046
7:30:05 AM,1.653219,3.535885,4.163095,4.495046
7:30:05 AM,1.653244,3.535916,4.163095,4.495046
7:30:05 AM,1.653219,3.535885,4.163095,4.495046
7:30:05 AM,1.653244,3.535885,4.163095,4.495029
7:30:05 AM,1.653244,3.535885,4.163097,4.495065
7:30:05 AM,1.653244,3.535911,4.163095,4.495065
7:30:05 AM,1.65322,3.535916,4.163097,4.495046
7:30:05 AM,1.65322,3.535885,4.163073,4.495046
7:30:05 AM,1.653219,3.535885,4.163097,4.495065
7:30:05 AM,1.65322,3.535911,4.163073,4.495065
7:30:05 AM,1.653244,3.535916,4.163073,4.495048
7:30:05 AM,1.653219,3.535885,4.163095,4.495046
7:30:05 AM,1.653219,3.535916,4.163073,4.495046
7:30:05 AM,1.65322,3.535885,4.163119,4.495029
7:30:05 AM,1.653219,3.535885,4.163095,4.495046
7:30:05 AM,1.653219,3.535885,4.163095,4.495046
7:30:05 AM,1.653219,3.535885,4.163095,4.495046
7:30:05 AM,1.653219,3.535885,4.163095,4.495046
7:30:05 AM,1.653219,3.535885,4.163095,4.495046
7:30:05 AM,1.653219,3.535885,4.163095,4.495046
7:30:05 AM,1.653219,3.535885,4.163095,4.495046
7:30:05 AM,1.653219,3.535885,4.163095,4.495046
7:30:05 AM,1.653219,3.535885,4.163095,4.495046
7:30:05 AM,1.653219,3.535885,4.163095,4.495046
7:30:05 AM,1.653244,3.535885,4.163119,4.495046
7:30:05 AM,1.653219,3.535942,4.163119,4.495029
7:30:05 AM,1.653219,3.535885,4.163097,4.495046
7:30:05 AM,1.653194,3.535911,4.163119,4.495029
7:30:05 AM,1.653219,3.535885,4.163073,4.495029
7:30:05 AM,1.653244,3.535885,4.163073,4.495029
7:30:05 AM,1.653244,3.535911,4.163095,4.495046
7:30:05 AM,1.653219,3.535885,4.163095,4.495048
7:30:05 AM,1.653194,3.535911,4.163073,4.495046
7:30:05 AM,1.653194,3.535885,4.163095,4.495046
7:30:05 AM,1.653219,3.535916,4.163097,4.495046
7:30:05 AM,1.653219,3.535911,4.163073,4.495046
7:30:05 AM,1.653244,3.535885,4.163119,4.495029
7:30:05 AM,1.653194,3.535885,4.163095,4.495046
7:30:05 AM,1.653244,3.535885,4.163073,4.495065
7:30:05 AM,1.653244,3.535911,4.163073,4.495048
7:30:05 AM,1.653219,3.535911,4.163095,4.495029
7:30:05 AM,1.653244,3.535942,4.163097,4.495029
7:30:05 AM,1.653219,3.535942,4.163119,4.495046
7:30:05 AM,1.653244,3.535885,4.163119,4.495029
7:30:05 AM,1.653244,3.535885,4.163097,4.495029
7:30:05 AM,1.653194,3.535885,4.163119,4.495065
7:30:05 AM,1.653244,3.535916,4.163073,4.495065
7:30:05 AM,1.653194,3.535885,4.163073,4.495046
7:30:05 AM,1.653219,3.535885,4.163095,4.495065
7:30:05 AM,1.653219,3.535885,4.163097,4.495029
7:30:05 AM,1.653219,3.535885,4.163073,4.495048
7:30:05 AM,1.653219,3.535885,4.163095,4.495029
7:30:05 AM,1.65322,3.535885,4.163073,4.495044
7:30:05 AM,1.653194,3.535885,4.163073,4.495046
7:30:05 AM,1.653194,3.535885,4.163095,4.495044
7:30:05 AM,1.653194,3.535859,4.163049,4.495044
7:30:05 AM,1.653244,3.535855,4.163073,4.495063
7:30:05 AM,1.65322,3.535829,4.163073,4.495026
7:30:05 AM,1.653194,3.535859,4.163073,4.495026
7:30:05 AM,1.653219,3.535829,4.163095,4.495044
7:30:05 AM,1.653194,3.535859,4.163049,4.495044
7:30:05 AM,1.65322,3.535855,4.163071,4.495044
7:30:05 AM,1.653194,3.535885,4.163073,4.495044
7:30:05 AM,1.653244,3.535859,4.163095,4.495044
7:30:05 AM,1.653219,3.535859,4.163095,4.495044
7:30:05 AM,1.653194,3.535885,4.163095,4.495044
7:30:05 AM,1.653194,3.535859,4.163095,4.495044
7:30:05 AM,1.653244,3.535829,4.163073,4.495044
7:30:05 AM,1.653194,3.535829,4.163073,4.495044
7:30:05 AM,1.653219,3.535855,4.163073,4.495026
7:30:05 AM,1.653194,3.535859,4.163049,4.495063
7:30:05 AM,1.653244,3.535859,4.163073,4.495044
7:30:05 AM,1.65322,3.535859,4.163049,4.495026
7:30:05 AM,1.653219,3.535829,4.163073,4.495026
7:30:05 AM,1.653219,3.535859,4.163095,4.495044
7:30:05 AM,1.653244,3.535829,4.163073,4.495063
7:30:05 AM,1.65322,3.535885,4.163073,4.495063
7:30:05 AM,1.653244,3.535859,4.163073,4.495044
7:30:05 AM,1.653219,3.535885,4.163073,4.495044
7:30:05 AM,1.653219,3.535885,4.163073,4.495044
7:30:05 AM,1.653219,3.535885,4.163073,4.495044
7:30:05 AM,1.653219,3.535859,4.163073,4.495044
7:30:05 AM,1.653219,3.535859,4.163073,4.495044
7:30:05 AM,1.653219,3.535859,4.163073,4.495044
7:30:05 AM,1.653219,3.535859,4.163073,4.495044
7:30:05 AM,1.653219,3.535859,4.163095,4.495044
7:30:05 AM,1.653244,3.535859,4.163073,4.495044
7:30:05 AM,1.65322,3.535859,4.163073,4.495044
7:30:05 AM,1.653219,3.535859,4.163073,4.495046
7:30:05 AM,1.65322,3.535859,4.163073,4.495044
7:30:05 AM,1.65322,3.535859,4.163073,4.495044
7:30:05 AM,1.653219,3.535859,4.163073,4.495044
7:30:05 AM,1.653194,3.535885,4.163073,4.495026
7:30:05 AM,1.653244,3.535885,4.163073,4.495046
7:30:05 AM,1.653194,3.535829,4.163073,4.495046
7:30:05 AM,1.653194,3.535829,4.163095,4.495063
7:30:05 AM,1.65322,3.535859,4.163073,4.495044
7:30:05 AM,1.653219,3.535885,4.163049,4.495026
7:30:05 AM,1.653194,3.535859,4.163049,4.495044
7:30:05 AM,1.653219,3.535855,4.163095,4.495044
7:30:05 AM,1.653194,3.535859,4.163073,4.495044
7:30:05 AM,1.653194,3.535885,4.163095,4.495044
7:30:05 AM,1.653194,3.535859,4.163073,4.495026
7:30:05 AM,1.653194,3.535859,4.163095,4.495044
7:30:05 AM,1.653219,3.535885,4.163071,4.495044
7:30:05 AM,1.653244,3.535829,4.163095,4.495044
7:30:05 AM,1.65322,3.535859,4.163073,4.495044
7:30:05 AM,1.653244,3.535885,4.163073,4.495063
7:30:05 AM,1.653219,3.535859,4.163049,4.495046
7:30:05 AM,1.653244,3.535829,4.163071,4.495046
7:30:05 AM,1.653194,3.535859,4.163049,4.495026
7:30:05 AM,1.653194,3.535885,4.163073,4.495044
7:30:05 AM,1.653244,3.535859,4.163095,4.495044
7:30:05 AM,1.653219,3.535859,4.163073,4.495046
7:30:05 AM,1.653194,3.535859,4.163095,4.495044
7:30:05 AM,1.653194,3.535885,4.163095,4.495044
7:30:05 AM,1.653244,3.535859,4.163073,4.495044
7:30:05 AM,1.653219,3.535855,4.163073,4.495046
7:30:05 AM,1.653219,3.535885,4.163073,4.495044
7:30:05 AM,1.653194,3.535829,4.163073,4.495026
7:30:05 AM,1.653219,3.535859,4.163049,4.495026
7:30:05 AM,1.653194,3.535829,4.163095,4.495044
7:30:05 AM,1.653219,3.535885,4.163073,4.495044
7:30:05 AM,1.653219,3.535859,4.163095,4.495044
7:30:05 AM,1.653194,3.535859,4.163095,4.495044
7:30:05 AM,1.653194,3.535885,4.163071,4.495026
7:30:05 AM,1.653194,3.535859,4.163073,4.495063
7:30:05 AM,1.653194,3.535855,4.163073,4.495044
7:30:05 AM,1.653194,3.535859,4.163095,4.495026
7:30:05 AM,1.65322,3.535859,4.163073,4.495044
7:30:05 AM,1.653244,3.535829,4.163073,4.495046
7:30:05 AM,1.653219,3.535829,4.163073,4.495044
7:30:05 AM,1.653219,3.535859,4.163049,4.495063
7:30:05 AM,1.65322,3.535855,4.163071,4.495063
7:30:05 AM,1.653194,3.535859,4.163071,4.495044
7:30:05 AM,1.653194,3.535859,4.163073,4.495046
7:30:05 AM,1.653219,3.535859,4.163049,4.495044
7:30:05 AM,1.653244,3.535859,4.163073,4.495026
7:30:05 AM,1.653244,3.535829,4.163073,4.495063
7:30:05 AM,1.653194,3.535859,4.163095,4.495046
7:30:05 AM,1.653219,3.535885,4.163073,4.495026
7:30:05 AM,1.653219,3.535829,4.163073,4.495044
7:30:05 AM,1.653194,3.535885,4.163073,4.495044
7:30:05 AM,1.653194,3.535859,4.163073,4.495044
7:30:05 AM,1.653244,3.535829,4.163095,4.495044
7:30:05 AM,1.653244,3.535829,4.163049,4.495044
7:30:05 AM,1.653194,3.535859,4.163095,4.495063
7:30:05 AM,1.653219,3.535859,4.163073,4.495044
7:30:05 AM,1.653219,3.535859,4.163071,4.495026
7:30:05 AM,1.653219,3.535829,4.163095,4.495026
7:30:05 AM,1.65322,3.535855,4.163049,4.495046
7:30:05 AM,1.65322,3.535885,4.163095,4.495044
7:30:05 AM,1.653194,3.535885,4.163073,4.495044
7:30:06 AM,1.653219,3.535885,4.163073,4.495046
7:30:06 AM,1.653194,3.535885,4.163073,4.495044
7:30:06 AM,1.653219,3.535916,4.163095,4.495046
7:30:06 AM,1.653219,3.535885,4.163073,4.495046
7:30:06 AM,1.653194,3.535885,4.163095,4.495046
7:30:06 AM,1.653194,3.535885,4.163095,4.495046
7:30:06 AM,1.653219,3.535885,4.163095,4.495046
7:30:06 AM,1.653219,3.535916,4.163095,4.495046
7:30:06 AM,1.653219,3.535859,4.163095,4.495046
7:30:06 AM,1.653219,3.535859,4.163095,4.495046
7:30:06 AM,1.653219,3.535859,4.163095,4.495046
7:30:06 AM,1.653219,3.535916,4.163095,4.495046
7:30:06 AM,1.653219,3.535859,4.163095,4.495046
7:30:06 AM,1.653219,3.535885,4.163095,4.495046
7:30:06 AM,1.653219,3.535885,4.163095,4.495063
7:30:06 AM,1.653219,3.535859,4.163095,4.495063
7:30:06 AM,1.653219,3.535859,4.163095,4.495063
7:30:06 AM,1.653219,3.535859,4.163095,4.495063
7:30:06 AM,1.653244,3.535885,4.163095,4.495063
7:30:06 AM,1.653244,3.535885,4.163095,4.495046
7:30:06 AM,1.653219,3.535885,4.163095,4.495063
7:30:06 AM,1.653219,3.535885,4.163095,4.495063
7:30:06 AM,1.653219,3.535885,4.163095,4.495063
7:30:06 AM,1.653219,3.535916,4.163095,4.495046
7:30:06 AM,1.653219,3.535885,4.163095,4.495063
7:30:06 AM,1.653219,3.535885,4.163095,4.495046
7:30:06 AM,1.653219,3.535885,4.163073,4.495046
7:30:06 AM,1.653219,3.535885,4.163095,4.495046
7:30:06 AM,1.653219,3.535885,4.163095,4.495046
7:30:06 AM,1.653219,3.535885,4.163095,4.495046
7:30:06 AM,1.653219,3.535885,4.163095,4.495046
7:30:06 AM,1.653219,3.535885,4.163095,4.495046
7:30:06 AM,1.653219,3.535911,4.163095,4.495046
7:30:06 AM,1.653219,3.535911,4.163095,4.495046
7:30:06 AM,1.653219,3.535911,4.163095,4.495046
7:30:06 AM,1.653219,3.535885,4.163095,4.495046
7:30:06 AM,1.653219,3.535885,4.163095,4.495046
7:30:06 AM,1.653219,3.535885,4.163119,4.495046
7:30:06 AM,1.653219,3.535885,4.163119,4.495046
7:30:06 AM,1.653219,3.535885,4.163119,4.495046
7:30:06 AM,1.653219,3.535885,4.163119,4.495046
7:30:06 AM,1.653219,3.535885,4.163095,4.495046
7:30:06 AM,1.653219,3.535885,4.163095,4.495046
7:30:06 AM,1.653219,3.535885,4.163095,4.495046
7:30:06 AM,1.653219,3.535916,4.163095,4.495046
7:30:06 AM,1.653219,3.535916,4.163095,4.495046
7:30:06 AM,1.653219,3.535885,4.163095,4.495046
7:30:06 AM,1.653219,3.535885,4.163073,4.495046
7:30:06 AM,1.653219,3.535885,4.163095,4.495063
7:30:06 AM,1.653244,3.535885,4.163095,4.495063
7:30:06 AM,1.653219,3.535916,4.163095,4.495046
7:30:06 AM,1.653219,3.535885,4.163095,4.495063
7:30:06 AM,1.653219,3.535885,4.163073,4.495063
7:30:06 AM,1.653219,3.535885,4.163073,4.495063
7:30:06 AM,1.653219,3.535885,4.163073,4.495063
7:30:06 AM,1.653219,3.535885,4.163073,4.495063
7:30:06 AM,1.653219,3.535885,4.163073,4.495063
7:30:06 AM,1.653219,3.535885,4.163073,4.495063
7:30:06 AM,1.653194,3.535885,4.163073,4.495063
7:30:06 AM,1.65322,3.535885,4.163073,4.495063
7:30:06 AM,1.65322,3.535885,4.163073,4.495063
7:30:06 AM,1.65322,3.535885,4.163073,4.495063
7:30:06 AM,1.65322,3.535885,4.163073,4.495044
7:30:06 AM,1.65322,3.535885,4.163073,4.495044
7:30:06 AM,1.65322,3.535885,4.163073,4.495044
7:30:06 AM,1.65322,3.535885,4.163073,4.495063
7:30:06 AM,1.653244,3.535885,4.163073,4.495044
7:30:06 AM,1.653244,3.535885,4.163073,4.495044
7:30:06 AM,1.653244,3.535885,4.163073,4.495044
7:30:06 AM,1.653244,3.535885,4.163073,4.495044
7:30:06 AM,1.653219,3.535885,4.163073,4.495063
7:30:06 AM,1.653219,3.535885,4.163095,4.495063
7:30:06 AM,1.653194,3.535885,4.163073,4.495044
7:30:06 AM,1.653219,3.535885,4.163095,4.495063
7:30:06 AM,1.653219,3.535885,4.163073,4.495063
7:30:06 AM,1.65322,3.535885,4.163073,4.495063
7:30:06 AM,1.653219,3.535885,4.163095,4.495063
7:30:06 AM,1.653219,3.535885,4.163095,4.495063
7:30:06 AM,1.653219,3.535885,4.163095,4.495063
7:30:06 AM,1.653219,3.535885,4.163095,4.495063
7:30:06 AM,1.653219,3.535885,4.163095,4.495063
7:30:06 AM,1.653219,3.535885,4.163095,4.495063
7:30:06 AM,1.653219,3.535885,4.163095,4.495063
7:30:06 AM,1.653219,3.535885,4.163095,4.495063
7:30:06 AM,1.653219,3.535885,4.163095,4.495063
7:30:06 AM,1.653219,3.535885,4.163095,4.495063
7:30:06 AM,1.653219,3.535885,4.163095,4.495063
7:30:06 AM,1.653219,3.535885,4.163095,4.495063
7:30:06 AM,1.653219,3.535885,4.163095,4.495063
7:30:06 AM,1.653219,3.535885,4.163095,4.495063
7:30:06 AM,1.653219,3.535885,4.163095,4.495063
7:30:06 AM,1.653219,3.535885,4.163095,4.495063
7:30:06 AM,1.653219,3.535885,4.163095,4.495063
7:30:06 AM,1.653219,3.535885,4.163095,4.495063
7:30:06 AM,1.653219,3.535885,4.163095,4.495063
7:30:06 AM,1.653219,3.535885,4.163095,4.495063
7:30:06 AM,1.653219,3.535885,4.163095,4.495063
7:30:06 AM,1.653219,3.535885,4.163095,4.495063
7:30:06 AM,1.653219,3.535885,4.163095,4.495063
7:30:06 AM,1.653219,3.535859,4.163073,4.495046
7:30:06 AM,1.653219,3.535859,4.163097,4.495046
7:30:06 AM,1.653219,3.535859,4.163119,4.495046
7:30:06 AM,1.653219,3.535859,4.163119,4.495046
7:30:06 AM,1.653219,3.535859,4.163095,4.495046
7:30:06 AM,1.653219,3.535859,4.163095,4.495046
7:30:06 AM,1.653219,3.535859,4.163073,4.495046
7:30:06 AM,1.653219,3.535859,4.163097,4.495046
7:30:06 AM,1.653219,3.535859,4.163073,4.495046
7:30:06 AM,1.653219,3.535859,4.163073,4.495046
7:30:06 AM,1.653219,3.535859,4.163073,4.495046
7:30:06 AM,1.653219,3.535859,4.163073,4.495046
7:30:06 AM,1.653219,3.535859,4.163073,4.495046
7:30:06 AM,1.653219,3.535859,4.163073,4.495046
7:30:06 AM,1.653219,3.535859,4.163073,4.495063
7:30:06 AM,1.653219,3.535859,4.163073,4.495046
7:30:06 AM,1.653219,3.53589,4.163073,4.495046
7:30:06 AM,1.653219,3.53589,4.163073,4.495046
7:30:06 AM,1.653219,3.53589,4.163095,4.495046
7:30:06 AM,1.653219,3.535859,4.163073,4.495046
7:30:06 AM,1.653219,3.535859,4.163119,4.495046
7:30:06 AM,1.653219,3.535859,4.163073,4.495046
7:30:06 AM,1.653219,3.535859,4.163097,4.495046
7:30:06 AM,1.653219,3.535859,4.163119,4.495046
7:30:06 AM,1.653219,3.535859,4.163119,4.495046
7:30:06 AM,1.653219,3.535859,4.163095,4.495046
7:30:06 AM,1.653219,3.53589,4.163119,4.495046
7:30:06 AM,1.653219,3.535859,4.163119,4.495046
7:30:06 AM,1.653219,3.53589,4.163119,4.495046
7:30:06 AM,1.653219,3.53589,4.163119,4.495046
7:30:06 AM,1.653219,3.535859,4.163119,4.495046
7:30:06 AM,1.653219,3.535859,4.163119,4.495046
7:30:06 AM,1.653194,3.535859,4.163119,4.495046
7:30:06 AM,1.653194,3.535859,4.163119,4.495046
7:30:06 AM,1.653194,3.535833,4.163119,4.495046
7:30:06 AM,1.653194,3.535833,4.163119,4.495046
7:30:06 AM,1.653219,3.535833,4.163119,4.495046
7:30:06 AM,1.653219,3.535833,4.163119,4.495046
7:30:06 AM,1.653219,3.535833,4.163119,4.495046
7:30:06 AM,1.653194,3.535833,4.163119,4.495046
7:30:06 AM,1.653219,3.535859,4.163119,4.495046
7:30:06 AM,1.653219,3.535859,4.163095,4.495046
7:30:06 AM,1.653219,3.535859,4.163095,4.495046
7:30:06 AM,1.653219,3.535859,4.163095,4.495046
7:30:06 AM,1.653219,3.535859,4.163095,4.495046
7:30:06 AM,1.653219,3.535859,4.163095,4.495046
7:30:06 AM,1.653219,3.535859,4.163097,4.495046
7:30:06 AM,1.653219,3.535859,4.163095,4.495046
7:30:06 AM,1.653219,3.535829,4.163095,4.495044
7:30:06 AM,1.653219,3.535859,4.163095,4.495046
7:30:06 AM,1.653219,3.535885,4.163095,4.495044
7:30:06 AM,1.653219,3.535885,4.163095,4.495026
7:30:06 AM,1.653219,3.535885,4.163095,4.495026
7:30:06 AM,1.653219,3.535885,4.163095,4.495026
7:30:06 AM,1.653219,3.535885,4.163095,4.495026
7:30:06 AM,1.653219,3.535885,4.163095,4.495044
7:30:06 AM,1.653219,3.535885,4.163095,4.495063
7:30:06 AM,1.653219,3.535885,4.163095,4.495044
7:30:06 AM,1.653219,3.535885,4.163095,4.495063
7:30:06 AM,1.653219,3.535885,4.163095,4.495063
7:30:06 AM,1.653194,3.535885,4.163095,4.495044
7:30:06 AM,1.653219,3.535885,4.163073,4.495044
7:30:06 AM,1.653219,3.535885,4.163073,4.495044
7:30:06 AM,1.653219,3.535885,4.163073,4.495026
7:30:06 AM,1.653219,3.535859,4.163095,4.495026
7:30:06 AM,1.653219,3.535859,4.163095,4.495026
7:30:06 AM,1.653219,3.535885,4.163095,4.495044
7:30:06 AM,1.653219,3.535855,4.163095,4.495044
7:30:06 AM,1.653219,3.535855,4.163095,4.495044
7:30:06 AM,1.653219,3.535859,4.163119,4.495046
7:30:06 AM,1.653219,3.535829,4.163073,4.495044
7:30:06 AM,1.653219,3.535885,4.163095,4.495044
7:30:06 AM,1.653219,3.535885,4.163095,4.495044
7:30:06 AM,1.653219,3.535885,4.163095,4.495044
7:30:06 AM,1.653219,3.535885,4.163095,4.495044
7:30:06 AM,1.653219,3.535859,4.163095,4.495046
7:30:06 AM,1.653219,3.535859,4.163095,4.495046
7:30:06 AM,1.653219,3.535859,4.163095,4.495046
7:30:06 AM,1.653219,3.535859,4.163095,4.495046
7:30:06 AM,1.653219,3.535859,4.163095,4.495046
7:30:06 AM,1.653219,3.535859,4.163095,4.495046
7:30:06 AM,1.653219,3.535859,4.163095,4.495046
7:30:06 AM,1.653219,3.535859,4.163095,4.495046
7:30:06 AM,1.653219,3.535859,4.163073,4.495046
7:30:06 AM,1.653219,3.535859,4.163073,4.495046
7:30:06 AM,1.653219,3.535859,4.163095,4.495046
7:30:06 AM,1.653219,3.535859,4.163073,4.495046
7:30:06 AM,1.653219,3.535859,4.163095,4.495046
7:30:06 AM,1.653219,3.535859,4.163095,4.495046
7:30:06 AM,1.653219,3.535859,4.163073,4.495046
7:30:06 AM,1.653219,3.535859,4.163095,4.495044
7:30:06 AM,1.653219,3.535859,4.163073,4.495044
7:30:06 AM,1.653219,3.535859,4.163073,4.495044
7:30:06 AM,1.653219,3.535859,4.163095,4.495044
7:30:06 AM,1.653219,3.535859,4.163095,4.495063
7:30:06 AM,1.653219,3.535885,4.163095,4.495063
7:30:06 AM,1.653219,3.535885,4.163095,4.495063
7:30:06 AM,1.653219,3.535859,4.163073,4.495046
7:30:06 AM,1.653219,3.535859,4.163119,4.495046
7:30:06 AM,1.653194,3.53589,4.163097,4.495046
7:30:06 AM,1.653244,3.53589,4.163119,4.495046
7:30:07 AM,1.653219,3.535859,4.163073,4.495046
7:30:07 AM,1.653219,3.53589,4.163119,4.495063
7:30:07 AM,1.653244,3.535864,4.163095,4.495046
7:30:07 AM,1.653219,3.535833,4.163119,4.495044
7:30:07 AM,1.653244,3.535859,4.163119,4.495046
7:30:07 AM,1.653194,3.53589,4.163119,4.495063
7:30:07 AM,1.653244,3.535859,4.163073,4.495026
7:30:07 AM,1.653244,3.535864,4.163119,4.495026
7:30:07 AM,1.653244,3.53589,4.163095,4.495026
7:30:07 AM,1.653194,3.535833,4.163097,4.495046
7:30:07 AM,1.653219,3.53589,4.163119,4.495046
7:30:07 AM,1.653219,3.53589,4.163097,4.495083
7:30:07 AM,1.653244,3.535859,4.163119,4.495046
7:30:07 AM,1.653219,3.535859,4.163097,4.495063
7:30:07 AM,1.653219,3.535859,4.163119,4.495046
7:30:07 AM,1.653194,3.53589,4.163097,4.495046
7:30:07 AM,1.653219,3.53589,4.163119,4.495083
7:30:07 AM,1.653244,3.535864,4.163119,4.495046
7:30:07 AM,1.653244,3.53589,4.163119,4.495063
7:30:07 AM,1.653244,3.535864,4.163119,4.495065
7:30:07 AM,1.653219,3.535859,4.163095,4.495046
7:30:07 AM,1.653219,3.535859,4.163097,4.495046
7:30:07 AM,1.653219,3.535864,4.163119,4.495063
7:30:07 AM,1.653219,3.53589,4.163097,4.495063
7:30:07 AM,1.653244,3.535833,4.163119,4.495046
7:30:07 AM,1.653219,3.535864,4.163119,4.495046
7:30:07 AM,1.653219,3.535859,4.163073,4.495044
7:30:07 AM,1.653244,3.53589,4.163119,4.495046
7:30:07 AM,1.653219,3.535859,4.163119,4.495063
7:30:07 AM,1.653219,3.535859,4.163119,4.495046
7:30:07 AM,1.653219,3.535833,4.163119,4.495046
7:30:07 AM,1.653244,3.535864,4.163119,4.495063
7:30:07 AM,1.653244,3.53589,4.163097,4.495063
7:30:07 AM,1.653219,3.535859,4.163073,4.495046
7:30:07 AM,1.653194,3.535864,4.163073,4.495046
7:30:07 AM,1.653244,3.53589,4.163119,4.495044
7:30:07 AM,1.653244,3.535859,4.163119,4.495046
7:30:07 AM,1.653244,3.53589,4.163119,4.495046
7:30:07 AM,1.653219,3.53589,4.163073,4.495046
7:30:07 AM,1.653219,3.53589,4.163097,4.495063
7:30:07 AM,1.653219,3.53589,4.163119,4.495046
7:30:07 AM,1.653219,3.535864,4.163119,4.495063
7:30:07 AM,1.653244,3.535859,4.163119,4.495046
7:30:07 AM,1.653244,3.535833,4.163119,4.495063
7:30:07 AM,1.653194,3.535833,4.163119,4.495046
7:30:07 AM,1.653219,3.53589,4.163097,4.495046
7:30:07 AM,1.653244,3.535864,4.163097,4.495046
7:30:07 AM,1.653219,3.53589,4.163095,4.495026
7:30:07 AM,1.653219,3.53589,4.163073,4.495063
7:30:07 AM,1.653219,3.535864,4.163119,4.495046
7:30:07 AM,1.653219,3.535859,4.163073,4.495026
7:30:07 AM,1.653194,3.535859,4.163073,4.495046
7:30:07 AM,1.653219,3.535864,4.163119,4.495063
7:30:07 AM,1.653219,3.53589,4.163095,4.495046
7:30:07 AM,1.653219,3.535859,4.163095,4.495063
7:30:07 AM,1.653219,3.53589,4.163119,4.495046
7:30:07 AM,1.653219,3.535833,4.163119,4.495063
7:30:07 AM,1.653244,3.53589,4.163095,4.495046
7:30:07 AM,1.653244,3.535833,4.163119,4.495046
7:30:07 AM,1.653219,3.535859,4.163119,4.495063
7:30:07 AM,1.653219,3.535859,4.163097,4.495026
7:30:07 AM,1.653194,3.53589,4.163119,4.495046
7:30:07 AM,1.653219,3.535859,4.163073,4.495046
7:30:07 AM,1.653219,3.535833,4.163119,4.495046
7:30:07 AM,1.653244,3.53589,4.163119,4.495046
7:30:07 AM,1.653244,3.53589,4.163119,4.495046
7:30:07 AM,1.653244,3.53589,4.163119,4.495046
7:30:07 AM,1.653244,3.53589,4.163119,4.495046
7:30:07 AM,1.653244,3.53589,4.163119,4.495046
7:30:07 AM,1.653244,3.53589,4.163119,4.495046
7:30:07 AM,1.653244,3.53589,4.163119,4.495046
7:30:07 AM,1.653219,3.535833,4.163095,4.495046
7:30:07 AM,1.653219,3.535864,4.163119,4.495046
7:30:07 AM,1.653219,3.535859,4.163097,4.495046
7:30:07 AM,1.653244,3.53589,4.163097,4.495046
7:30:07 AM,1.653219,3.535859,4.163097,4.495046
7:30:07 AM,1.653219,3.535859,4.163119,4.495063
7:30:07 AM,1.653244,3.53589,4.163095,4.495065
7:30:07 AM,1.653219,3.535864,4.163119,4.495063
7:30:07 AM,1.653244,3.53589,4.163119,4.495046
7:30:07 AM,1.653219,3.535859,4.163095,4.495046
7:30:07 AM,1.653244,3.535864,4.163095,4.495063
7:30:07 AM,1.653219,3.535833,4.163097,4.495046
7:30:07 AM,1.653194,3.53589,4.163095,4.495026
7:30:07 AM,1.653244,3.535864,4.163073,4.495063
7:30:07 AM,1.653244,3.535859,4.163119,4.495046
7:30:07 AM,1.653219,3.535859,4.163095,4.495046
7:30:07 AM,1.653194,3.535833,4.163095,4.495046
7:30:07 AM,1.653244,3.535833,4.163097,4.495046
7:30:07 AM,1.653244,3.535859,4.163097,4.495046
7:30:07 AM,1.653219,3.53589,4.163095,4.495026
7:30:07 AM,1.653219,3.535864,4.163097,4.495046
7:30:07 AM,1.653244,3.535859,4.163073,4.495026
7:30:07 AM,1.653219,3.535833,4.163073,4.495046
7:30:07 AM,1.653244,3.535833,4.163119,4.495046
7:30:07 AM,1.653244,3.535864,4.163095,4.495026
7:30:07 AM,1.653244,3.535859,4.163119,4.495046
7:30:07 AM,1.653219,3.53589,4.163097,4.495046
7:30:07 AM,1.653244,3.535864,4.163119,4.495046
7:30:07 AM,1.653244,3.53589,4.163119,4.495046
7:30:07 AM,1.653244,3.53589,4.163097,4.495046
7:30:07 AM,1.653244,3.535859,4.163097,4.495065
7:30:07 AM,1.653219,3.535833,4.163095,4.495048
7:30:07 AM,1.653219,3.535833,4.163073,4.495065
7:30:07 AM,1.653244,3.535833,4.163097,4.495065
7:30:07 AM,1.653244,3.535833,4.163119,4.495065
7:30:07 AM,1.653244,3.535859,4.163095,4.495048
7:30:07 AM,1.653244,3.535864,4.163073,4.495046
7:30:07 AM,1.653194,3.535833,4.163073,4.495029
7:30:07 AM,1.653219,3.535833,4.163119,4.495046
7:30:07 AM,1.653219,3.535833,4.163095,4.495029
7:30:07 AM,1.653244,3.535833,4.163097,4.495048
7:30:07 AM,1.653219,3.53589,4.163073,4.495029
7:30:07 AM,1.653194,3.535833,4.163095,4.495065
7:30:07 AM,1.653219,3.535859,4.163097,4.495029
7:30:07 AM,1.653244,3.535833,4.163119,4.495046
7:30:07 AM,1.653244,3.535833,4.163119,4.495065
7:30:07 AM,1.653219,3.535859,4.163119,4.495065
7:30:07 AM,1.653244,3.535859,4.163073,4.495046
7:30:07 AM,1.653194,3.535864,4.163097,4.495046
7:30:07 AM,1.653244,3.535859,4.163119,4.495046
7:30:07 AM,1.653219,3.535864,4.163095,4.495046
7:30:07 AM,1.653244,3.535833,4.163119,4.495065
7:30:07 AM,1.653244,3.535859,4.163095,4.495065
7:30:07 AM,1.653219,3.535859,4.163095,4.495048
7:30:07 AM,1.653219,3.535833,4.163097,4.495065
7:30:07 AM,1.653219,3.535833,4.163095,4.495046
7:30:07 AM,1.653219,3.535833,4.163095,4.495046
7:30:07 AM,1.653219,3.535833,4.163095,4.495046
7:30:07 AM,1.653219,3.535833,4.163095,4.495046
7:30:07 AM,1.653219,3.535833,4.163073,4.495046
7:30:07 AM,1.653219,3.535833,4.163095,4.495046
7:30:07 AM,1.653219,3.535833,4.163073,4.495046
7:30:07 AM,1.653219,3.535833,4.163073,4.495046
7:30:07 AM,1.653219,3.535833,4.163095,4.495046
7:30:07 AM,1.653219,3.535833,4.163095,4.495046
7:30:07 AM,1.653219,3.535833,4.163119,4.495046
7:30:07 AM,1.653219,3.535833,4.163119,4.495046
7:30:07 AM,1.653219,3.535864,4.163097,4.495065
7:30:07 AM,1.653244,3.535859,4.163073,4.495029
7:30:07 AM,1.653219,3.535859,4.163119,4.495065
7:30:07 AM,1.653219,3.535859,4.163097,4.495065
7:30:07 AM,1.653244,3.53589,4.163097,4.495065
7:30:07 AM,1.653244,3.535859,4.163097,4.495046
7:30:07 AM,1.653219,3.535833,4.163095,4.495048
7:30:07 AM,1.653194,3.53589,4.163119,4.495065
7:30:07 AM,1.653219,3.535859,4.163095,4.495046
7:30:07 AM,1.653219,3.535833,4.163119,4.495065
7:30:07 AM,1.653219,3.535833,4.163095,4.495046
7:30:07 AM,1.653244,3.535833,4.163073,4.495046
7:30:07 AM,1.653194,3.535833,4.163097,4.495029
7:30:07 AM,1.653219,3.535833,4.163073,4.495046
7:30:07 AM,1.653219,3.535864,4.163073,4.495046
7:30:07 AM,1.653219,3.535859,4.163073,4.495046
7:30:07 AM,1.653244,3.535859,4.163073,4.495046
7:30:07 AM,1.653219,3.53589,4.163073,4.495048
7:30:07 AM,1.653219,3.535864,4.163095,4.495065
7:30:07 AM,1.653244,3.535833,4.163119,4.495046
7:30:07 AM,1.653219,3.53589,4.163073,4.495046
7:30:07 AM,1.653219,3.535864,4.163119,4.495065
7:30:07 AM,1.653219,3.535859,4.163095,4.495029
7:30:07 AM,1.653219,3.535833,4.163073,4.495046
7:30:07 AM,1.653244,3.535833,4.163119,4.495046
7:30:07 AM,1.653194,3.535833,4.163073,4.495029
7:30:07 AM,1.653219,3.535833,4.163095,4.495029
7:30:07 AM,1.653244,3.535859,4.163097,4.495065
7:30:07 AM,1.653219,3.535859,4.163073,4.495046
7:30:07 AM,1.653219,3.535859,4.163119,4.495046
7:30:07 AM,1.653244,3.535833,4.163095,4.495065
7:30:07 AM,1.653219,3.535833,4.163097,4.495065
7:30:07 AM,1.653244,3.535833,4.163095,4.495065
7:30:07 AM,1.653244,3.53589,4.163119,4.495046
7:30:07 AM,1.653244,3.535833,4.163073,4.495065
7:30:07 AM,1.653219,3.535833,4.163119,4.495029
7:30:07 AM,1.653244,3.535864,4.163097,4.495065
7:30:07 AM,1.653219,3.535859,4.163095,4.495046
7:30:07 AM,1.653269,3.535859,4.163119,4.495065
7:30:07 AM,1.653194,3.535859,4.163119,4.495046
7:30:07 AM,1.653219,3.535833,4.163097,4.495048
7:30:07 AM,1.653219,3.535859,4.163095,4.495065
7:30:07 AM,1.653219,3.53589,4.163073,4.495065
7:30:07 AM,1.653219,3.535859,4.163097,4.495065
7:30:07 AM,1.653244,3.535864,4.163119,4.495046
7:30:07 AM,1.653219,3.535833,4.163119,4.495046
7:30:07 AM,1.653219,3.535859,4.163095,4.495065
7:30:07 AM,1.653194,3.535864,4.163073,4.495065
7:30:07 AM,1.653269,3.535833,4.163097,4.495065
7:30:07 AM,1.653219,3.535833,4.163119,4.495065
7:30:07 AM,1.653219,3.535864,4.163095,4.495046
7:30:07 AM,1.653219,3.535833,4.163097,4.495065
7:30:07 AM,1.653219,3.535859,4.163119,4.495065
7:30:07 AM,1.653244,3.535833,4.163119,4.495048
7:30:07 AM,1.653244,3.535833,4.163073,4.495046
7:30:07 AM,1.653269,3.53589,4.163095,4.495065
7:30:07 AM,1.653219,3.535833,4.163073,4.495065
7:30:07 AM,1.653219,3.53589,4.163073,4.495029
7:30:07 AM,1.653269,3.535859,4.163119,4.495046
7:30:07 AM,1.653219,3.535833,4.163073,4.495046
7:30:07 AM,1.653219,3.535833,4.163095,4.495046
7:30:07 AM,1.653219,3.535859,4.163073,4.495048
7:30:08 AM,1.653219,3.535859,4.163095,4.495046
7:30:08 AM,1.653219,3.535859,4.163095,4.495046
7:30:08 AM,1.653219,3.535859,4.163095,4.495046
7:30:08 AM,1.653219,3.535859,4.163119,4.495046
7:30:08 AM,1.653244,3.535859,4.163095,4.495046
7:30:08 AM,1.653244,3.535859,4.163073,4.495063
7:30:08 AM,1.653244,3.535859,4.163073,4.495063
7:30:08 AM,1.653244,3.535859,4.163073,4.495063
7:30:08 AM,1.653244,3.535859,4.163073,4.495063
7:30:08 AM,1.653244,3.535859,4.163073,4.495063
7:30:08 AM,1.653244,3.535833,4.163073,4.495063
7:30:08 AM,1.653244,3.535833,4.163073,4.495063
7:30:08 AM,1.653244,3.535833,4.163073,4.495046
7:30:08 AM,1.653244,3.535833,4.163073,4.495046
7:30:08 AM,1.653244,3.535833,4.163073,4.495046
7:30:08 AM,1.653219,3.535833,4.163095,4.495046
7:30:08 AM,1.653219,3.535833,4.163095,4.495046
7:30:08 AM,1.653219,3.535833,4.163095,4.495046
7:30:08 AM,1.653219,3.535833,4.163095,4.495046
7:30:08 AM,1.653219,3.535833,4.163095,4.495046
7:30:08 AM,1.653219,3.535833,4.163095,4.495046
7:30:08 AM,1.653219,3.535833,4.163095,4.495046
7:30:08 AM,1.653219,3.535859,4.163095,4.495046
7:30:08 AM,1.653219,3.535859,4.163119,4.495046
7:30:08 AM,1.653219,3.535859,4.163119,4.495063
7:30:08 AM,1.653219,3.535859,4.163119,4.495046
7:30:08 AM,1.653244,3.53589,4.163097,4.495046
7:30:08 AM,1.653219,3.535859,4.163095,4.495046
7:30:08 AM,1.653244,3.53589,4.163097,4.495046
7:30:08 AM,1.653244,3.53589,4.163119,4.495046
7:30:08 AM,1.653244,3.535833,4.163097,4.495046
7:30:08 AM,1.653244,3.53589,4.163119,4.495046
7:30:08 AM,1.653244,3.53589,4.163119,4.495046
7:30:08 AM,1.653244,3.53589,4.163119,4.495046
7:30:08 AM,1.653219,3.53589,4.163119,4.495046
7:30:08 AM,1.653219,3.535864,4.163119,4.495046
7:30:08 AM,1.653219,3.535833,4.163095,4.495046
7:30:08 AM,1.653219,3.535864,4.163119,4.495046
7:30:08 AM,1.653244,3.535864,4.163095,4.495046
7:30:08 AM,1.653244,3.535833,4.163119,4.495046
7:30:08 AM,1.653244,3.535833,4.163119,4.495046
7:30:08 AM,1.653219,3.535833,4.163119,4.495046
7:30:08 AM,1.653244,3.535833,4.163119,4.495046
7:30:08 AM,1.653244,3.535859,4.163119,4.495046
7:30:08 AM,1.653244,3.535859,4.163119,4.495046
7:30:08 AM,1.653244,3.535859,4.163119,4.495046
7:30:08 AM,1.653244,3.535859,4.163119,4.495046
7:30:08 AM,1.653219,3.535859,4.163119,4.495046
7:30:08 AM,1.653219,3.535864,4.163119,4.495046
7:30:08 AM,1.653219,3.535833,4.163095,4.495046
7:30:08 AM,1.653219,3.535859,4.163095,4.495046
7:30:08 AM,1.653219,3.535859,4.163095,4.495046
7:30:08 AM,1.653219,3.535859,4.163095,4.495046
7:30:08 AM,1.653219,3.535859,4.163095,4.495046
7:30:08 AM,1.653219,3.535859,4.163095,4.495046
7:30:08 AM,1.653219,3.535859,4.163095,4.495046
7:30:08 AM,1.653219,3.535859,4.163095,4.495046
7:30:08 AM,1.653219,3.535859,4.163095,4.495046
7:30:08 AM,1.653219,3.535859,4.163095,4.495046
7:30:08 AM,1.653219,3.535859,4.163095,4.495046
7:30:08 AM,1.653244,3.535859,4.163095,4.495046
7:30:08 AM,1.653244,3.535859,4.163095,4.495046
7:30:08 AM,1.653219,3.53589,4.163095,4.495046
7:30:08 AM,1.653219,3.53589,4.163095,4.495046
7:30:08 AM,1.653219,3.535859,4.163095,4.495046
7:30:08 AM,1.653219,3.53589,4.163095,4.495046
7:30:08 AM,1.653219,3.53589,4.163095,4.495046
7:30:08 AM,1.653219,3.535859,4.163095,4.495046
7:30:08 AM,1.653219,3.535859,4.163095,4.495046
7:30:08 AM,1.653219,3.535859,4.163095,4.495046
7:30:08 AM,1.653219,3.535859,4.163095,4.495046
7:30:08 AM,1.653219,3.535833,4.163095,4.495046
7:30:08 AM,1.653219,3.535859,4.163095,4.495046
7:30:08 AM,1.653219,3.535859,4.163095,4.495046
7:30:08 AM,1.653219,3.535859,4.163095,4.495046
7:30:08 AM,1.653219,3.535859,4.163095,4.495046
7:30:08 AM,1.653219,3.535859,4.163095,4.495046
7:30:08 AM,1.653219,3.535833,4.163095,4.495046
7:30:08 AM,1.653219,3.535859,4.163095,4.495046
7:30:08 AM,1.653219,3.535833,4.163095,4.495046
7:30:08 AM,1.653219,3.535833,4.163095,4.495046
7:30:08 AM,1.653219,3.535833,4.163095,4.495046
7:30:08 AM,1.653219,3.535833,4.163095,4.495046
7:30:08 AM,1.653219,3.535833,4.163095,4.495046
7:30:08 AM,1.653219,3.535833,4.163095,4.495046
7:30:08 AM,1.653219,3.535833,4.163095,4.495046
7:30:08 AM,1.653219,3.535833,4.163095,4.495046
7:30:08 AM,1.653219,3.535859,4.163095,4.495046
7:30:08 AM,1.653219,3.535833,4.163095,4.495046
7:30:08 AM,1.653219,3.535833,4.163095,4.495046
7:30:08 AM,1.653219,3.535859,4.163095,4.495046
7:30:08 AM,1.653219,3.535864,4.163095,4.495046
7:30:08 AM,1.653219,3.535833,4.163095,4.495046
7:30:08 AM,1.653219,3.535833,4.163095,4.495046
7:30:08 AM,1.653219,3.535859,4.163095,4.495046
7:30:08 AM,1.653219,3.535833,4.163095,4.495046
7:30:08 AM,1.653219,3.535833,4.163095,4.495046
7:30:08 AM,1.653219,3.535833,4.163095,4.495046
7:30:08 AM,1.653219,3.535833,4.163095,4.495046
7:30:08 AM,1.653244,3.53589,4.163097,4.495063
7:30:08 AM,1.653244,3.535859,4.163097,4.495063
7:30:08 AM,1.653244,3.535859,4.163097,4.495063
7:30:08 AM,1.653244,3.535859,4.163097,4.495063
7:30:08 AM,1.653244,3.53589,4.163097,4.495063
7:30:08 AM,1.653244,3.53589,4.163097,4.495063
7:30:08 AM,1.653244,3.53589,4.163097,4.495063
7:30:08 AM,1.653244,3.535859,4.163097,4.495063
7:30:08 AM,1.653244,3.53589,4.163119,4.495063
7:30:08 AM,1.653244,3.53589,4.163119,4.495063
7:30:08 AM,1.653244,3.53589,4.163119,4.495063
7:30:08 AM,1.653244,3.53589,4.163119,4.495063
7:30:08 AM,1.653244,3.53589,4.163119,4.495063
7:30:08 AM,1.653244,3.53589,4.163119,4.495063
7:30:08 AM,1.653244,3.535859,4.163119,4.495063
7:30:08 AM,1.653244,3.535859,4.163119,4.495063
7:30:08 AM,1.653244,3.535859,4.163097,4.495063
7:30:08 AM,1.653244,3.535859,4.163097,4.495063
7:30:08 AM,1.653244,3.535859,4.163097,4.495063
7:30:08 AM,1.653244,3.535859,4.163097,4.495063
7:30:08 AM,1.653244,3.535859,4.163097,4.495063
7:30:08 AM,1.653244,3.53589,4.163119,4.495063
7:30:08 AM,1.653244,3.535859,4.163097,4.495063
7:30:08 AM,1.653244,3.535885,4.163097,4.495063
7:30:08 AM,1.653244,3.535859,4.163097,4.495063
7:30:08 AM,1.653244,3.535859,4.163097,4.495063
7:30:08 AM,1.653244,3.535885,4.163097,4.495063
7:30:08 AM,1.653244,3.535885,4.163097,4.495063
7:30:08 AM,1.653244,3.535885,4.163097,4.495063
7:30:08 AM,1.653244,3.535885,4.163097,4.495063
7:30:08 AM,1.653244,3.535885,4.163097,4.495063
7:30:08 AM,1.653244,3.535885,4.163097,4.495063
7:30:08 AM,1.653244,3.535885,4.163097,4.495063
7:30:08 AM,1.653244,3.535885,4.163097,4.495063
7:30:08 AM,1.653244,3.535885,4.163097,4.495063
7:30:08 AM,1.653244,3.535859,4.163097,4.495063
7:30:08 AM,1.653244,3.535859,4.163097,4.495063
7:30:08 AM,1.653244,3.535859,4.163097,4.495063
7:30:08 AM,1.653244,3.535859,4.163097,4.495063
7:30:08 AM,1.653244,3.535859,4.163097,4.495063
7:30:08 AM,1.653244,3.535859,4.163097,4.495063
7:30:08 AM,1.653244,3.535859,4.163097,4.495063
7:30:08 AM,1.653244,3.535859,4.163097,4.495063
7:30:08 AM,1.653244,3.535859,4.163097,4.495063
7:30:08 AM,1.653244,3.535859,4.163097,4.495063
7:30:08 AM,1.653244,3.535859,4.163097,4.495063
7:30:08 AM,1.653244,3.535859,4.163097,4.495063
7:30:08 AM,1.653244,3.535859,4.163097,4.495063
7:30:08 AM,1.653219,3.535859,4.163097,4.495046
7:30:08 AM,1.653244,3.535859,4.163097,4.495063
7:30:08 AM,1.653219,3.53589,4.163119,4.495046
7:30:08 AM,1.653219,3.53589,4.163119,4.495046
7:30:08 AM,1.653219,3.53589,4.163119,4.495046
7:30:08 AM,1.653219,3.53589,4.163119,4.495046
7:30:08 AM,1.653219,3.53589,4.163119,4.495046
7:30:08 AM,1.653219,3.53589,4.163119,4.495046
7:30:08 AM,1.653219,3.53589,4.163119,4.495046
7:30:08 AM,1.653219,3.535859,4.163119,4.495046
7:30:08 AM,1.653219,3.535859,4.163119,4.495046
7:30:08 AM,1.653219,3.53589,4.163119,4.495046
7:30:08 AM,1.653244,3.535859,4.163119,4.495046
7:30:08 AM,1.653244,3.53589,4.163119,4.495046
7:30:08 AM,1.653219,3.535859,4.163119,4.495046
7:30:08 AM,1.653219,3.535859,4.163095,4.495046
7:30:08 AM,1.653219,3.53589,4.163119,4.495046
7:30:08 AM,1.653219,3.53589,4.163097,4.495046
7:30:08 AM,1.653219,3.53589,4.163097,4.495046
7:30:08 AM,1.653219,3.53589,4.163097,4.495046
7:30:08 AM,1.653219,3.535859,4.163097,4.495046
7:30:08 AM,1.653219,3.53589,4.163097,4.495046
7:30:08 AM,1.653244,3.535885,4.163097,4.495063
7:30:08 AM,1.653219,3.53589,4.163119,4.495046
7:30:08 AM,1.653219,3.53589,4.163119,4.495046
7:30:08 AM,1.653219,3.535916,4.163119,4.495046
7:30:08 AM,1.653219,3.535916,4.163119,4.495046
7:30:08 AM,1.653244,3.535859,4.163097,4.495063
7:30:08 AM,1.653244,3.535859,4.163097,4.495063
7:30:08 AM,1.653244,3.535859,4.163097,4.495063
7:30:08 AM,1.653244,3.535859,4.163097,4.495063
7:30:08 AM,1.653244,3.535859,4.163097,4.495063
7:30:08 AM,1.653244,3.535859,4.163119,4.495063
7:30:08 AM,1.653244,3.535885,4.163119,4.495063
7:30:08 AM,1.653244,3.535916,4.163119,4.495063
7:30:08 AM,1.653244,3.53589,4.163119,4.495063
7:30:08 AM,1.653244,3.535916,4.163119,4.495063
7:30:08 AM,1.653244,3.535859,4.163097,4.495063
7:30:08 AM,1.653244,3.535916,4.163119,4.495063
7:30:08 AM,1.653244,3.535916,4.163119,4.495063
7:30:08 AM,1.653244,3.535916,4.163119,4.495063
7:30:08 AM,1.653244,3.535916,4.163119,4.495063
7:30:08 AM,1.653244,3.535916,4.163119,4.495063
7:30:08 AM,1.653219,3.535916,4.163119,4.495063
7:30:08 AM,1.653219,3.535916,4.163119,4.495063
7:30:08 AM,1.653219,3.535916,4.163119,4.495063
7:30:08 AM,1.653219,3.535885,4.163119,4.495063
7:30:08 AM,1.653219,3.535885,4.163119,4.495063
7:30:08 AM,1.653219,3.53589,4.163119,4.495046
7:30:08 AM,1.653244,3.535916,4.163119,4.495063
7:30:08 AM,1.653244,3.535885,4.163097,4.495063
7:30:08 AM,1.653219,3.535855,4.163097,4.495063
7:30:08 AM,1.653244,3.535885,4.163073,4.495063
7:30:09 AM,1.653219,3.535829,4.163097,4.495083
7:30:09 AM,1.653219,3.535885,4.163073,4.495063
7:30:09 AM,1.653244,3.535829,4.163073,4.495083
7:30:09 AM,1.653219,3.535859,4.163073,4.495083
7:30:09 AM,1.653269,3.535855,4.163073,4.495083
7:30:09 AM,1.653244,3.535859,4.163097,4.495063
7:30:09 AM,1.653219,3.535885,4.163073,4.495083
7:30:09 AM,1.653219,3.535855,4.163073,4.495063
7:30:09 AM,1.653219,3.535855,4.163097,4.495063
7:30:09 AM,1.653244,3.535829,4.163073,4.495063
7:30:09 AM,1.653244,3.535885,4.163073,4.495046
7:30:09 AM,1.653244,3.535859,4.16305,4.495063
7:30:09 AM,1.653244,3.535829,4.163073,4.49508
7:30:09 AM,1.653244,3.535829,4.163097,4.495063
7:30:09 AM,1.653244,3.535885,4.163119,4.495083
7:30:09 AM,1.653244,3.535829,4.163073,4.495063
7:30:09 AM,1.653244,3.535885,4.163073,4.495083
7:30:09 AM,1.653244,3.535855,4.163097,4.495063
7:30:09 AM,1.653219,3.535885,4.163073,4.495083
7:30:09 AM,1.653244,3.535859,4.163073,4.495065
7:30:09 AM,1.653244,3.535855,4.163073,4.495063
7:30:09 AM,1.653244,3.535855,4.16305,4.495083
7:30:09 AM,1.653244,3.535885,4.16305,4.495083
7:30:09 AM,1.653244,3.535859,4.163097,4.495083
7:30:09 AM,1.653219,3.535855,4.163073,4.4951
7:30:09 AM,1.653244,3.535855,4.163097,4.495063
7:30:09 AM,1.653244,3.535855,4.163095,4.495065
7:30:09 AM,1.653244,3.535885,4.163097,4.495083
7:30:09 AM,1.653219,3.535859,4.16305,4.495083
7:30:09 AM,1.653244,3.535885,4.163073,4.495083
7:30:09 AM,1.653244,3.535859,4.163097,4.495063
7:30:09 AM,1.653244,3.535859,4.163073,4.495083
7:30:09 AM,1.653244,3.535885,4.163097,4.495063
7:30:09 AM,1.653219,3.535885,4.163073,4.495063
7:30:09 AM,1.653244,3.535829,4.163097,4.495063
7:30:09 AM,1.653244,3.535885,4.163073,4.495063
7:30:09 AM,1.653244,3.535859,4.163095,4.495063
7:30:09 AM,1.653244,3.535829,4.163073,4.495083
7:30:09 AM,1.653219,3.535885,4.163073,4.495083
7:30:09 AM,1.653244,3.535829,4.163097,4.495083
7:30:09 AM,1.653219,3.535859,4.163073,4.495083
7:30:09 AM,1.653269,3.535859,4.163097,4.495063
7:30:09 AM,1.653269,3.535829,4.163073,4.495083
7:30:09 AM,1.653244,3.535885,4.163097,4.495063
7:30:09 AM,1.653244,3.535855,4.163097,4.495063
7:30:09 AM,1.653244,3.535859,4.163073,4.495083
7:30:09 AM,1.653219,3.535829,4.163097,4.495063
7:30:09 AM,1.653219,3.535859,4.163073,4.495063
7:30:09 AM,1.653244,3.535885,4.163119,4.495063
7:30:09 AM,1.653244,3.535859,4.163097,4.495083
7:30:09 AM,1.653194,3.535829,4.163097,4.495063
7:30:09 AM,1.653244,3.535885,4.163073,4.495065
7:30:09 AM,1.653219,3.535855,4.163073,4.495063
7:30:09 AM,1.653244,3.535885,4.163073,4.495063
7:30:09 AM,1.653244,3.535855,4.163073,4.495063
7:30:09 AM,1.653244,3.535885,4.163073,4.495063
7:30:09 AM,1.653244,3.535885,4.163073,4.495063
7:30:09 AM,1.653244,3.535885,4.163073,4.495063
7:30:09 AM,1.653244,3.535885,4.163097,4.495063
7:30:09 AM,1.653244,3.535885,4.163097,4.495063
7:30:09 AM,1.653244,3.535885,4.163119,4.495063
7:30:09 AM,1.653244,3.535885,4.163095,4.495063
7:30:09 AM,1.653244,3.535885,4.163097,4.495063
7:30:09 AM,1.653244,3.535885,4.163097,4.495063
7:30:09 AM,1.653244,3.535885,4.163097,4.495063
7:30:09 AM,1.653244,3.535885,4.163097,4.495063
7:30:09 AM,1.653244,3.535885,4.163097,4.495063
7:30:09 AM,1.653244,3.535885,4.163097,4.495063
7:30:09 AM,1.653244,3.535885,4.163097,4.495063
7:30:09 AM,1.653244,3.535885,4.163097,4.495063
7:30:09 AM,1.653244,3.535885,4.163097,4.495063
7:30:09 AM,1.653244,3.535885,4.163073,4.495063
7:30:09 AM,1.653244,3.535885,4.163073,4.495063
7:30:09 AM,1.653244,3.535829,4.163073,4.495083
7:30:09 AM,1.653194,3.535859,4.163097,4.495063
7:30:09 AM,1.653244,3.535885,4.163097,4.495083
7:30:09 AM,1.653244,3.535885,4.163097,4.495065
7:30:09 AM,1.653244,3.535855,4.163095,4.495083
7:30:09 AM,1.653244,3.535829,4.163095,4.495063
7:30:09 AM,1.653244,3.535859,4.163073,4.495063
7:30:09 AM,1.653244,3.535859,4.163073,4.495083
7:30:09 AM,1.653244,3.535885,4.163073,4.495063
7:30:09 AM,1.653244,3.535855,4.163097,4.495063
7:30:09 AM,1.653244,3.535885,4.163097,4.495083
7:30:09 AM,1.653219,3.535829,4.163095,4.495083
7:30:09 AM,1.653219,3.535859,4.163097,4.495083
7:30:09 AM,1.653244,3.535859,4.163073,4.495083
7:30:09 AM,1.653244,3.535859,4.163119,4.495083
7:30:09 AM,1.653219,3.535885,4.163097,4.495063
7:30:09 AM,1.653219,3.535885,4.163073,4.495063
7:30:09 AM,1.653244,3.535885,4.163073,4.495063
7:30:09 AM,1.653219,3.535859,4.163073,4.495083
7:30:09 AM,1.653244,3.535859,4.163097,4.495063
7:30:09 AM,1.653244,3.535859,4.163097,4.495063
7:30:09 AM,1.653219,3.535829,4.163097,4.495083
7:30:09 AM,1.653244,3.535855,4.163075,4.495083
7:30:09 AM,1.653244,3.535885,4.163073,4.495046
7:30:09 AM,1.653219,3.535859,4.163073,4.495083
7:30:09 AM,1.653244,3.535885,4.163073,4.4951
7:30:09 AM,1.65322,3.535859,4.163118,4.495065
7:30:09 AM,1.653244,3.535916,4.163119,4.495065
7:30:09 AM,1.653244,3.535916,4.163095,4.495063
7:30:09 AM,1.653194,3.535885,4.163095,4.495063
7:30:09 AM,1.653194,3.535885,4.163095,4.495063
7:30:09 AM,1.653219,3.535885,4.163095,4.495063
7:30:09 AM,1.653219,3.535885,4.163095,4.495063
7:30:09 AM,1.653219,3.535885,4.163118,4.495063
7:30:09 AM,1.653219,3.535885,4.163118,4.495063
7:30:09 AM,1.653219,3.535885,4.163118,4.495063
7:30:09 AM,1.653219,3.535885,4.163095,4.495083
7:30:09 AM,1.653219,3.535885,4.163095,4.495083
7:30:09 AM,1.653219,3.535885,4.163095,4.495083
7:30:09 AM,1.653219,3.535885,4.163095,4.495063
7:30:09 AM,1.653219,3.535885,4.163095,4.495063
7:30:09 AM,1.653219,3.535885,4.163118,4.495083
7:30:09 AM,1.653219,3.535885,4.163118,4.495083
7:30:09 AM,1.653219,3.535855,4.163095,4.495083
7:30:09 AM,1.653219,3.535855,4.163095,4.495083
7:30:09 AM,1.653219,3.535855,4.163095,4.495083
7:30:09 AM,1.653219,3.535855,4.163118,4.495083
7:30:09 AM,1.653219,3.535855,4.163118,4.495063
7:30:09 AM,1.653219,3.535855,4.163095,4.495063
7:30:09 AM,1.653219,3.535855,4.163118,4.495063
7:30:09 AM,1.653194,3.535885,4.163095,4.495063
7:30:09 AM,1.653219,3.535855,4.163118,4.495063
7:30:09 AM,1.653194,3.535885,4.163095,4.495063
7:30:09 AM,1.653194,3.535885,4.163095,4.495063
7:30:09 AM,1.653244,3.535885,4.163119,4.495063
7:30:09 AM,1.653244,3.535885,4.163119,4.495063
7:30:09 AM,1.653244,3.535885,4.163119,4.495063
7:30:09 AM,1.653244,3.535885,4.163119,4.495063
7:30:09 AM,1.653244,3.535885,4.163119,4.495063
7:30:09 AM,1.653244,3.535885,4.163119,4.495063
7:30:09 AM,1.653219,3.535885,4.163119,4.495063
7:30:09 AM,1.653219,3.535885,4.163119,4.495063
7:30:09 AM,1.653244,3.535885,4.163119,4.495063
7:30:09 AM,1.653219,3.535885,4.163119,4.495063
7:30:09 AM,1.653219,3.535885,4.163119,4.495063
7:30:09 AM,1.653219,3.535885,4.163119,4.495063
7:30:09 AM,1.653219,3.535885,4.163119,4.495063
7:30:09 AM,1.653219,3.535885,4.163119,4.495063
7:30:09 AM,1.653219,3.535885,4.163119,4.495063
7:30:09 AM,1.653219,3.535885,4.163119,4.495063
7:30:09 AM,1.653244,3.535885,4.163119,4.495063
7:30:09 AM,1.653244,3.535885,4.163119,4.495063
7:30:09 AM,1.65322,3.535885,4.163119,4.495063
7:30:09 AM,1.65322,3.535885,4.163119,4.495063
7:30:09 AM,1.653194,3.535885,4.163095,4.495063
7:30:09 AM,1.653194,3.535885,4.163095,4.495063
7:30:09 AM,1.653244,3.535885,4.163119,4.495063
7:30:09 AM,1.653219,3.535855,4.163118,4.495083
7:30:09 AM,1.653219,3.535855,4.163095,4.495063
7:30:09 AM,1.653219,3.535855,4.163095,4.495083
7:30:09 AM,1.653219,3.535829,4.163095,4.495083
7:30:09 AM,1.653219,3.535885,4.163095,4.495083
7:30:09 AM,1.653219,3.535885,4.163095,4.495063
7:30:09 AM,1.653219,3.535885,4.163095,4.495063
7:30:09 AM,1.653219,3.535855,4.163095,4.495063
7:30:09 AM,1.653219,3.535855,4.163095,4.495063
7:30:09 AM,1.653219,3.535855,4.163073,4.495046
7:30:09 AM,1.653219,3.535885,4.163073,4.495046
7:30:09 AM,1.653219,3.535885,4.163073,4.495046
7:30:09 AM,1.653219,3.535885,4.163073,4.495063
7:30:09 AM,1.653244,3.535855,4.163073,4.495063
7:30:09 AM,1.653244,3.535855,4.163073,4.495063
7:30:09 AM,1.653244,3.535829,4.163073,4.495063
7:30:09 AM,1.653244,3.535859,4.163073,4.495063
7:30:09 AM,1.653244,3.535885,4.163073,4.495063
7:30:09 AM,1.653244,3.535885,4.163073,4.495063
7:30:09 AM,1.653244,3.535859,4.163073,4.495083
7:30:09 AM,1.653244,3.535885,4.163073,4.495083
7:30:09 AM,1.653244,3.535885,4.163073,4.495063
7:30:09 AM,1.653244,3.535859,4.163119,4.495083
7:30:09 AM,1.653219,3.535855,4.163095,4.495083
7:30:09 AM,1.653219,3.535855,4.163118,4.495063
7:30:09 AM,1.653219,3.535855,4.163095,4.495083
7:30:09 AM,1.653219,3.535855,4.163095,4.495063
7:30:09 AM,1.653219,3.535855,4.163095,4.495063
7:30:09 AM,1.653219,3.535855,4.163095,4.495063
7:30:09 AM,1.653219,3.535855,4.163095,4.495063
7:30:09 AM,1.653219,3.535855,4.163095,4.495063
7:30:09 AM,1.653219,3.535855,4.163095,4.495063
7:30:09 AM,1.653219,3.535855,4.163095,4.495063
7:30:09 AM,1.653219,3.535855,4.163095,4.495063
7:30:09 AM,1.653219,3.535855,4.163095,4.495063
7:30:09 AM,1.653219,3.535855,4.163095,4.495063
7:30:09 AM,1.653219,3.535855,4.163095,4.495063
7:30:09 AM,1.653219,3.535855,4.163095,4.495063
7:30:09 AM,1.653219,3.535855,4.163095,4.495063
7:30:09 AM,1.653219,3.535855,4.163119,4.495063
7:30:09 AM,1.653219,3.535855,4.163119,4.495063
7:30:09 AM,1.653219,3.535855,4.163119,4.495063
7:30:09 AM,1.653219,3.535855,4.163119,4.495083
7:30:09 AM,1.653219,3.535855,4.163095,4.495083
7:30:09 AM,1.653219,3.535855,4.163095,4.495083
7:30:09 AM,1.653219,3.535855,4.163095,4.495083
7:30:09 AM,1.653219,3.535855,4.163095,4.495083
7:30:09 AM,1.653219,3.535855,4.163095,4.495083
7:30:09 AM,1.653219,3.535855,4.163095,4.495083
7:30:09 AM,1.653244,3.535885,4.163119,4.495063
7:30:10 AM,1.653244,3.535885,4.163119,4.495063
7:30:10 AM,1.653244,3.535885,4.163119,4.495083
7:30:10 AM,1.65322,3.535859,4.163095,4.495083
7:30:10 AM,1.653244,3.535916,4.163095,4.495083
7:30:10 AM,1.653244,3.535916,4.163095,4.495083
7:30:10 AM,1.65322,3.535916,4.163142,4.495065
7:30:10 AM,1.653245,3.53589,4.163119,4.495065
7:30:10 AM,1.653244,3.535916,4.163119,4.495063
7:30:10 AM,1.65322,3.535916,4.163119,4.495083
7:30:10 AM,1.653244,3.535916,4.163119,4.495083
7:30:10 AM,1.653244,3.53589,4.163095,4.495083
7:30:10 AM,1.653219,3.535916,4.163119,4.495083
7:30:10 AM,1.653244,3.535885,4.163119,4.495065
7:30:10 AM,1.653244,3.535916,4.163119,4.495063
7:30:10 AM,1.653244,3.535885,4.163142,4.495083
7:30:10 AM,1.65322,3.53589,4.163119,4.495083
7:30:10 AM,1.653244,3.535859,4.163119,4.495083
7:30:10 AM,1.65322,3.535885,4.163119,4.495065
7:30:10 AM,1.653244,3.535859,4.163119,4.495083
7:30:10 AM,1.653219,3.53589,4.163119,4.495083
7:30:10 AM,1.653244,3.535916,4.163119,4.495083
7:30:10 AM,1.65322,3.535916,4.163119,4.495083
7:30:10 AM,1.653244,3.535859,4.163095,4.495065
7:30:10 AM,1.653244,3.535916,4.163119,4.495083
7:30:10 AM,1.653194,3.535885,4.163119,4.495046
7:30:10 AM,1.653194,3.535885,4.163119,4.495083
7:30:10 AM,1.65322,3.535885,4.163095,4.495083
7:30:10 AM,1.653244,3.535885,4.163119,4.495063
7:30:10 AM,1.653244,3.53589,4.163119,4.495063
7:30:10 AM,1.65322,3.535859,4.163119,4.495083
7:30:10 AM,1.653219,3.535885,4.163119,4.495083
7:30:10 AM,1.65322,3.535885,4.163142,4.495065
7:30:10 AM,1.653244,3.535859,4.163119,4.495083
7:30:10 AM,1.653244,3.535885,4.163095,4.495083
7:30:10 AM,1.653219,3.53589,4.163119,4.495083
7:30:10 AM,1.653244,3.535885,4.163095,4.495083
7:30:10 AM,1.653244,3.535916,4.163119,4.495083
7:30:10 AM,1.653219,3.535885,4.163119,4.495063
7:30:10 AM,1.653244,3.535885,4.163142,4.495083
7:30:10 AM,1.653194,3.535916,4.163119,4.495083
7:30:10 AM,1.65322,3.535916,4.163095,4.495083
7:30:10 AM,1.653244,3.53589,4.163119,4.495083
7:30:10 AM,1.65322,3.535885,4.163119,4.495046
7:30:10 AM,1.653244,3.535916,4.163095,4.495083
7:30:10 AM,1.653245,3.535885,4.163119,4.495083
7:30:10 AM,1.653219,3.535885,4.163119,4.495083
7:30:10 AM,1.653219,3.535885,4.163142,4.495063
7:30:10 AM,1.653244,3.535916,4.163119,4.495083
7:30:10 AM,1.653244,3.535859,4.163142,4.495065
7:30:10 AM,1.653219,3.535916,4.163095,4.495083
7:30:10 AM,1.653244,3.535885,4.163095,4.495063
7:30:10 AM,1.653244,3.535885,4.163119,4.495083
7:30:10 AM,1.653244,3.535916,4.163119,4.495083
7:30:10 AM,1.653244,3.535916,4.163142,4.495083
7:30:10 AM,1.653244,3.535859,4.163119,4.495065
7:30:10 AM,1.65327,3.535885,4.163095,4.495083
7:30:10 AM,1.653219,3.535859,4.163119,4.495065
7:30:10 AM,1.653244,3.535885,4.163119,4.495083
7:30:10 AM,1.653244,3.535885,4.163119,4.495083
7:30:10 AM,1.653244,3.535885,4.163119,4.495083
7:30:10 AM,1.653244,3.535885,4.163119,4.495083
7:30:10 AM,1.653244,3.535885,4.163119,4.495083
7:30:10 AM,1.653244,3.535885,4.163119,4.495083
7:30:10 AM,1.653244,3.535885,4.163119,4.495083
7:30:10 AM,1.653244,3.535885,4.163095,4.495083
7:30:10 AM,1.653244,3.535885,4.163095,4.495083
7:30:10 AM,1.653244,3.535885,4.163095,4.495083
7:30:10 AM,1.653244,3.535885,4.163095,4.495083
7:30:10 AM,1.653244,3.535885,4.163119,4.495083
7:30:10 AM,1.653244,3.535885,4.163119,4.495083
7:30:10 AM,1.653244,3.535885,4.163119,4.495063
7:30:10 AM,1.65327,3.535885,4.163095,4.495083
7:30:10 AM,1.653244,3.535885,4.163119,4.495063
7:30:10 AM,1.653244,3.535885,4.163119,4.495046
7:30:10 AM,1.653244,3.535885,4.163095,4.495083
7:30:10 AM,1.653244,3.535859,4.163119,4.495083
7:30:10 AM,1.653244,3.535885,4.163119,4.495083
7:30:10 AM,1.65327,3.535885,4.163119,4.495083
7:30:10 AM,1.65322,3.535859,4.163119,4.495083
7:30:10 AM,1.653244,3.535885,4.163119,4.495083
7:30:10 AM,1.653244,3.535859,4.163095,4.495065
7:30:10 AM,1.653244,3.535916,4.163119,4.495046
7:30:10 AM,1.65327,3.535885,4.163118,4.495065
7:30:10 AM,1.653244,3.535859,4.163142,4.495065
7:30:10 AM,1.653244,3.535885,4.163095,4.495063
7:30:10 AM,1.65322,3.535859,4.163119,4.495083
7:30:10 AM,1.653244,3.535885,4.163119,4.495065
7:30:10 AM,1.653244,3.53589,4.163119,4.495083
7:30:10 AM,1.653219,3.535885,4.163119,4.495083
7:30:10 AM,1.653244,3.535885,4.163119,4.495083
7:30:10 AM,1.653244,3.535916,4.163119,4.495083
7:30:10 AM,1.653219,3.535885,4.163142,4.495083
7:30:10 AM,1.653244,3.535859,4.163119,4.495063
7:30:10 AM,1.653244,3.535885,4.163119,4.495083
7:30:10 AM,1.65322,3.53589,4.163119,4.495063
7:30:10 AM,1.653194,3.53589,4.163119,4.495083
7:30:10 AM,1.653245,3.535916,4.163119,4.495083
7:30:10 AM,1.65322,3.535885,4.163119,4.495063
7:30:10 AM,1.653244,3.535885,4.163119,4.495063
7:30:10 AM,1.653244,3.535885,4.163119,4.495083
7:30:10 AM,1.653244,3.535916,4.163119,4.495063
7:30:10 AM,1.653244,3.535885,4.163119,4.495083
7:30:10 AM,1.653244,3.535885,4.163119,4.495083
7:30:10 AM,1.653244,3.535885,4.163119,4.495083
7:30:10 AM,1.653244,3.535885,4.163119,4.495083
7:30:10 AM,1.653244,3.535885,4.163119,4.495083
7:30:10 AM,1.653244,3.535916,4.163119,4.495083
7:30:10 AM,1.653244,3.535916,4.163119,4.495063
7:30:10 AM,1.653244,3.535885,4.163119,4.495063
7:30:10 AM,1.653244,3.535885,4.163119,4.495063
7:30:10 AM,1.653244,3.535885,4.163119,4.495063
7:30:10 AM,1.653244,3.535885,4.163119,4.495063
7:30:10 AM,1.653244,3.535885,4.163119,4.495063
7:30:10 AM,1.653244,3.535885,4.163119,4.495063
7:30:10 AM,1.653244,3.535885,4.163119,4.495063
7:30:10 AM,1.653244,3.535885,4.163119,4.495063
7:30:10 AM,1.653244,3.535885,4.163119,4.495063
7:30:10 AM,1.653244,3.535916,4.163119,4.495063
7:30:10 AM,1.653244,3.535885,4.163119,4.495083
7:30:10 AM,1.653244,3.535885,4.163119,4.495063
7:30:10 AM,1.653244,3.535885,4.163119,4.495083
7:30:10 AM,1.653244,3.535885,4.163095,4.495063
7:30:10 AM,1.653244,3.535885,4.163119,4.495083
7:30:10 AM,1.653244,3.535916,4.163119,4.495063
7:30:10 AM,1.653244,3.535885,4.163095,4.495063
7:30:10 AM,1.653244,3.535885,4.163119,4.495063
7:30:10 AM,1.653244,3.535885,4.163095,4.495063
7:30:10 AM,1.653244,3.535885,4.163119,4.495063
7:30:10 AM,1.653244,3.535885,4.163119,4.495063
7:30:10 AM,1.653244,3.535885,4.163119,4.495063
7:30:10 AM,1.653244,3.535885,4.163119,4.495063
7:30:10 AM,1.653244,3.535885,4.163119,4.495063
7:30:10 AM,1.653244,3.535885,4.163119,4.495063
7:30:10 AM,1.653244,3.535885,4.163119,4.495063
7:30:10 AM,1.653244,3.535885,4.163119,4.495063
7:30:10 AM,1.653244,3.535885,4.163119,4.495063
7:30:10 AM,1.653244,3.535885,4.163119,4.495083
7:30:10 AM,1.653244,3.535885,4.163119,4.495083
7:30:10 AM,1.653244,3.535885,4.163119,4.495083
7:30:10 AM,1.653244,3.535885,4.163095,4.495083
7:30:10 AM,1.653244,3.535885,4.163095,4.495083
7:30:10 AM,1.653244,3.535885,4.163119,4.495083
7:30:10 AM,1.653244,3.535885,4.163119,4.495083
7:30:10 AM,1.653244,3.535885,4.163119,4.495083
7:30:10 AM,1.653244,3.535885,4.163119,4.495083
7:30:10 AM,1.653244,3.535916,4.163119,4.495063
7:30:10 AM,1.653244,3.535885,4.163119,4.495083
7:30:10 AM,1.653244,3.535916,4.163119,4.495063
7:30:10 AM,1.653244,3.535916,4.163118,4.495083
7:30:10 AM,1.653244,3.535916,4.163118,4.495083
7:30:10 AM,1.653244,3.535916,4.163095,4.495083
7:30:10 AM,1.653244,3.535916,4.163095,4.495083
7:30:10 AM,1.653244,3.535916,4.163095,4.495083
7:30:10 AM,1.653244,3.535916,4.163095,4.495083
7:30:10 AM,1.653244,3.535916,4.163095,4.495083
7:30:10 AM,1.653244,3.535916,4.163095,4.495083
7:30:10 AM,1.653244,3.535916,4.163095,4.495083
7:30:10 AM,1.653244,3.535916,4.163095,4.495083
7:30:10 AM,1.653244,3.535916,4.163095,4.495083
7:30:10 AM,1.653244,3.535916,4.163095,4.495083
7:30:10 AM,1.653244,3.535916,4.163095,4.495083
7:30:10 AM,1.653244,3.535916,4.163119,4.495083
7:30:10 AM,1.653244,3.535916,4.163095,4.495083
7:30:10 AM,1.653244,3.535916,4.163119,4.495083
7:30:10 AM,1.653244,3.535885,4.163119,4.495083
7:30:10 AM,1.653244,3.535885,4.163119,4.495083
7:30:10 AM,1.653244,3.535885,4.163119,4.495083
7:30:10 AM,1.653244,3.535885,4.163095,4.495063
7:30:10 AM,1.653244,3.535885,4.163119,4.495083
7:30:10 AM,1.653244,3.535916,4.163118,4.495083
7:30:10 AM,1.653244,3.535916,4.163095,4.495083
7:30:10 AM,1.653244,3.535916,4.163095,4.495083
7:30:10 AM,1.653244,3.535916,4.163095,4.495083
7:30:10 AM,1.653244,3.535916,4.163119,4.495063
7:30:10 AM,1.653244,3.535916,4.163119,4.495063
7:30:10 AM,1.653244,3.535916,4.163119,4.495063
7:30:10 AM,1.653244,3.535916,4.163119,4.495063
7:30:10 AM,1.653244,3.535916,4.163119,4.495063
7:30:10 AM,1.653244,3.535916,4.163119,4.495063
7:30:10 AM,1.653244,3.535916,4.163119,4.495063
7:30:10 AM,1.653244,3.535885,4.163119,4.495083
7:30:10 AM,1.653244,3.535885,4.163119,4.495083
7:30:10 AM,1.653244,3.535885,4.163119,4.495083
7:30:10 AM,1.653244,3.535916,4.163119,4.495063
7:30:10 AM,1.653244,3.535916,4.163119,4.495083
7:30:10 AM,1.653244,3.535885,4.163119,4.495083
7:30:10 AM,1.653244,3.535885,4.163095,4.495083
7:30:10 AM,1.653244,3.535885,4.163095,4.495083
7:30:10 AM,1.653244,3.535885,4.163119,4.495083
7:30:10 AM,1.653244,3.535916,4.163119,4.495083
7:30:10 AM,1.653244,3.535916,4.163119,4.495083
7:30:10 AM,1.653244,3.535916,4.163095,4.495083
7:30:10 AM,1.653244,3.535916,4.163095,4.495083
7:30:10 AM,1.653244,3.535916,4.163095,4.495083
7:30:10 AM,1.653244,3.535916,4.163119,4.495083
7:30:10 AM,1.653244,3.535916,4.163119,4.495083
7:30:10 AM,1.653244,3.535885,4.163095,4.495063
7:30:10 AM,1.65322,3.535859,4.163097,4.495063
7:30:10 AM,1.653244,3.535885,4.163095,4.495063
7:30:11 AM,1.65322,3.535859,4.163119,4.495063
7:30:11 AM,1.653194,3.535859,4.163119,4.49508
7:30:11 AM,1.653244,3.535859,4.163119,4.49508
7:30:11 AM,1.65322,3.53589,4.163119,4.495083
7:30:11 AM,1.653244,3.535859,4.163119,4.495063
7:30:11 AM,1.65322,3.53589,4.163119,4.495063
7:30:11 AM,1.653219,3.535885,4.163119,4.495063
7:30:11 AM,1.653244,3.53589,4.163119,4.495063
7:30:11 AM,1.653219,3.535859,4.163073,4.495063
7:30:11 AM,1.653244,3.535859,4.163095,4.49508
7:30:11 AM,1.65322,3.53589,4.163142,4.495063
7:30:11 AM,1.65322,3.535859,4.163095,4.495083
7:30:11 AM,1.653244,3.53589,4.163119,4.495063
7:30:11 AM,1.653219,3.535859,4.163119,4.495063
7:30:11 AM,1.653244,3.535859,4.163119,4.495063
7:30:11 AM,1.653244,3.535859,4.163119,4.49508
7:30:11 AM,1.65322,3.535859,4.163119,4.495063
7:30:11 AM,1.653219,3.535859,4.163119,4.495063
7:30:11 AM,1.65322,3.535885,4.163119,4.495083
7:30:11 AM,1.65322,3.53589,4.163119,4.49508
7:30:11 AM,1.65322,3.535859,4.163073,4.49508
7:30:11 AM,1.653244,3.535859,4.163095,4.495063
7:30:11 AM,1.653219,3.535916,4.163095,4.49508
7:30:11 AM,1.653244,3.535916,4.163119,4.4951
7:30:11 AM,1.653244,3.535859,4.163095,4.495083
7:30:11 AM,1.653244,3.535885,4.163119,4.495083
7:30:11 AM,1.653244,3.535859,4.163119,4.4951
7:30:11 AM,1.653244,3.535859,4.163095,4.49508
7:30:11 AM,1.653219,3.535859,4.163095,4.495083
7:30:11 AM,1.653244,3.535859,4.163073,4.495063
7:30:11 AM,1.65322,3.535859,4.163095,4.495063
7:30:11 AM,1.653194,3.535859,4.163095,4.495063
7:30:11 AM,1.653244,3.535859,4.163119,4.495063
7:30:11 AM,1.653244,3.535859,4.163119,4.495063
7:30:11 AM,1.653244,3.535859,4.163095,4.49508
7:30:11 AM,1.653244,3.535859,4.163119,4.495063
7:30:11 AM,1.65322,3.535859,4.163119,4.495063
7:30:11 AM,1.65322,3.53589,4.163119,4.4951
7:30:11 AM,1.653244,3.535885,4.163095,4.495063
7:30:11 AM,1.65322,3.535859,4.163119,4.495063
7:30:11 AM,1.653244,3.535885,4.163119,4.495063
7:30:11 AM,1.65322,3.535859,4.163119,4.495083
7:30:11 AM,1.653194,3.535859,4.163119,4.49508
7:30:11 AM,1.65322,3.535859,4.163097,4.495063
7:30:11 AM,1.653194,3.535885,4.163095,4.49508
7:30:11 AM,1.653244,3.535916,4.163095,4.49508
7:30:11 AM,1.653244,3.535859,4.163095,4.495063
7:30:11 AM,1.65322,3.535916,4.163119,4.495063
7:30:11 AM,1.653244,3.535916,4.163095,4.49508
7:30:11 AM,1.653219,3.535859,4.163119,4.495063
7:30:11 AM,1.653244,3.535859,4.163119,4.49508
7:30:11 AM,1.653244,3.535859,4.163073,4.495063
7:30:11 AM,1.653219,3.53589,4.163073,4.495063
7:30:11 AM,1.65322,3.535859,4.163119,4.49508
7:30:11 AM,1.65322,3.535885,4.163119,4.495063
7:30:11 AM,1.65322,3.535859,4.163119,4.4951
7:30:11 AM,1.653194,3.535859,4.163073,4.495083
7:30:11 AM,1.653244,3.535859,4.163119,4.49508
7:30:11 AM,1.653244,3.535859,4.163095,4.49508
7:30:11 AM,1.653244,3.535859,4.163119,4.495063
7:30:11 AM,1.653244,3.535859,4.163119,4.495063
7:30:11 AM,1.653244,3.535859,4.163119,4.495063
7:30:11 AM,1.653244,3.535859,4.163119,4.495063
7:30:11 AM,1.653244,3.535859,4.163119,4.495063
7:30:11 AM,1.653244,3.535859,4.163119,4.495063
7:30:11 AM,1.653219,3.535859,4.163119,4.495063
7:30:11 AM,1.653244,3.535859,4.163119,4.495063
7:30:11 AM,1.653244,3.535859,4.163119,4.495063
7:30:11 AM,1.653244,3.535859,4.163119,4.495063
7:30:11 AM,1.653244,3.535859,4.163095,4.495063
7:30:11 AM,1.653244,3.535859,4.163095,4.495063
7:30:11 AM,1.653244,3.535859,4.163119,4.495063
7:30:11 AM,1.65322,3.535916,4.163142,4.495063
7:30:11 AM,1.653244,3.535859,4.163119,4.495063
7:30:11 AM,1.653219,3.535859,4.163119,4.495063
7:30:11 AM,1.653244,3.535859,4.163119,4.495063
7:30:11 AM,1.65322,3.535885,4.163095,4.495063
7:30:11 AM,1.653194,3.535916,4.163119,4.495063
7:30:11 AM,1.653244,3.535859,4.163095,4.495063
7:30:11 AM,1.653244,3.535885,4.163119,4.495083
7:30:11 AM,1.65322,3.535859,4.163119,4.4951
7:30:11 AM,1.65322,3.535885,4.163119,4.495063
7:30:11 AM,1.653244,3.535859,4.163095,4.495083
7:30:11 AM,1.653244,3.535859,4.163119,4.495083
7:30:11 AM,1.653244,3.535859,4.163119,4.495083
7:30:11 AM,1.653244,3.535885,4.163095,4.495063
7:30:11 AM,1.653219,3.535859,4.163097,4.49508
7:30:11 AM,1.653194,3.535859,4.163095,4.495063
7:30:11 AM,1.653219,3.535885,4.163119,4.495063
7:30:11 AM,1.653244,3.535859,4.163119,4.495063
7:30:11 AM,1.653219,3.535859,4.163097,4.495063
7:30:11 AM,1.653244,3.535859,4.163119,4.495083
7:30:11 AM,1.653219,3.535885,4.163095,4.495063
7:30:11 AM,1.653244,3.535859,4.163119,4.495063
7:30:11 AM,1.653244,3.53589,4.163095,4.495083
7:30:11 AM,1.65322,3.535859,4.163119,4.495063
7:30:11 AM,1.653244,3.535916,4.163119,4.49508
7:30:11 AM,1.653219,3.535885,4.163119,4.49508
7:30:11 AM,1.653244,3.535885,4.163119,4.495063
7:30:11 AM,1.653244,3.535885,4.163119,4.495083
7:30:11 AM,1.653244,3.535916,4.163119,4.495046
7:30:11 AM,1.653219,3.535916,4.163073,4.495065
7:30:11 AM,1.653244,3.53589,4.163073,4.495065
7:30:11 AM,1.65322,3.53589,4.163073,4.495046
7:30:11 AM,1.653219,3.53589,4.163095,4.495029
7:30:11 AM,1.65322,3.535916,4.163073,4.495029
7:30:11 AM,1.65322,3.53589,4.163097,4.495046
7:30:11 AM,1.653194,3.535916,4.163097,4.495048
7:30:11 AM,1.653244,3.53589,4.163119,4.495029
7:30:11 AM,1.653219,3.535916,4.163119,4.495046
7:30:11 AM,1.653244,3.535859,4.163095,4.495046
7:30:11 AM,1.653244,3.535916,4.163073,4.495046
7:30:11 AM,1.653219,3.535916,4.163119,4.495029
7:30:11 AM,1.65322,3.535916,4.163095,4.495046
7:30:11 AM,1.653219,3.535916,4.163097,4.495065
7:30:11 AM,1.65322,3.535916,4.163073,4.495046
7:30:11 AM,1.653219,3.535916,4.163073,4.495046
7:30:11 AM,1.653244,3.535859,4.163073,4.495046
7:30:11 AM,1.65322,3.53589,4.163097,4.495029
7:30:11 AM,1.653194,3.53589,4.163095,4.495046
7:30:11 AM,1.653244,3.535916,4.163095,4.495046
7:30:11 AM,1.653219,3.535916,4.163097,4.495026
7:30:11 AM,1.653244,3.535921,4.163095,4.495046
7:30:11 AM,1.653244,3.53589,4.163097,4.495029
7:30:11 AM,1.653219,3.53589,4.163073,4.495029
7:30:11 AM,1.653219,3.535916,4.163119,4.495046
7:30:11 AM,1.653244,3.535916,4.163095,4.495046
7:30:11 AM,1.653244,3.535916,4.163095,4.495046
7:30:11 AM,1.653244,3.535916,4.163095,4.495046
7:30:11 AM,1.653244,3.53589,4.163095,4.495046
7:30:11 AM,1.653244,3.53589,4.163073,4.495046
7:30:11 AM,1.653244,3.535916,4.163095,4.495046
7:30:11 AM,1.653244,3.53589,4.163095,4.495046
7:30:11 AM,1.653244,3.535916,4.163073,4.495046
7:30:11 AM,1.653219,3.53589,4.163095,4.495046
7:30:11 AM,1.65322,3.535859,4.163097,4.495029
7:30:11 AM,1.653244,3.53589,4.163073,4.495026
7:30:11 AM,1.653244,3.535916,4.163073,4.495046
7:30:11 AM,1.65322,3.535916,4.163073,4.495048
7:30:11 AM,1.65322,3.53589,4.163095,4.495026
7:30:11 AM,1.653244,3.535916,4.163119,4.495065
7:30:11 AM,1.653219,3.53589,4.163119,4.495048
7:30:11 AM,1.653244,3.53589,4.163073,4.495029
7:30:11 AM,1.65322,3.53589,4.163119,4.495046
7:30:11 AM,1.65322,3.535916,4.163095,4.495046
7:30:11 AM,1.65322,3.53589,4.163073,4.495046
7:30:11 AM,1.653244,3.535947,4.163119,4.495046
7:30:11 AM,1.653244,3.53589,4.163097,4.495046
7:30:11 AM,1.65322,3.53589,4.163119,4.495046
7:30:11 AM,1.653244,3.535859,4.163073,4.495046
7:30:11 AM,1.653244,3.535947,4.163097,4.495046
7:30:11 AM,1.653244,3.53589,4.163073,4.495065
7:30:11 AM,1.653244,3.53589,4.163097,4.495046
7:30:11 AM,1.653219,3.535916,4.163119,4.495046
7:30:11 AM,1.653244,3.53589,4.163073,4.495029
7:30:11 AM,1.65322,3.535916,4.163095,4.495046
7:30:11 AM,1.65322,3.53589,4.163073,4.495029
7:30:11 AM,1.65322,3.535921,4.163095,4.495029
7:30:11 AM,1.653244,3.535916,4.163119,4.495029
7:30:11 AM,1.653244,3.535885,4.163073,4.495046
7:30:11 AM,1.653244,3.53589,4.163073,4.495046
7:30:11 AM,1.653244,3.535885,4.163119,4.495046
7:30:11 AM,1.653244,3.53589,4.163095,4.495065
7:30:11 AM,1.653244,3.53589,4.163097,4.495046
7:30:11 AM,1.653194,3.53589,4.163095,4.495046
7:30:11 AM,1.653244,3.53589,4.163097,4.495029
7:30:11 AM,1.65322,3.53589,4.163073,4.495029
7:30:11 AM,1.653244,3.535947,4.163097,4.495046
7:30:11 AM,1.653244,3.53589,4.163095,4.495046
7:30:11 AM,1.65322,3.53589,4.163073,4.495046
7:30:11 AM,1.653244,3.53589,4.163073,4.495046
7:30:11 AM,1.653194,3.53589,4.163097,4.495046
7:30:11 AM,1.653244,3.53589,4.163119,4.495048
7:30:11 AM,1.65322,3.53589,4.163095,4.495046
7:30:11 AM,1.65322,3.535859,4.163095,4.495046
7:30:11 AM,1.653244,3.535921,4.163097,4.495046
7:30:11 AM,1.653244,3.535885,4.163119,4.495046
7:30:11 AM,1.653219,3.53589,4.163119,4.495026
7:30:11 AM,1.65322,3.535859,4.163095,4.495046
7:30:11 AM,1.653244,3.535916,4.163097,4.495029
7:30:11 AM,1.653244,3.535916,4.163095,4.495046
7:30:11 AM,1.653244,3.535916,4.163073,4.495029
7:30:11 AM,1.653219,3.535916,4.163073,4.495026
7:30:11 AM,1.653244,3.535916,4.163073,4.495046
7:30:11 AM,1.653219,3.53589,4.163119,4.495046
7:30:11 AM,1.65322,3.535947,4.163073,4.495046
7:30:11 AM,1.653244,3.535916,4.163095,4.495046
7:30:11 AM,1.65322,3.53589,4.163095,4.495046
7:30:11 AM,1.65322,3.53589,4.163097,4.495046
7:30:11 AM,1.653244,3.53589,4.163095,4.495029
7:30:11 AM,1.653219,3.535916,4.163095,4.495029
7:30:11 AM,1.653244,3.535859,4.163095,4.495046
7:30:11 AM,1.65322,3.535921,4.163073,4.495029
7:30:11 AM,1.653244,3.53589,4.163073,4.495029
7:30:11 AM,1.653244,3.535916,4.163095,4.495065
7:30:11 AM,1.653244,3.535916,4.163073,4.495065
7:30:11 AM,1.65322,3.535947,4.163119,4.495065
7:30:11 AM,1.65322,3.53589,4.163073,4.495046
7:30:11 AM,1.653244,3.535921,4.163119,4.495065
7:30:11 AM,1.653244,3.535916,4.163095,4.495046
7:30:11 AM,1.65322,3.535916,4.163073,4.495046
7:30:12 AM,1.653244,3.535916,4.163095,4.495046
7:30:12 AM,1.653244,3.535885,4.163095,4.495046
7:30:12 AM,1.653244,3.535859,4.163097,4.495063
7:30:12 AM,1.653244,3.535859,4.163119,4.49508
7:30:12 AM,1.653244,3.535859,4.163095,4.495063
7:30:12 AM,1.653244,3.535859,4.163095,4.495063
7:30:12 AM,1.653244,3.535859,4.163095,4.49508
7:30:12 AM,1.653244,3.535859,4.163095,4.49508
7:30:12 AM,1.653244,3.535859,4.163095,4.495063
7:30:12 AM,1.653244,3.535859,4.163095,4.495063
7:30:12 AM,1.653244,3.535859,4.163095,4.49508
7:30:12 AM,1.653244,3.535859,4.163095,4.49508
7:30:12 AM,1.653244,3.535859,4.163095,4.495063
7:30:12 AM,1.65322,3.535859,4.163095,4.495063
7:30:12 AM,1.65322,3.535859,4.163095,4.495063
7:30:12 AM,1.65322,3.535859,4.163095,4.495063
7:30:12 AM,1.653244,3.535859,4.163095,4.495063
7:30:12 AM,1.653244,3.535859,4.163095,4.495063
7:30:12 AM,1.653244,3.535859,4.163095,4.495063
7:30:12 AM,1.653244,3.535859,4.163095,4.495063
7:30:12 AM,1.653244,3.535859,4.163095,4.495063
7:30:12 AM,1.653244,3.535859,4.163095,4.495063
7:30:12 AM,1.653244,3.535859,4.163119,4.49508
7:30:12 AM,1.653244,3.535859,4.163119,4.49508
7:30:12 AM,1.653244,3.535859,4.163119,4.49508
7:30:12 AM,1.65322,3.535859,4.163119,4.49508
7:30:12 AM,1.653244,3.535859,4.163119,4.495063
7:30:12 AM,1.653244,3.535859,4.163119,4.495063
7:30:12 AM,1.653244,3.535859,4.163119,4.495063
7:30:12 AM,1.653244,3.535859,4.163119,4.495063
7:30:12 AM,1.653244,3.535859,4.163119,4.495063
7:30:12 AM,1.653244,3.535885,4.163119,4.49508
7:30:12 AM,1.653244,3.535885,4.163097,4.495063
7:30:12 AM,1.653244,3.535885,4.163097,4.495063
7:30:12 AM,1.653244,3.535885,4.163097,4.495063
7:30:12 AM,1.653244,3.535885,4.163119,4.495063
7:30:12 AM,1.653219,3.535859,4.163095,4.495063
7:30:12 AM,1.653244,3.535885,4.163119,4.495063
7:30:12 AM,1.653244,3.535859,4.163097,4.495063
7:30:12 AM,1.653244,3.535859,4.163119,4.495063
7:30:12 AM,1.653244,3.535859,4.163097,4.495063
7:30:12 AM,1.65322,3.535859,4.163119,4.495063
7:30:12 AM,1.653244,3.535859,4.163119,4.495063
7:30:12 AM,1.653244,3.535859,4.163119,4.495063
7:30:12 AM,1.65322,3.535859,4.163119,4.495063
7:30:12 AM,1.653244,3.535859,4.163119,4.495063
7:30:12 AM,1.65322,3.535859,4.163119,4.495063
7:30:12 AM,1.65322,3.535859,4.163119,4.49508
7:30:12 AM,1.653244,3.535859,4.163119,4.495063
7:30:12 AM,1.653219,3.535859,4.163095,4.495063
7:30:12 AM,1.653244,3.535859,4.163097,4.49508
7:30:12 AM,1.653219,3.535859,4.163095,4.495063
7:30:12 AM,1.65322,3.53589,4.163095,4.495046
7:30:12 AM,1.65322,3.53589,4.163095,4.495063
7:30:12 AM,1.65322,3.53589,4.163095,4.495063
7:30:12 AM,1.653244,3.53589,4.163095,4.495046
7:30:12 AM,1.653244,3.53589,4.163095,4.495046
7:30:12 AM,1.65322,3.53589,4.163095,4.495046
7:30:12 AM,1.65322,3.53589,4.163095,4.495063
7:30:12 AM,1.653244,3.53589,4.163095,4.495063
7:30:12 AM,1.653244,3.53589,4.163095,4.495046
7:30:12 AM,1.653244,3.53589,4.163095,4.495046
7:30:12 AM,1.653244,3.53589,4.163095,4.495046
7:30:12 AM,1.653244,3.53589,4.163095,4.495046
7:30:12 AM,1.653244,3.53589,4.163119,4.495046
7:30:12 AM,1.653244,3.53589,4.163119,4.495046
7:30:12 AM,1.653244,3.535916,4.163119,4.495046
7:30:12 AM,1.653244,3.535916,4.163119,4.495046
7:30:12 AM,1.653244,3.535916,4.163095,4.495046
7:30:12 AM,1.653244,3.535916,4.163095,4.495046
7:30:12 AM,1.653244,3.535916,4.163095,4.495046
7:30:12 AM,1.653219,3.535859,4.163095,4.495063
7:30:12 AM,1.653244,3.535916,4.163095,4.495046
7:30:12 AM,1.653194,3.53589,4.163095,4.495063
7:30:12 AM,1.65322,3.53589,4.163095,4.495063
7:30:12 AM,1.653244,3.535916,4.163095,4.495046
7:30:12 AM,1.653244,3.53589,4.163095,4.495046
7:30:12 AM,1.65322,3.53589,4.163095,4.495046
7:30:12 AM,1.653219,3.535859,4.163095,4.495063
7:30:12 AM,1.653219,3.535859,4.163095,4.495063
7:30:12 AM,1.653219,3.535859,4.163095,4.495046
7:30:12 AM,1.653219,3.535859,4.163095,4.495046
7:30:12 AM,1.653219,3.535859,4.163095,4.495046
7:30:12 AM,1.653219,3.535859,4.163095,4.495046
7:30:12 AM,1.653219,3.535859,4.163095,4.495046
7:30:12 AM,1.653219,3.535859,4.163095,4.495046
7:30:12 AM,1.653219,3.53589,4.163095,4.495046
7:30:12 AM,1.653219,3.535859,4.163095,4.495046
7:30:12 AM,1.653219,3.535859,4.163095,4.495063
7:30:12 AM,1.653219,3.535859,4.163095,4.495046
7:30:12 AM,1.653219,3.535859,4.163095,4.495063
7:30:12 AM,1.653219,3.53589,4.163095,4.495046
7:30:12 AM,1.653219,3.53589,4.163095,4.495046
7:30:12 AM,1.653219,3.53589,4.163095,4.495046
7:30:12 AM,1.653219,3.53589,4.163095,4.495046
7:30:12 AM,1.653219,3.53589,4.163095,4.495046
7:30:12 AM,1.653219,3.53589,4.163095,4.495046
7:30:12 AM,1.653219,3.53589,4.163095,4.495046
7:30:12 AM,1.653219,3.535859,4.163095,4.495046
7:30:12 AM,1.653219,3.535885,4.163049,4.495048
7:30:12 AM,1.653244,3.535859,4.163049,4.495065
7:30:12 AM,1.653219,3.535829,4.163073,4.495065
7:30:12 AM,1.653244,3.535859,4.163049,4.495065
7:30:12 AM,1.653219,3.535855,4.163026,4.495048
7:30:12 AM,1.653244,3.535859,4.163049,4.495065
7:30:12 AM,1.653219,3.535859,4.163073,4.495048
7:30:12 AM,1.653219,3.535859,4.163049,4.495065
7:30:12 AM,1.653219,3.535859,4.163026,4.495048
7:30:12 AM,1.653219,3.535859,4.163026,4.495065
7:30:12 AM,1.653219,3.535859,4.163049,4.495048
7:30:12 AM,1.653219,3.535885,4.163049,4.495065
7:30:12 AM,1.653244,3.535829,4.163073,4.495065
7:30:12 AM,1.653219,3.535829,4.163073,4.495048
7:30:12 AM,1.653244,3.535859,4.163073,4.495065
7:30:12 AM,1.653219,3.535859,4.163026,4.495065
7:30:12 AM,1.653269,3.535859,4.163026,4.495048
7:30:12 AM,1.653219,3.535885,4.163026,4.495065
7:30:12 AM,1.653219,3.535885,4.163049,4.495046
7:30:12 AM,1.653219,3.535885,4.16305,4.495048
7:30:12 AM,1.653219,3.535859,4.163026,4.495029
7:30:12 AM,1.653219,3.535859,4.163073,4.495065
7:30:12 AM,1.653244,3.535885,4.163026,4.495065
7:30:12 AM,1.653219,3.535855,4.163049,4.495065
7:30:12 AM,1.653219,3.535859,4.163073,4.495029
7:30:12 AM,1.653194,3.535829,4.163049,4.495065
7:30:12 AM,1.653219,3.535859,4.163049,4.495065
7:30:12 AM,1.653219,3.535859,4.163049,4.495065
7:30:12 AM,1.653219,3.535859,4.163073,4.495065
7:30:12 AM,1.653219,3.535859,4.163049,4.495065
7:30:12 AM,1.653219,3.535859,4.163049,4.495065
7:30:12 AM,1.653219,3.535859,4.163073,4.495065
7:30:12 AM,1.653219,3.535859,4.163073,4.495065
7:30:12 AM,1.653219,3.535859,4.163073,4.495065
7:30:12 AM,1.653219,3.535859,4.163049,4.495048
7:30:12 AM,1.653219,3.535859,4.163049,4.495065
7:30:12 AM,1.653219,3.535829,4.163073,4.495065
7:30:12 AM,1.653219,3.535885,4.163049,4.495065
7:30:12 AM,1.653219,3.535855,4.163049,4.495048
7:30:12 AM,1.653219,3.535859,4.163049,4.495048
7:30:12 AM,1.653244,3.535859,4.16305,4.495065
7:30:12 AM,1.653219,3.535855,4.163049,4.495065
7:30:12 AM,1.653219,3.535859,4.163073,4.495065
7:30:12 AM,1.653219,3.535885,4.163073,4.495065
7:30:12 AM,1.653244,3.535859,4.163026,4.495065
7:30:12 AM,1.653219,3.535885,4.16305,4.495065
7:30:12 AM,1.653219,3.535859,4.163073,4.495046
7:30:12 AM,1.653194,3.535829,4.163026,4.495046
7:30:12 AM,1.653219,3.535859,4.163071,4.495065
7:30:12 AM,1.653244,3.535859,4.163049,4.495065
7:30:12 AM,1.653219,3.535829,4.163073,4.495048
7:30:12 AM,1.653244,3.535829,4.163073,4.495065
7:30:12 AM,1.653219,3.535885,4.163073,4.495048
7:30:12 AM,1.653244,3.535859,4.163049,4.495048
7:30:12 AM,1.65322,3.535859,4.163073,4.495065
7:30:12 AM,1.653219,3.535855,4.163073,4.495048
7:30:12 AM,1.653219,3.535885,4.163026,4.495065
7:30:12 AM,1.653244,3.535829,4.163049,4.495065
7:30:12 AM,1.653219,3.535859,4.163049,4.495029
7:30:12 AM,1.653219,3.535859,4.16305,4.495065
7:30:12 AM,1.653219,3.535859,4.163049,4.495048
7:30:12 AM,1.653194,3.535859,4.16305,4.495065
7:30:12 AM,1.653244,3.535859,4.16305,4.495048
7:30:12 AM,1.653194,3.535859,4.163073,4.495048
7:30:12 AM,1.653219,3.535829,4.163049,4.495048
7:30:12 AM,1.653219,3.535859,4.163073,4.495065
7:30:12 AM,1.653244,3.535885,4.163073,4.495048
7:30:12 AM,1.653219,3.535885,4.163073,4.495065
7:30:12 AM,1.653219,3.535885,4.163073,4.495046
7:30:12 AM,1.653219,3.535859,4.163049,4.495065
7:30:12 AM,1.653219,3.535855,4.163049,4.495048
7:30:12 AM,1.653244,3.535885,4.163073,4.495065
7:30:12 AM,1.653219,3.535859,4.16305,4.495065
7:30:12 AM,1.653244,3.535885,4.163049,4.495029
7:30:12 AM,1.653244,3.535859,4.163049,4.495065
7:30:12 AM,1.653244,3.535885,4.163073,4.495048
7:30:12 AM,1.653219,3.535885,4.163073,4.495065
7:30:12 AM,1.653219,3.535829,4.163049,4.495048
7:30:12 AM,1.653219,3.535829,4.16305,4.495065
7:30:12 AM,1.653219,3.535859,4.163073,4.495046
7:30:12 AM,1.653219,3.535859,4.163073,4.495065
7:30:12 AM,1.653244,3.535829,4.16305,4.495065
7:30:12 AM,1.653219,3.535859,4.163026,4.495065
7:30:12 AM,1.653219,3.535859,4.163049,4.495029
7:30:12 AM,1.653219,3.535855,4.163026,4.495065
7:30:12 AM,1.653194,3.535829,4.16305,4.495048
7:30:12 AM,1.653244,3.535885,4.163026,4.495048
7:30:12 AM,1.653194,3.535885,4.163073,4.495065
7:30:12 AM,1.653219,3.535885,4.16305,4.495065
7:30:12 AM,1.653219,3.535885,4.163073,4.495065
7:30:12 AM,1.653219,3.535859,4.163026,4.495065
7:30:12 AM,1.653244,3.535859,4.163073,4.495029
7:30:12 AM,1.653219,3.535885,4.163073,4.495046
7:30:12 AM,1.653244,3.535859,4.163026,4.495046
7:30:12 AM,1.653219,3.535829,4.163049,4.495048
7:30:12 AM,1.653244,3.535829,4.163026,4.495065
7:30:12 AM,1.653244,3.535855,4.163049,4.495046
7:30:12 AM,1.653219,3.535855,4.163049,4.495029
7:30:12 AM,1.653219,3.535859,4.163049,4.495065
7:30:12 AM,1.653244,3.535911,4.163073,4.495065
7:30:12 AM,1.653244,3.535916,4.163073,4.495046
7:30:13 AM,1.65322,3.535916,4.163095,4.495065
7:30:13 AM,1.653244,3.535916,4.163095,4.495046
7:30:13 AM,1.653244,3.535916,4.163095,4.495046
7:30:13 AM,1.653244,3.535916,4.163095,4.495046
7:30:13 AM,1.653244,3.535916,4.163095,4.495046
7:30:13 AM,1.65322,3.535885,4.163095,4.495046
7:30:13 AM,1.65322,3.535885,4.163095,4.495065
7:30:13 AM,1.65322,3.535885,4.163095,4.495065
7:30:13 AM,1.65322,3.535885,4.163073,4.495065
7:30:13 AM,1.65322,3.535942,4.163073,4.495065
7:30:13 AM,1.65322,3.535911,4.163073,4.495065
7:30:13 AM,1.65322,3.535942,4.163073,4.495065
7:30:13 AM,1.65322,3.535942,4.163073,4.495065
7:30:13 AM,1.65322,3.535942,4.163073,4.495065
7:30:13 AM,1.65322,3.535942,4.163073,4.495065
7:30:13 AM,1.65322,3.535942,4.163073,4.495065
7:30:13 AM,1.653244,3.535942,4.163073,4.495065
7:30:13 AM,1.653244,3.535911,4.163073,4.495065
7:30:13 AM,1.65322,3.535911,4.163073,4.495065
7:30:13 AM,1.65322,3.535911,4.163073,4.495065
7:30:13 AM,1.65322,3.535911,4.163073,4.495065
7:30:13 AM,1.65322,3.535916,4.163095,4.495065
7:30:13 AM,1.65322,3.535916,4.163095,4.495065
7:30:13 AM,1.65322,3.535916,4.163095,4.495065
7:30:13 AM,1.65322,3.535916,4.163095,4.495065
7:30:13 AM,1.653244,3.535916,4.163073,4.495046
7:30:13 AM,1.653244,3.53589,4.163073,4.495046
7:30:13 AM,1.653219,3.535859,4.163073,4.495065
7:30:13 AM,1.653244,3.535916,4.163073,4.495046
7:30:13 AM,1.653244,3.535916,4.163073,4.495046
7:30:13 AM,1.653244,3.535916,4.163073,4.495046
7:30:13 AM,1.653244,3.535916,4.163073,4.495046
7:30:13 AM,1.653244,3.535916,4.163073,4.495046
7:30:13 AM,1.653244,3.535916,4.163095,4.495046
7:30:13 AM,1.653244,3.535916,4.163095,4.495046
7:30:13 AM,1.65322,3.535911,4.163073,4.495065
7:30:13 AM,1.653244,3.535916,4.163095,4.495046
7:30:13 AM,1.653244,3.535916,4.163095,4.495046
7:30:13 AM,1.653244,3.535916,4.163095,4.495046
7:30:13 AM,1.653244,3.535916,4.163095,4.495046
7:30:13 AM,1.653244,3.535916,4.163095,4.495046
7:30:13 AM,1.653244,3.535916,4.163095,4.495046
7:30:13 AM,1.653244,3.535916,4.163095,4.495065
7:30:13 AM,1.653244,3.535916,4.163095,4.495065
7:30:13 AM,1.653244,3.535916,4.163095,4.495065
7:30:13 AM,1.653244,3.535916,4.163095,4.495065
7:30:13 AM,1.65322,3.535916,4.163095,4.495065
7:30:13 AM,1.653244,3.535916,4.163095,4.495046
7:30:13 AM,1.65322,3.535911,4.163073,4.495065
7:30:13 AM,1.653244,3.535916,4.163095,4.495065
7:30:13 AM,1.653244,3.535911,4.163073,4.495065
7:30:13 AM,1.653219,3.535885,4.163073,4.495065
7:30:13 AM,1.653219,3.535885,4.163073,4.495065
7:30:13 AM,1.653219,3.535885,4.163073,4.495065
7:30:13 AM,1.653219,3.535885,4.163073,4.495065
7:30:13 AM,1.653219,3.535885,4.163073,4.495065
7:30:13 AM,1.653219,3.535885,4.163073,4.495065
7:30:13 AM,1.653219,3.535885,4.163073,4.495065
7:30:13 AM,1.653219,3.535885,4.163073,4.495065
7:30:13 AM,1.653219,3.535885,4.163073,4.495065
7:30:13 AM,1.653219,3.535885,4.163073,4.495065
7:30:13 AM,1.653219,3.535885,4.163073,4.495065
7:30:13 AM,1.653219,3.535885,4.163073,4.495065
7:30:13 AM,1.653219,3.535885,4.163073,4.495065
7:30:13 AM,1.653219,3.535885,4.163073,4.495065
7:30:13 AM,1.653219,3.535885,4.163073,4.495065
7:30:13 AM,1.653219,3.535885,4.163073,4.495065
7:30:13 AM,1.653219,3.535885,4.163073,4.495065
7:30:13 AM,1.653219,3.535859,4.163073,4.495065
7:30:13 AM,1.653219,3.535885,4.163073,4.495065
7:30:13 AM,1.653219,3.535885,4.163049,4.495065
7:30:13 AM,1.653219,3.535859,4.163049,4.495065
7:30:13 AM,1.653219,3.535859,4.163049,4.495065
7:30:13 AM,1.653219,3.535885,4.163073,4.495065
7:30:13 AM,1.653219,3.535885,4.163073,4.495065
7:30:13 AM,1.653219,3.535859,4.163049,4.495065
7:30:13 AM,1.653219,3.535885,4.163073,4.495065
7:30:13 AM,1.653219,3.535885,4.163073,4.495065
7:30:13 AM,1.65322,3.535911,4.163073,4.495065
7:30:13 AM,1.653244,3.535911,4.163073,4.495065
7:30:13 AM,1.653244,3.535911,4.163073,4.495065
7:30:13 AM,1.653244,3.535911,4.163073,4.495065
7:30:13 AM,1.653244,3.535911,4.163073,4.495065
7:30:13 AM,1.653244,3.535911,4.163073,4.495065
7:30:13 AM,1.653244,3.535911,4.163073,4.495065
7:30:13 AM,1.653219,3.535911,4.163073,4.495065
7:30:13 AM,1.653219,3.535911,4.163073,4.495065
7:30:13 AM,1.653219,3.535911,4.163073,4.495065
7:30:13 AM,1.653244,3.535911,4.163073,4.495065
7:30:13 AM,1.653219,3.535911,4.163073,4.495065
7:30:13 AM,1.653219,3.535911,4.163073,4.495065
7:30:13 AM,1.653219,3.535911,4.163073,4.495065
7:30:13 AM,1.653219,3.535911,4.163073,4.495065
7:30:13 AM,1.653219,3.535911,4.163073,4.495065
7:30:13 AM,1.653219,3.535911,4.163073,4.495065
7:30:13 AM,1.653219,3.535911,4.163073,4.495065
7:30:13 AM,1.653219,3.535911,4.163073,4.495065
7:30:13 AM,1.653219,3.535885,4.163073,4.495065
7:30:13 AM,1.653219,3.535911,4.163073,4.495065
7:30:13 AM,1.653219,3.535885,4.163095,4.495046
7:30:13 AM,1.653194,3.535859,4.163095,4.495083
7:30:13 AM,1.653194,3.535829,4.163119,4.495063
7:30:13 AM,1.653194,3.535855,4.163119,4.495083
7:30:13 AM,1.653219,3.535859,4.163097,4.495063
7:30:13 AM,1.653219,3.535885,4.163097,4.495063
7:30:13 AM,1.653219,3.535885,4.163119,4.495063
7:30:13 AM,1.653194,3.535829,4.163097,4.495063
7:30:13 AM,1.653194,3.535859,4.163095,4.495065
7:30:13 AM,1.653219,3.535859,4.163119,4.495083
7:30:13 AM,1.653194,3.535885,4.163097,4.495046
7:30:13 AM,1.653219,3.535829,4.163119,4.495046
7:30:13 AM,1.653194,3.535855,4.163119,4.495063
7:30:13 AM,1.653219,3.535885,4.163097,4.495063
7:30:13 AM,1.653219,3.535859,4.163097,4.495046
7:30:13 AM,1.653194,3.535885,4.163073,4.495063
7:30:13 AM,1.65322,3.535885,4.163095,4.495065
7:30:13 AM,1.653219,3.535859,4.163097,4.495083
7:30:13 AM,1.653194,3.535885,4.163119,4.495046
7:30:13 AM,1.653219,3.535859,4.163119,4.495083
7:30:13 AM,1.653194,3.535859,4.163073,4.495063
7:30:13 AM,1.653194,3.535855,4.163073,4.495063
7:30:13 AM,1.653194,3.535885,4.163119,4.495083
7:30:13 AM,1.653219,3.535855,4.163119,4.495046
7:30:13 AM,1.653219,3.535859,4.163073,4.495063
7:30:13 AM,1.653194,3.535885,4.163119,4.495065
7:30:13 AM,1.653219,3.535885,4.163095,4.495063
7:30:13 AM,1.653219,3.535885,4.163095,4.495063
7:30:13 AM,1.653219,3.535885,4.163095,4.495063
7:30:13 AM,1.653219,3.535885,4.163097,4.495063
7:30:13 AM,1.653219,3.535885,4.163097,4.495046
7:30:13 AM,1.653219,3.535885,4.163097,4.495063
7:30:13 AM,1.653219,3.535885,4.163097,4.495063
7:30:13 AM,1.653219,3.535885,4.163119,4.495063
7:30:13 AM,1.653219,3.535885,4.163119,4.495063
7:30:13 AM,1.653219,3.535885,4.163097,4.495063
7:30:13 AM,1.653219,3.535885,4.163073,4.495063
7:30:13 AM,1.653219,3.535885,4.163119,4.495063
7:30:13 AM,1.653194,3.535859,4.163097,4.495063
7:30:13 AM,1.65322,3.535885,4.163073,4.495046
7:30:13 AM,1.653194,3.535829,4.163095,4.495083
7:30:13 AM,1.653219,3.535885,4.163095,4.495065
7:30:13 AM,1.653194,3.535885,4.163095,4.495083
7:30:13 AM,1.653194,3.535855,4.163119,4.495063
7:30:13 AM,1.653219,3.535885,4.163119,4.495046
7:30:13 AM,1.653244,3.535829,4.163119,4.495063
7:30:13 AM,1.65322,3.535859,4.163119,4.495063
7:30:13 AM,1.653194,3.535829,4.163073,4.495065
7:30:13 AM,1.653194,3.535859,4.163073,4.495083
7:30:13 AM,1.653194,3.535859,4.163073,4.495046
7:30:13 AM,1.653219,3.535885,4.163073,4.495083
7:30:13 AM,1.653194,3.535829,4.163095,4.495046
7:30:13 AM,1.653219,3.535859,4.163097,4.495046
7:30:13 AM,1.653219,3.535885,4.163119,4.495063
7:30:13 AM,1.653219,3.535859,4.163095,4.495065
7:30:13 AM,1.653219,3.535885,4.163073,4.495065
7:30:13 AM,1.653219,3.535885,4.163119,4.495046
7:30:13 AM,1.653194,3.535829,4.163119,4.495046
7:30:13 AM,1.653219,3.535859,4.163095,4.495046
7:30:13 AM,1.653219,3.535859,4.163095,4.495046
7:30:13 AM,1.653194,3.535859,4.163119,4.495083
7:30:13 AM,1.653194,3.535885,4.163073,4.495065
7:30:13 AM,1.65322,3.535885,4.163119,4.495063
7:30:13 AM,1.653194,3.535885,4.163119,4.495063
7:30:13 AM,1.653219,3.535859,4.163073,4.495083
7:30:13 AM,1.653194,3.535885,4.163119,4.495083
7:30:13 AM,1.653219,3.535859,4.163095,4.495063
7:30:13 AM,1.653194,3.535859,4.163073,4.495083
7:30:13 AM,1.653194,3.535855,4.163095,4.495063
7:30:13 AM,1.65322,3.535855,4.163097,4.495083
7:30:13 AM,1.653219,3.535885,4.163095,4.495063
7:30:13 AM,1.653194,3.535885,4.163095,4.495083
7:30:13 AM,1.653219,3.535859,4.163097,4.495083
7:30:13 AM,1.653219,3.535885,4.163073,4.495046
7:30:13 AM,1.653194,3.535885,4.163119,4.495065
7:30:13 AM,1.653244,3.535885,4.163119,4.495046
7:30:13 AM,1.653194,3.535885,4.163095,4.495065
7:30:13 AM,1.653219,3.535855,4.163073,4.495065
7:30:13 AM,1.65322,3.535885,4.163073,4.495046
7:30:13 AM,1.653219,3.535885,4.163097,4.495083
7:30:13 AM,1.653194,3.535885,4.163097,4.495063
7:30:13 AM,1.653194,3.535859,4.163119,4.495065
7:30:13 AM,1.653194,3.535885,4.163073,4.495046
7:30:13 AM,1.653219,3.535859,4.163097,4.495083
7:30:13 AM,1.65322,3.535885,4.163119,4.495083
7:30:13 AM,1.653244,3.535885,4.163097,4.495065
7:30:13 AM,1.653219,3.535885,4.163119,4.495063
7:30:13 AM,1.653219,3.535885,4.163097,4.495046
7:30:13 AM,1.653219,3.535885,4.163119,4.495065
7:30:13 AM,1.653219,3.535859,4.163095,4.495046
7:30:13 AM,1.653194,3.535855,4.163119,4.495063
7:30:13 AM,1.65322,3.535859,4.163097,4.495083
7:30:13 AM,1.653219,3.535885,4.163097,4.495063
7:30:13 AM,1.653219,3.535885,4.163119,4.495083
7:30:13 AM,1.65322,3.535855,4.163119,4.495083
7:30:13 AM,1.653244,3.535855,4.163097,4.495046
7:30:13 AM,1.653244,3.535885,4.163073,4.495063
7:30:13 AM,1.653219,3.535885,4.163119,4.495046
7:30:13 AM,1.653219,3.535885,4.163097,4.495063
7:30:13 AM,1.65322,3.535859,4.163119,4.495046
7:30:13 AM,1.653219,3.535885,4.163073,4.495063
7:30:14 AM,1.653219,3.535859,4.163073,4.495046
7:30:14 AM,1.653219,3.535859,4.163073,4.495046
7:30:14 AM,1.653219,3.535859,4.16305,4.495046
7:30:14 AM,1.653219,3.535859,4.16305,4.495046
7:30:14 AM,1.653219,3.535859,4.163073,4.495046
7:30:14 AM,1.653219,3.535859,4.163073,4.495046
7:30:14 AM,1.653219,3.535859,4.163073,4.495046
7:30:14 AM,1.653219,3.535859,4.163073,4.495046
7:30:14 AM,1.653219,3.535859,4.163073,4.495046
7:30:14 AM,1.653219,3.535859,4.163049,4.495046
7:30:14 AM,1.653219,3.535859,4.163073,4.495046
7:30:14 AM,1.653219,3.535859,4.163073,4.495046
7:30:14 AM,1.653219,3.535859,4.163049,4.495029
7:30:14 AM,1.653219,3.535859,4.163049,4.495029
7:30:14 AM,1.653219,3.535859,4.163049,4.495029
7:30:14 AM,1.653219,3.535859,4.163073,4.495029
7:30:14 AM,1.653219,3.535859,4.163073,4.495046
7:30:14 AM,1.653219,3.535859,4.163073,4.495046
7:30:14 AM,1.653219,3.535859,4.163095,4.495046
7:30:14 AM,1.653219,3.535859,4.163073,4.495046
7:30:14 AM,1.653219,3.535859,4.163095,4.495046
7:30:14 AM,1.653219,3.535859,4.163073,4.495046
7:30:14 AM,1.653219,3.535859,4.163073,4.495046
7:30:14 AM,1.653219,3.535859,4.163073,4.495046
7:30:14 AM,1.653219,3.535859,4.163073,4.495046
7:30:14 AM,1.653194,3.535885,4.163097,4.495046
7:30:14 AM,1.653194,3.535859,4.163119,4.495083
7:30:14 AM,1.653219,3.535859,4.163073,4.495065
7:30:14 AM,1.653219,3.535859,4.163049,4.495065
7:30:14 AM,1.653219,3.535859,4.163049,4.495065
7:30:14 AM,1.653219,3.535859,4.163049,4.495065
7:30:14 AM,1.653219,3.535859,4.163049,4.495065
7:30:14 AM,1.653219,3.535859,4.163073,4.495065
7:30:14 AM,1.653219,3.535859,4.163073,4.495048
7:30:14 AM,1.653219,3.535859,4.163073,4.495048
7:30:14 AM,1.653219,3.535859,4.163095,4.495046
7:30:14 AM,1.653219,3.535859,4.163073,4.495065
7:30:14 AM,1.653219,3.535859,4.163073,4.495065
7:30:14 AM,1.653219,3.535859,4.163073,4.495065
7:30:14 AM,1.653219,3.535859,4.163073,4.495065
7:30:14 AM,1.653219,3.535859,4.163073,4.495065
7:30:14 AM,1.653219,3.535859,4.163073,4.495065
7:30:14 AM,1.653219,3.535859,4.163049,4.495065
7:30:14 AM,1.653219,3.535859,4.163073,4.495065
7:30:14 AM,1.653219,3.535859,4.163073,4.495065
7:30:14 AM,1.653219,3.535859,4.163049,4.495065
7:30:14 AM,1.653219,3.535859,4.163073,4.495065
7:30:14 AM,1.653219,3.535859,4.163073,4.495065
7:30:14 AM,1.653219,3.535885,4.163073,4.495063
7:30:14 AM,1.653219,3.535859,4.163095,4.495046
7:30:14 AM,1.653219,3.535859,4.163095,4.495046
7:30:14 AM,1.653219,3.535885,4.163095,4.495063
7:30:14 AM,1.653219,3.535885,4.163095,4.495063
7:30:14 AM,1.653219,3.535885,4.163095,4.495063
7:30:14 AM,1.653219,3.535885,4.163095,4.495063
7:30:14 AM,1.653219,3.535885,4.163095,4.495063
7:30:14 AM,1.653219,3.535885,4.163095,4.495063
7:30:14 AM,1.653219,3.535885,4.163073,4.495063
7:30:14 AM,1.653219,3.535885,4.163073,4.495063
7:30:14 AM,1.653219,3.535885,4.163073,4.495063
7:30:14 AM,1.653219,3.535885,4.163073,4.495063
7:30:14 AM,1.653219,3.535885,4.163073,4.495063
7:30:14 AM,1.653219,3.535885,4.163073,4.495063
7:30:14 AM,1.653219,3.535885,4.163073,4.495063
7:30:14 AM,1.653219,3.535885,4.163073,4.495063
7:30:14 AM,1.653219,3.535885,4.163095,4.495063
7:30:14 AM,1.653219,3.535885,4.163073,4.495063
7:30:14 AM,1.653219,3.535885,4.163073,4.495063
7:30:14 AM,1.653219,3.535885,4.163073,4.495063
7:30:14 AM,1.653219,3.535885,4.163073,4.495063
7:30:14 AM,1.653219,3.535885,4.163073,4.495063
7:30:14 AM,1.653219,3.535885,4.163073,4.495063
7:30:14 AM,1.653219,3.535885,4.163095,4.495063
7:30:14 AM,1.653219,3.535885,4.163095,4.495063
7:30:14 AM,1.653219,3.535885,4.163095,4.495063
7:30:14 AM,1.653219,3.535885,4.163095,4.495046
7:30:14 AM,1.653219,3.535859,4.163095,4.495046
7:30:14 AM,1.653219,3.535859,4.163095,4.495046
7:30:14 AM,1.653219,3.535859,4.163095,4.495046
7:30:14 AM,1.653219,3.535859,4.163095,4.495046
7:30:14 AM,1.653219,3.535859,4.163095,4.495046
7:30:14 AM,1.653219,3.535859,4.163095,4.495046
7:30:14 AM,1.653219,3.535859,4.163095,4.495046
7:30:14 AM,1.653219,3.53589,4.163073,4.495046
7:30:14 AM,1.653219,3.53589,4.163095,4.495046
7:30:14 AM,1.653219,3.53589,4.163073,4.495046
7:30:14 AM,1.653219,3.535859,4.163095,4.495046
7:30:14 AM,1.653219,3.535859,4.163073,4.495046
7:30:14 AM,1.653219,3.535859,4.163073,4.495046
7:30:14 AM,1.653219,3.535859,4.163073,4.495046
7:30:14 AM,1.653219,3.535859,4.163073,4.495046
7:30:14 AM,1.653219,3.535859,4.163073,4.495046
7:30:14 AM,1.653219,3.535885,4.163073,4.495046
7:30:14 AM,1.653219,3.535885,4.163095,4.495046
7:30:14 AM,1.653219,3.535859,4.163095,4.495046
7:30:14 AM,1.653219,3.535859,4.163095,4.495046
7:30:14 AM,1.653219,3.535885,4.163095,4.495046
7:30:14 AM,1.653219,3.535885,4.163095,4.495046
7:30:14 AM,1.653219,3.535859,4.163073,4.495046
7:30:14 AM,1.653219,3.535859,4.163095,4.495063
7:30:14 AM,1.653194,3.535859,4.163049,4.495063
7:30:14 AM,1.653194,3.535859,4.163049,4.495063
7:30:14 AM,1.653194,3.535829,4.163073,4.495063
7:30:14 AM,1.653194,3.535829,4.163073,4.495063
7:30:14 AM,1.653194,3.535829,4.163073,4.495063
7:30:14 AM,1.653194,3.535829,4.163073,4.495063
7:30:14 AM,1.653194,3.535829,4.163073,4.495063
7:30:14 AM,1.653194,3.535829,4.163073,4.495063
7:30:14 AM,1.653194,3.535829,4.163073,4.495063
7:30:14 AM,1.653194,3.535829,4.163073,4.49508
7:30:14 AM,1.653194,3.535829,4.163073,4.495063
7:30:14 AM,1.653194,3.535829,4.163073,4.49508
7:30:14 AM,1.653194,3.535829,4.163073,4.49508
7:30:14 AM,1.653194,3.535829,4.163073,4.49508
7:30:14 AM,1.653194,3.535829,4.16305,4.49508
7:30:14 AM,1.653194,3.535829,4.16305,4.49508
7:30:14 AM,1.653194,3.535829,4.163073,4.49508
7:30:14 AM,1.653194,3.535829,4.16305,4.495063
7:30:14 AM,1.653194,3.535829,4.163073,4.495063
7:30:14 AM,1.653194,3.535829,4.163073,4.495063
7:30:14 AM,1.653194,3.535829,4.163073,4.495063
7:30:14 AM,1.653194,3.535829,4.163097,4.495063
7:30:14 AM,1.653219,3.535829,4.163097,4.495063
7:30:14 AM,1.653194,3.535829,4.163073,4.495063
7:30:14 AM,1.653219,3.535829,4.163097,4.495063
7:30:14 AM,1.653194,3.535829,4.163073,4.495063
7:30:14 AM,1.653194,3.535829,4.163073,4.495063
7:30:14 AM,1.653194,3.535859,4.163073,4.495063
7:30:14 AM,1.653194,3.535859,4.163073,4.495063
7:30:14 AM,1.653219,3.535859,4.163073,4.495063
7:30:14 AM,1.653219,3.535859,4.163073,4.495063
7:30:14 AM,1.653219,3.535859,4.163073,4.495063
7:30:14 AM,1.653219,3.535859,4.163073,4.495063
7:30:14 AM,1.653194,3.535859,4.163073,4.495063
7:30:14 AM,1.653194,3.535859,4.163073,4.495063
7:30:14 AM,1.653194,3.535829,4.163073,4.495063
7:30:14 AM,1.653194,3.535829,4.163073,4.495063
7:30:14 AM,1.653194,3.535829,4.163073,4.495063
7:30:14 AM,1.653194,3.535829,4.163073,4.495063
7:30:14 AM,1.653194,3.535829,4.163073,4.495063
7:30:14 AM,1.653194,3.535829,4.163073,4.495063
7:30:14 AM,1.653194,3.535829,4.163073,4.495063
7:30:14 AM,1.653194,3.535829,4.163073,4.495063
7:30:14 AM,1.653194,3.535829,4.163073,4.495063
7:30:14 AM,1.653194,3.535829,4.163073,4.495063
7:30:14 AM,1.653194,3.535829,4.163073,4.495063
7:30:14 AM,1.653194,3.535829,4.163073,4.495063
7:30:14 AM,1.653194,3.535829,4.163073,4.495063
7:30:14 AM,1.653194,3.535829,4.163073,4.495063
7:30:14 AM,1.653169,3.535916,4.163049,4.495063
7:30:14 AM,1.653219,3.535829,4.163097,4.495063
7:30:14 AM,1.653219,3.535829,4.163073,4.495063
7:30:14 AM,1.653219,3.535859,4.163097,4.495083
7:30:14 AM,1.653219,3.535859,4.163073,4.495063
7:30:14 AM,1.653219,3.535859,4.163097,4.495063
7:30:14 AM,1.653219,3.535859,4.163097,4.495063
7:30:14 AM,1.653194,3.535859,4.163097,4.495063
7:30:14 AM,1.653219,3.535859,4.163097,4.495063
7:30:14 AM,1.653194,3.535859,4.163097,4.495063
7:30:14 AM,1.653194,3.535859,4.163119,4.495063
7:30:14 AM,1.653194,3.535859,4.163119,4.495063
7:30:14 AM,1.653194,3.535859,4.163119,4.495063
7:30:14 AM,1.653194,3.535859,4.163097,4.495063
7:30:14 AM,1.653194,3.535859,4.163097,4.495063
7:30:14 AM,1.653194,3.535859,4.163097,4.495046
7:30:14 AM,1.653194,3.535859,4.163097,4.495063
7:30:14 AM,1.653194,3.535859,4.163097,4.495046
7:30:14 AM,1.653194,3.535859,4.163097,4.495046
7:30:14 AM,1.653194,3.535885,4.163097,4.495063
7:30:14 AM,1.653194,3.535885,4.163097,4.495046
7:30:14 AM,1.653194,3.535859,4.163119,4.495046
7:30:14 AM,1.653194,3.535859,4.163119,4.495046
7:30:14 AM,1.653194,3.535859,4.163119,4.495046
7:30:14 AM,1.653219,3.535859,4.163097,4.495083
7:30:14 AM,1.653219,3.535829,4.163073,4.495063
7:30:14 AM,1.653219,3.535829,4.163097,4.495083
7:30:14 AM,1.653219,3.535829,4.163097,4.4951
7:30:14 AM,1.653219,3.535829,4.163097,4.495063
7:30:14 AM,1.653219,3.535829,4.163097,4.49508
7:30:14 AM,1.653219,3.535829,4.163073,4.49508
7:30:14 AM,1.653219,3.535829,4.163073,4.49508
7:30:14 AM,1.653219,3.535829,4.163073,4.495063
7:30:14 AM,1.653219,3.535829,4.16305,4.495063
7:30:14 AM,1.653219,3.535829,4.163073,4.495063
7:30:14 AM,1.653219,3.535829,4.163073,4.495063
7:30:14 AM,1.653219,3.535829,4.163097,4.495063
7:30:14 AM,1.653219,3.535829,4.163075,4.495063
7:30:14 AM,1.653219,3.535829,4.163075,4.495063
7:30:14 AM,1.653219,3.535829,4.163075,4.495063
7:30:14 AM,1.653219,3.535829,4.163075,4.495083
7:30:14 AM,1.653219,3.535829,4.163075,4.495083
7:30:14 AM,1.653219,3.535829,4.163075,4.495083
7:30:14 AM,1.653219,3.535829,4.16305,4.495083
7:30:14 AM,1.653219,3.535829,4.163073,4.495063
7:30:14 AM,1.653219,3.535829,4.163097,4.495063
7:30:14 AM,1.653219,3.535829,4.163097,4.495063
7:30:14 AM,1.653219,3.535829,4.163097,4.495083
7:30:14 AM,1.653219,3.535829,4.163097,4.495083
7:30:14 AM,1.653219,3.535829,4.163097,4.4951
7:30:14 AM,1.653194,3.535859,4.163119,4.495046
7:30:15 AM,1.653194,3.535859,4.163119,4.495046
7:30:15 AM,1.653194,3.535859,4.163049,4.495063
7:30:15 AM,1.653194,3.535859,4.163073,4.495063
7:30:15 AM,1.653194,3.535885,4.163049,4.495063
7:30:15 AM,1.653219,3.535859,4.163071,4.495063
7:30:15 AM,1.653194,3.535859,4.163071,4.495063
7:30:15 AM,1.653194,3.535916,4.163073,4.495044
7:30:15 AM,1.653219,3.535885,4.163071,4.495044
7:30:15 AM,1.65322,3.535859,4.163071,4.495044
7:30:15 AM,1.65322,3.535859,4.163071,4.495063
7:30:15 AM,1.653219,3.535885,4.163071,4.495063
7:30:15 AM,1.653169,3.535885,4.163071,4.495063
7:30:15 AM,1.653194,3.53589,4.163071,4.495061
7:30:15 AM,1.653219,3.535859,4.163071,4.495046
7:30:15 AM,1.653169,3.535859,4.163049,4.495063
7:30:15 AM,1.653219,3.535859,4.163071,4.495063
7:30:15 AM,1.653219,3.53589,4.163073,4.49508
7:30:15 AM,1.653194,3.53589,4.163049,4.495063
7:30:15 AM,1.653194,3.535885,4.163071,4.495063
7:30:15 AM,1.653219,3.535859,4.163073,4.495063
7:30:15 AM,1.653219,3.535859,4.163071,4.495063
7:30:15 AM,1.653194,3.535885,4.163049,4.495063
7:30:15 AM,1.653194,3.535885,4.163071,4.495046
7:30:15 AM,1.653219,3.535885,4.163071,4.495063
7:30:15 AM,1.653219,3.535859,4.163071,4.495083
7:30:15 AM,1.653194,3.535859,4.163095,4.495063
7:30:15 AM,1.653219,3.53589,4.163071,4.495063
7:30:15 AM,1.653194,3.535885,4.163071,4.495063
7:30:15 AM,1.653219,3.535859,4.163071,4.495063
7:30:15 AM,1.653194,3.53589,4.163095,4.495063
7:30:15 AM,1.653219,3.535859,4.163049,4.495063
7:30:15 AM,1.653219,3.53589,4.163049,4.495063
7:30:15 AM,1.65322,3.535916,4.163049,4.495063
7:30:15 AM,1.653194,3.53589,4.163049,4.495063
7:30:15 AM,1.653194,3.535859,4.163071,4.495063
7:30:15 AM,1.653194,3.535859,4.163071,4.495063
7:30:15 AM,1.653219,3.535885,4.163071,4.495046
7:30:15 AM,1.653194,3.535916,4.163049,4.495063
7:30:15 AM,1.653219,3.535885,4.163071,4.495046
7:30:15 AM,1.65322,3.535859,4.163071,4.495063
7:30:15 AM,1.653169,3.53589,4.163049,4.495063
7:30:15 AM,1.653219,3.535859,4.163071,4.495046
7:30:15 AM,1.653194,3.535885,4.163071,4.495063
7:30:15 AM,1.653194,3.535885,4.163071,4.495063
7:30:15 AM,1.653219,3.535859,4.163071,4.495063
7:30:15 AM,1.653194,3.535859,4.163095,4.495063
7:30:15 AM,1.653194,3.535885,4.163071,4.495063
7:30:15 AM,1.653194,3.535859,4.163071,4.495063
7:30:15 AM,1.653219,3.535859,4.163073,4.495063
7:30:15 AM,1.653194,3.535859,4.163049,4.495063
7:30:15 AM,1.653194,3.535859,4.163095,4.495063
7:30:15 AM,1.653194,3.535885,4.163071,4.495063
7:30:15 AM,1.653194,3.535859,4.163071,4.495046
7:30:15 AM,1.653244,3.535885,4.163049,4.49508
7:30:15 AM,1.653219,3.535885,4.163049,4.495044
7:30:15 AM,1.653194,3.535859,4.163073,4.495063
7:30:15 AM,1.653219,3.535859,4.163049,4.495063
7:30:15 AM,1.653169,3.535916,4.163071,4.495046
7:30:15 AM,1.653219,3.53589,4.163071,4.495046
7:30:15 AM,1.653194,3.535885,4.163095,4.495063
7:30:15 AM,1.653194,3.535885,4.163071,4.495063
7:30:15 AM,1.653194,3.535885,4.163071,4.495083
7:30:15 AM,1.653219,3.535916,4.163071,4.495063
7:30:15 AM,1.653194,3.53589,4.163049,4.495063
7:30:15 AM,1.653194,3.535859,4.163071,4.495044
7:30:15 AM,1.653194,3.535859,4.163071,4.495063
7:30:15 AM,1.653194,3.535859,4.163049,4.495063
7:30:15 AM,1.653194,3.535859,4.163049,4.495063
7:30:15 AM,1.653194,3.535859,4.163049,4.495063
7:30:15 AM,1.653194,3.535859,4.163049,4.495063
7:30:15 AM,1.653194,3.535859,4.163049,4.495063
7:30:15 AM,1.653194,3.535859,4.163049,4.495063
7:30:15 AM,1.653194,3.535859,4.163049,4.495063
7:30:15 AM,1.653194,3.535916,4.163071,4.495063
7:30:15 AM,1.653219,3.535885,4.163071,4.495063
7:30:15 AM,1.653194,3.535885,4.163049,4.495044
7:30:15 AM,1.653194,3.53589,4.163095,4.495063
7:30:15 AM,1.653219,3.535859,4.163049,4.495063
7:30:15 AM,1.653219,3.535859,4.163095,4.495044
7:30:15 AM,1.653194,3.535859,4.163071,4.495063
7:30:15 AM,1.653194,3.535885,4.163095,4.495044
7:30:15 AM,1.653219,3.535885,4.163049,4.49508
7:30:15 AM,1.653194,3.535885,4.163071,4.495046
7:30:15 AM,1.653219,3.535885,4.163071,4.495063
7:30:15 AM,1.653169,3.53589,4.163071,4.495044
7:30:15 AM,1.653194,3.535885,4.163073,4.495044
7:30:15 AM,1.653219,3.53589,4.163071,4.495063
7:30:15 AM,1.653244,3.535885,4.163095,4.495063
7:30:15 AM,1.653219,3.535859,4.163071,4.495063
7:30:15 AM,1.653169,3.535859,4.163095,4.49508
7:30:15 AM,1.653194,3.535859,4.163049,4.495046
7:30:15 AM,1.653194,3.535885,4.163071,4.495063
7:30:15 AM,1.653194,3.535859,4.163049,4.495063
7:30:15 AM,1.653219,3.535859,4.163071,4.495044
7:30:15 AM,1.653219,3.535859,4.163071,4.495044
7:30:15 AM,1.653194,3.53589,4.163071,4.495063
7:30:15 AM,1.653169,3.535885,4.163071,4.495063
7:30:15 AM,1.65322,3.535859,4.163095,4.495063
7:30:15 AM,1.653219,3.535859,4.163095,4.495063
7:30:15 AM,1.653219,3.535859,4.163075,4.495046
7:30:15 AM,1.653219,3.535859,4.16305,4.495046
7:30:15 AM,1.653194,3.535859,4.163071,4.495063
7:30:15 AM,1.653219,3.53589,4.16305,4.495063
7:30:15 AM,1.653219,3.535885,4.16305,4.495063
7:30:15 AM,1.653219,3.53589,4.16305,4.495083
7:30:15 AM,1.653219,3.535916,4.16305,4.495063
7:30:15 AM,1.653169,3.535885,4.163026,4.495046
7:30:15 AM,1.653219,3.535859,4.163075,4.495083
7:30:15 AM,1.653194,3.535885,4.163026,4.495046
7:30:15 AM,1.653194,3.535859,4.163075,4.495063
7:30:15 AM,1.653219,3.535916,4.16305,4.495083
7:30:15 AM,1.653169,3.535859,4.16305,4.495063
7:30:15 AM,1.653194,3.535859,4.16305,4.495083
7:30:15 AM,1.653194,3.535859,4.16305,4.495046
7:30:15 AM,1.653219,3.535859,4.163075,4.495063
7:30:15 AM,1.653219,3.535885,4.16305,4.495063
7:30:15 AM,1.653219,3.535859,4.163097,4.495063
7:30:15 AM,1.653194,3.535859,4.16305,4.495065
7:30:15 AM,1.653219,3.535859,4.16305,4.495046
7:30:15 AM,1.653219,3.535829,4.163073,4.495065
7:30:15 AM,1.653219,3.53589,4.16305,4.495046
7:30:15 AM,1.653219,3.535859,4.163073,4.495046
7:30:15 AM,1.653219,3.535885,4.16305,4.495046
7:30:15 AM,1.653219,3.535885,4.16305,4.495063
7:30:15 AM,1.653194,3.535885,4.16305,4.495063
7:30:15 AM,1.653194,3.535859,4.16305,4.495046
7:30:15 AM,1.653219,3.53589,4.163073,4.495063
7:30:15 AM,1.653219,3.535859,4.163073,4.495046
7:30:15 AM,1.653219,3.535859,4.163073,4.495046
7:30:15 AM,1.653219,3.535859,4.163073,4.495046
7:30:15 AM,1.653219,3.535859,4.163073,4.495063
7:30:15 AM,1.653219,3.535859,4.163073,4.495046
7:30:15 AM,1.653219,3.535859,4.16305,4.495063
7:30:15 AM,1.653219,3.535859,4.16305,4.495063
7:30:15 AM,1.653219,3.535859,4.16305,4.495063
7:30:15 AM,1.653219,3.535859,4.16305,4.495063
7:30:15 AM,1.653194,3.535859,4.16305,4.495065
7:30:15 AM,1.653194,3.535859,4.16305,4.495063
7:30:15 AM,1.653219,3.53589,4.163073,4.495046
7:30:15 AM,1.653219,3.535859,4.16305,4.495046
7:30:15 AM,1.653194,3.535859,4.163026,4.495065
7:30:15 AM,1.653219,3.535859,4.16305,4.495083
7:30:15 AM,1.653219,3.535859,4.16305,4.495083
7:30:15 AM,1.653219,3.535859,4.163073,4.495046
7:30:15 AM,1.653194,3.535916,4.16305,4.495063
7:30:15 AM,1.653219,3.535855,4.163073,4.495046
7:30:15 AM,1.653194,3.535859,4.163026,4.495063
7:30:15 AM,1.653219,3.535859,4.163073,4.495063
7:30:15 AM,1.653219,3.535885,4.16305,4.495063
7:30:15 AM,1.653219,3.535859,4.163073,4.495046
7:30:15 AM,1.653219,3.53589,4.163075,4.495083
7:30:15 AM,1.653219,3.535859,4.163073,4.495063
7:30:15 AM,1.653219,3.535829,4.16305,4.495063
7:30:15 AM,1.653219,3.535885,4.163073,4.495046
7:30:15 AM,1.653194,3.535859,4.16305,4.495046
7:30:15 AM,1.653194,3.535859,4.16305,4.495063
7:30:15 AM,1.653219,3.535859,4.163073,4.495083
7:30:15 AM,1.653194,3.535859,4.163026,4.495046
7:30:15 AM,1.653219,3.535859,4.16305,4.495063
7:30:15 AM,1.653219,3.535859,4.16305,4.495063
7:30:15 AM,1.653219,3.535859,4.16305,4.495083
7:30:15 AM,1.653219,3.535885,4.16305,4.495083
7:30:15 AM,1.653194,3.535859,4.16305,4.495063
7:30:15 AM,1.653169,3.535829,4.163073,4.495083
7:30:15 AM,1.653219,3.535859,4.163073,4.495083
7:30:15 AM,1.653169,3.535885,4.16305,4.495083
7:30:15 AM,1.653169,3.535885,4.16305,4.495063
7:30:15 AM,1.653194,3.535859,4.163073,4.495063
7:30:15 AM,1.653219,3.535859,4.163049,4.495065
7:30:15 AM,1.653169,3.535859,4.16305,4.495065
7:30:15 AM,1.653219,3.535859,4.16305,4.495046
7:30:15 AM,1.653169,3.535859,4.163026,4.495046
7:30:15 AM,1.653194,3.535859,4.163071,4.495063
7:30:15 AM,1.653219,3.535859,4.16305,4.495083
7:30:15 AM,1.653219,3.535859,4.16305,4.495083
7:30:15 AM,1.653194,3.535885,4.163073,4.495065
7:30:15 AM,1.653219,3.535885,4.163075,4.495065
7:30:15 AM,1.653169,3.535916,4.163026,4.495065
7:30:15 AM,1.653219,3.535855,4.16305,4.495083
7:30:15 AM,1.653219,3.535859,4.16305,4.495063
7:30:15 AM,1.653219,3.535859,4.16305,4.495063
7:30:15 AM,1.653194,3.535859,4.163075,4.495065
7:30:15 AM,1.653219,3.535859,4.16305,4.495046
7:30:15 AM,1.653194,3.535859,4.163075,4.495083
7:30:15 AM,1.653219,3.535859,4.16305,4.495065
7:30:15 AM,1.653219,3.535859,4.163075,4.495063
7:30:15 AM,1.653194,3.535859,4.16305,4.495083
7:30:15 AM,1.653194,3.535885,4.16305,4.495063
7:30:15 AM,1.653219,3.535916,4.16305,4.495065
7:30:15 AM,1.653194,3.535859,4.16305,4.495063
7:30:15 AM,1.653169,3.535859,4.16305,4.495046
7:30:15 AM,1.653219,3.535859,4.163075,4.495083
7:30:15 AM,1.653194,3.53589,4.163073,4.495046
7:30:15 AM,1.653194,3.535859,4.163073,4.495083
7:30:15 AM,1.653219,3.535859,4.163026,4.495063
7:30:15 AM,1.653194,3.535885,4.16305,4.495046
7:30:15 AM,1.653194,3.535859,4.16305,4.495083
7:30:15 AM,1.653169,3.535916,4.16305,4.495083
7:30:15 AM,1.653194,3.535859,4.16305,4.495063
7:30:15 AM,1.653219,3.535859,4.163073,4.495046
7:30:16 AM,1.653194,3.535859,4.163097,4.495046
7:30:16 AM,1.653219,3.535859,4.163073,4.495046
7:30:16 AM,1.653194,3.535916,4.163118,4.495063
7:30:16 AM,1.653194,3.535916,4.163118,4.495063
7:30:16 AM,1.653194,3.535916,4.163118,4.495063
7:30:16 AM,1.653194,3.535916,4.163093,4.495063
7:30:16 AM,1.653194,3.535916,4.163093,4.495063
7:30:16 AM,1.653194,3.535916,4.163118,4.495063
7:30:16 AM,1.653194,3.535885,4.163071,4.495046
7:30:16 AM,1.653194,3.535885,4.163071,4.495063
7:30:16 AM,1.653194,3.535885,4.163071,4.495063
7:30:16 AM,1.653194,3.535885,4.163071,4.495046
7:30:16 AM,1.653194,3.535885,4.163071,4.495046
7:30:16 AM,1.653194,3.535885,4.163071,4.495046
7:30:16 AM,1.653194,3.535885,4.163071,4.495063
7:30:16 AM,1.653194,3.535885,4.163071,4.495046
7:30:16 AM,1.653194,3.535916,4.163071,4.495046
7:30:16 AM,1.653219,3.535916,4.163071,4.495046
7:30:16 AM,1.653219,3.535916,4.163071,4.495046
7:30:16 AM,1.653219,3.535916,4.163071,4.495046
7:30:16 AM,1.653219,3.535916,4.163071,4.495046
7:30:16 AM,1.653219,3.535916,4.163071,4.495046
7:30:16 AM,1.653219,3.535916,4.163071,4.495046
7:30:16 AM,1.653194,3.535885,4.163118,4.495063
7:30:16 AM,1.653219,3.535916,4.163071,4.495046
7:30:16 AM,1.653194,3.535916,4.163118,4.495046
7:30:16 AM,1.653194,3.535885,4.163118,4.495046
7:30:16 AM,1.653219,3.535859,4.163073,4.495046
7:30:16 AM,1.653194,3.535859,4.163071,4.495063
7:30:16 AM,1.653194,3.535859,4.163071,4.495063
7:30:16 AM,1.653194,3.535859,4.163071,4.495063
7:30:16 AM,1.653194,3.535859,4.163071,4.495046
7:30:16 AM,1.653194,3.535859,4.163071,4.495046
7:30:16 AM,1.653194,3.535859,4.163071,4.495063
7:30:16 AM,1.653194,3.535885,4.163071,4.495046
7:30:16 AM,1.653194,3.535885,4.163071,4.495046
7:30:16 AM,1.653194,3.535885,4.163071,4.495046
7:30:16 AM,1.653194,3.535885,4.163071,4.495046
7:30:16 AM,1.653194,3.535885,4.163071,4.495046
7:30:16 AM,1.653194,3.535885,4.163071,4.495046
7:30:16 AM,1.653194,3.535885,4.163093,4.495046
7:30:16 AM,1.653194,3.535885,4.163093,4.495046
7:30:16 AM,1.653194,3.535885,4.163093,4.495046
7:30:16 AM,1.653194,3.535885,4.163093,4.495046
7:30:16 AM,1.653194,3.535885,4.163118,4.495046
7:30:16 AM,1.653194,3.535885,4.163118,4.495046
7:30:16 AM,1.653194,3.535885,4.163118,4.495046
7:30:16 AM,1.653194,3.535885,4.163118,4.495046
7:30:16 AM,1.653194,3.535885,4.163118,4.495046
7:30:16 AM,1.653219,3.535916,4.163095,4.495046
7:30:16 AM,1.653194,3.535859,4.163071,4.495063
7:30:16 AM,1.653219,3.535916,4.163071,4.495046
7:30:16 AM,1.653194,3.53589,4.163095,4.495046
7:30:16 AM,1.653219,3.53589,4.163095,4.495046
7:30:16 AM,1.653194,3.535859,4.163071,4.495046
7:30:16 AM,1.653194,3.535885,4.163095,4.495046
7:30:16 AM,1.653194,3.535885,4.163095,4.495046
7:30:16 AM,1.653194,3.535859,4.163095,4.495046
7:30:16 AM,1.653194,3.535885,4.163095,4.495046
7:30:16 AM,1.653194,3.535885,4.163095,4.495046
7:30:16 AM,1.653194,3.535885,4.163095,4.495046
7:30:16 AM,1.653219,3.535859,4.163095,4.495046
7:30:16 AM,1.653219,3.535859,4.163095,4.495046
7:30:16 AM,1.653219,3.535859,4.163095,4.495046
7:30:16 AM,1.653219,3.535859,4.163095,4.495046
7:30:16 AM,1.653219,3.535859,4.163095,4.495046
7:30:16 AM,1.653219,3.535859,4.163095,4.495046
7:30:16 AM,1.653219,3.535859,4.163073,4.495046
7:30:16 AM,1.653219,3.535859,4.163073,4.495046
7:30:16 AM,1.653219,3.535859,4.163073,4.495046
7:30:16 AM,1.653219,3.535859,4.163073,4.495046
7:30:16 AM,1.653219,3.535859,4.163073,4.495046
7:30:16 AM,1.653219,3.535916,4.163071,4.495046
7:30:16 AM,1.653194,3.535916,4.163095,4.495046
7:30:16 AM,1.653219,3.535916,4.163095,4.495046
7:30:16 AM,1.653219,3.535859,4.163073,4.495046
7:30:16 AM,1.653219,3.535916,4.163095,4.495046
7:30:16 AM,1.653219,3.535916,4.163095,4.495046
7:30:16 AM,1.653219,3.535916,4.163071,4.495046
7:30:16 AM,1.653219,3.535916,4.163049,4.495046
7:30:16 AM,1.653219,3.535916,4.163049,4.495046
7:30:16 AM,1.653219,3.535916,4.163049,4.495046
7:30:16 AM,1.653219,3.535916,4.163049,4.495029
7:30:16 AM,1.653219,3.535916,4.163071,4.495046
7:30:16 AM,1.653219,3.53589,4.163049,4.495046
7:30:16 AM,1.653219,3.53589,4.163049,4.495046
7:30:16 AM,1.653219,3.535916,4.163049,4.495046
7:30:16 AM,1.653219,3.535916,4.163049,4.495046
7:30:16 AM,1.653219,3.535916,4.163049,4.495046
7:30:16 AM,1.653219,3.53589,4.163049,4.495046
7:30:16 AM,1.653219,3.535916,4.163073,4.495046
7:30:16 AM,1.653219,3.535916,4.163049,4.495046
7:30:16 AM,1.653219,3.535916,4.163095,4.495046
7:30:16 AM,1.653219,3.535916,4.163049,4.495046
7:30:16 AM,1.653219,3.535916,4.163049,4.495046
7:30:16 AM,1.653219,3.535916,4.163073,4.495046
7:30:16 AM,1.653219,3.535916,4.163095,4.495046
7:30:16 AM,1.653219,3.535916,4.163095,4.495046
7:30:16 AM,1.653219,3.53589,4.163049,4.495046
7:30:16 AM,1.653219,3.535859,4.16305,4.495065
7:30:16 AM,1.653219,3.535859,4.16305,4.495065
7:30:16 AM,1.653219,3.535859,4.16305,4.495065
7:30:16 AM,1.653219,3.535859,4.163073,4.495065
7:30:16 AM,1.653219,3.535859,4.163073,4.495065
7:30:16 AM,1.653219,3.535859,4.16305,4.495065
7:30:16 AM,1.653219,3.535859,4.16305,4.495065
7:30:16 AM,1.653219,3.535859,4.16305,4.495065
7:30:16 AM,1.653219,3.535859,4.16305,4.495065
7:30:16 AM,1.653219,3.535859,4.16305,4.495065
7:30:16 AM,1.653194,3.535859,4.163073,4.495065
7:30:16 AM,1.653194,3.535859,4.163073,4.495065
7:30:16 AM,1.653194,3.535859,4.163073,4.495065
7:30:16 AM,1.653194,3.535859,4.163073,4.495065
7:30:16 AM,1.653194,3.535859,4.163073,4.495065
7:30:16 AM,1.653194,3.535859,4.163073,4.495065
7:30:16 AM,1.653194,3.535859,4.163073,4.495065
7:30:16 AM,1.653219,3.535859,4.163073,4.495065
7:30:16 AM,1.653219,3.535859,4.163073,4.495065
7:30:16 AM,1.653194,3.535859,4.163073,4.495065
7:30:16 AM,1.653219,3.535859,4.163095,4.495065
7:30:16 AM,1.653194,3.535859,4.16305,4.495065
7:30:16 AM,1.653219,3.535859,4.16305,4.495065
7:30:16 AM,1.653219,3.535859,4.163073,4.495065
7:30:16 AM,1.653219,3.535885,4.16305,4.495065
7:30:16 AM,1.653194,3.535859,4.163073,4.495065
7:30:16 AM,1.653219,3.535859,4.163095,4.495065
7:30:16 AM,1.653219,3.535859,4.163073,4.495065
7:30:16 AM,1.653219,3.535859,4.163073,4.495065
7:30:16 AM,1.653219,3.535859,4.163073,4.495065
7:30:16 AM,1.653219,3.535859,4.163073,4.495065
7:30:16 AM,1.653219,3.535885,4.163073,4.495065
7:30:16 AM,1.653219,3.535885,4.163073,4.495065
7:30:16 AM,1.653219,3.535885,4.163073,4.495065
7:30:16 AM,1.653219,3.535885,4.163073,4.495065
7:30:16 AM,1.653219,3.535885,4.163073,4.495065
7:30:16 AM,1.653219,3.535859,4.163073,4.495065
7:30:16 AM,1.653219,3.535859,4.163073,4.495083
7:30:16 AM,1.653219,3.535859,4.163073,4.495065
7:30:16 AM,1.653219,3.535885,4.163049,4.495065
7:30:16 AM,1.653219,3.535885,4.163073,4.495065
7:30:16 AM,1.653219,3.535885,4.16305,4.495065
7:30:16 AM,1.653219,3.535859,4.16305,4.495065
7:30:16 AM,1.653219,3.535859,4.16305,4.495065
7:30:16 AM,1.653219,3.535885,4.16305,4.495065
7:30:16 AM,1.653219,3.535885,4.16305,4.495065
7:30:16 AM,1.653219,3.535859,4.16305,4.495065
7:30:16 AM,1.653194,3.535859,4.163073,4.495065
7:30:16 AM,1.653219,3.535859,4.16305,4.495046
7:30:16 AM,1.653194,3.535859,4.163073,4.495065
7:30:16 AM,1.653219,3.535859,4.16305,4.495046
7:30:16 AM,1.653219,3.535859,4.16305,4.495046
7:30:16 AM,1.653219,3.535859,4.16305,4.495046
7:30:16 AM,1.653219,3.535859,4.16305,4.495046
7:30:16 AM,1.653219,3.535859,4.16305,4.495046
7:30:16 AM,1.653219,3.535859,4.16305,4.495046
7:30:16 AM,1.653219,3.535859,4.16305,4.495046
7:30:16 AM,1.653219,3.535859,4.16305,4.495046
7:30:16 AM,1.653219,3.535859,4.16305,4.495046
7:30:16 AM,1.653219,3.535859,4.16305,4.495046
7:30:16 AM,1.653219,3.535859,4.16305,4.495046
7:30:16 AM,1.653194,3.535859,4.16305,4.495046
7:30:16 AM,1.653194,3.535859,4.16305,4.495046
7:30:16 AM,1.653194,3.535859,4.16305,4.495046
7:30:16 AM,1.653219,3.535859,4.16305,4.495046
7:30:16 AM,1.653219,3.535859,4.16305,4.495046
7:30:16 AM,1.653219,3.535859,4.16305,4.495046
7:30:16 AM,1.653219,3.535859,4.16305,4.495046
7:30:16 AM,1.653219,3.535859,4.16305,4.495063
7:30:16 AM,1.653219,3.535859,4.16305,4.495063
7:30:16 AM,1.653219,3.535859,4.163095,4.495065
7:30:16 AM,1.653219,3.535859,4.16305,4.495046
7:30:16 AM,1.653194,3.535859,4.163073,4.495046
7:30:16 AM,1.653219,3.535859,4.16305,4.495046
7:30:16 AM,1.653219,3.535859,4.16305,4.495046
7:30:16 AM,1.653194,3.535859,4.163073,4.495065
7:30:16 AM,1.653194,3.535859,4.163073,4.495046
7:30:16 AM,1.653194,3.535859,4.163073,4.495046
7:30:16 AM,1.653194,3.535859,4.163073,4.495046
7:30:16 AM,1.653194,3.535859,4.163073,4.495065
7:30:16 AM,1.653194,3.535859,4.163073,4.495046
7:30:16 AM,1.653194,3.535859,4.163073,4.495046
7:30:16 AM,1.653194,3.535859,4.163073,4.495046
7:30:16 AM,1.653194,3.535859,4.163073,4.495046
7:30:16 AM,1.653194,3.535859,4.163073,4.495046
7:30:16 AM,1.653194,3.535859,4.163073,4.495046
7:30:16 AM,1.653194,3.535859,4.163073,4.495046
7:30:16 AM,1.653194,3.535859,4.163073,4.495046
7:30:16 AM,1.653194,3.535859,4.16305,4.495046
7:30:16 AM,1.653219,3.535859,4.16305,4.495046
7:30:16 AM,1.653219,3.535859,4.163073,4.495046
7:30:16 AM,1.653219,3.535859,4.16305,4.495046
7:30:16 AM,1.653219,3.535859,4.16305,4.495046
7:30:16 AM,1.653219,3.535859,4.16305,4.495046
7:30:16 AM,1.653219,3.535859,4.16305,4.495046
7:30:16 AM,1.653219,3.535859,4.16305,4.495046
7:30:16 AM,1.653219,3.535859,4.16305,4.495046
7:30:16 AM,1.653219,3.535859,4.163095,4.495065
7:30:16 AM,1.653194,3.535885,4.163071,4.495065
7:30:16 AM,1.653219,3.535859,4.163095,4.495065
7:30:16 AM,1.653194,3.535859,4.163095,4.495065
7:30:17 AM,1.653194,3.535829,4.163071,4.495065
7:30:17 AM,1.653219,3.535885,4.163071,4.495065
7:30:17 AM,1.653194,3.535859,4.163049,4.495065
7:30:17 AM,1.653219,3.535829,4.163071,4.495065
7:30:17 AM,1.653219,3.535833,4.163049,4.495065
7:30:17 AM,1.653219,3.535859,4.163071,4.495065
7:30:17 AM,1.653194,3.535859,4.163049,4.495065
7:30:17 AM,1.653194,3.535859,4.163073,4.495065
7:30:17 AM,1.653169,3.535829,4.163073,4.495046
7:30:17 AM,1.653194,3.535829,4.163073,4.495065
7:30:17 AM,1.653219,3.535885,4.163071,4.495065
7:30:17 AM,1.653194,3.535829,4.163049,4.495065
7:30:17 AM,1.653219,3.535885,4.163073,4.495029
7:30:17 AM,1.653169,3.535859,4.163071,4.495083
7:30:17 AM,1.653219,3.535859,4.163049,4.495046
7:30:17 AM,1.653194,3.535829,4.163049,4.495065
7:30:17 AM,1.653219,3.535859,4.163073,4.495065
7:30:17 AM,1.653194,3.535859,4.163071,4.495065
7:30:17 AM,1.653169,3.535859,4.163071,4.495083
7:30:17 AM,1.653219,3.535859,4.163049,4.495065
7:30:17 AM,1.653219,3.535885,4.163095,4.495046
7:30:17 AM,1.653219,3.535859,4.163071,4.495065
7:30:17 AM,1.653219,3.535859,4.163071,4.495046
7:30:17 AM,1.653194,3.535829,4.163071,4.495065
7:30:17 AM,1.653219,3.535859,4.163071,4.495065
7:30:17 AM,1.653219,3.535859,4.163095,4.495046
7:30:17 AM,1.653219,3.535829,4.163071,4.495065
7:30:17 AM,1.653194,3.535855,4.163071,4.495065
7:30:17 AM,1.653194,3.535859,4.163095,4.495065
7:30:17 AM,1.653194,3.535829,4.163071,4.495046
7:30:17 AM,1.653219,3.535859,4.163095,4.495065
7:30:17 AM,1.653194,3.535855,4.163071,4.495065
7:30:17 AM,1.653219,3.535855,4.163049,4.495065
7:30:17 AM,1.653194,3.535885,4.163049,4.495065
7:30:17 AM,1.653194,3.535859,4.163095,4.495083
7:30:17 AM,1.653194,3.535829,4.163071,4.495083
7:30:17 AM,1.653219,3.535859,4.163071,4.495065
7:30:17 AM,1.653219,3.535829,4.163095,4.495065
7:30:17 AM,1.653194,3.535829,4.163095,4.495065
7:30:17 AM,1.653194,3.535859,4.163071,4.495065
7:30:17 AM,1.653169,3.535885,4.163095,4.495065
7:30:17 AM,1.653169,3.535859,4.163095,4.495065
7:30:17 AM,1.653219,3.535829,4.163071,4.495046
7:30:17 AM,1.653194,3.535859,4.163071,4.495046
7:30:17 AM,1.653194,3.535859,4.163049,4.495046
7:30:17 AM,1.653219,3.535859,4.163071,4.495046
7:30:17 AM,1.653194,3.535829,4.163071,4.495065
7:30:17 AM,1.653219,3.535855,4.163071,4.495065
7:30:17 AM,1.653219,3.535859,4.163049,4.495065
7:30:17 AM,1.653219,3.535829,4.163071,4.495065
7:30:17 AM,1.653194,3.535859,4.163073,4.495065
7:30:17 AM,1.653194,3.535855,4.163071,4.495063
7:30:17 AM,1.653194,3.535885,4.163071,4.495065
7:30:17 AM,1.653194,3.535859,4.163073,4.495065
7:30:17 AM,1.653194,3.535829,4.163071,4.495065
7:30:17 AM,1.653219,3.535859,4.163073,4.495065
7:30:17 AM,1.653194,3.535859,4.163095,4.495065
7:30:17 AM,1.653194,3.535859,4.163071,4.495065
7:30:17 AM,1.653194,3.535859,4.163049,4.495065
7:30:17 AM,1.653194,3.535859,4.163071,4.495065
7:30:17 AM,1.653194,3.535859,4.163071,4.495065
7:30:17 AM,1.653194,3.535859,4.163071,4.495065
7:30:17 AM,1.653219,3.535859,4.163071,4.495065
7:30:17 AM,1.653219,3.535859,4.163071,4.495065
7:30:17 AM,1.653219,3.535859,4.163049,4.495065
7:30:17 AM,1.653219,3.535859,4.163049,4.495065
7:30:17 AM,1.653219,3.535859,4.163073,4.495065
7:30:17 AM,1.653219,3.535859,4.163049,4.495065
7:30:17 AM,1.653219,3.535859,4.163073,4.495065
7:30:17 AM,1.653219,3.535859,4.163073,4.495065
7:30:17 AM,1.653194,3.535885,4.163071,4.495065
7:30:17 AM,1.653194,3.535829,4.163071,4.495083
7:30:17 AM,1.653219,3.535885,4.163071,4.495065
7:30:17 AM,1.653219,3.535833,4.163071,4.495065
7:30:17 AM,1.653169,3.535859,4.163049,4.495065
7:30:17 AM,1.653194,3.535859,4.163049,4.495046
7:30:17 AM,1.653169,3.535829,4.163095,4.495065
7:30:17 AM,1.653219,3.535859,4.163049,4.495083
7:30:17 AM,1.653219,3.535859,4.163071,4.495065
7:30:17 AM,1.653194,3.535859,4.163073,4.495065
7:30:17 AM,1.653169,3.535829,4.163071,4.495065
7:30:17 AM,1.653194,3.535885,4.163071,4.495065
7:30:17 AM,1.653169,3.535859,4.163071,4.495046
7:30:17 AM,1.653219,3.535859,4.163095,4.495065
7:30:17 AM,1.653219,3.535859,4.163095,4.495065
7:30:17 AM,1.653169,3.535859,4.163071,4.495065
7:30:17 AM,1.653219,3.535829,4.163049,4.495065
7:30:17 AM,1.653169,3.535885,4.163049,4.495029
7:30:17 AM,1.653219,3.535829,4.163071,4.495065
7:30:17 AM,1.653219,3.535829,4.163095,4.495065
7:30:17 AM,1.653219,3.535885,4.163071,4.495083
7:30:17 AM,1.653219,3.535885,4.163049,4.495065
7:30:17 AM,1.653194,3.535885,4.163073,4.495065
7:30:17 AM,1.653219,3.535855,4.163071,4.495065
7:30:17 AM,1.653194,3.535859,4.163071,4.495046
7:30:17 AM,1.653219,3.535859,4.163071,4.495065
7:30:17 AM,1.653194,3.535859,4.163073,4.495065
7:30:17 AM,1.653219,3.535859,4.16305,4.495046
7:30:17 AM,1.653169,3.535829,4.163071,4.495065
7:30:17 AM,1.653219,3.535829,4.163095,4.495046
7:30:17 AM,1.653244,3.535859,4.163095,4.495046
7:30:17 AM,1.653244,3.535859,4.163095,4.495046
7:30:17 AM,1.653244,3.535859,4.163095,4.495046
7:30:17 AM,1.653219,3.535859,4.163095,4.495046
7:30:17 AM,1.653244,3.535859,4.163095,4.495046
7:30:17 AM,1.653244,3.535859,4.163095,4.495046
7:30:17 AM,1.653244,3.535859,4.163118,4.495046
7:30:17 AM,1.653244,3.535859,4.163118,4.495046
7:30:17 AM,1.653244,3.535859,4.163118,4.495046
7:30:17 AM,1.653219,3.535859,4.163118,4.495046
7:30:17 AM,1.653219,3.535859,4.163118,4.495046
7:30:17 AM,1.653219,3.535859,4.163118,4.495063
7:30:17 AM,1.653219,3.535859,4.163118,4.495046
7:30:17 AM,1.653219,3.535859,4.163118,4.495046
7:30:17 AM,1.653219,3.535859,4.163118,4.495046
7:30:17 AM,1.653219,3.535859,4.163118,4.495046
7:30:17 AM,1.653219,3.535859,4.163095,4.495046
7:30:17 AM,1.653219,3.535859,4.163095,4.495063
7:30:17 AM,1.653219,3.535859,4.163095,4.495063
7:30:17 AM,1.653219,3.535859,4.163095,4.495063
7:30:17 AM,1.653219,3.535859,4.163095,4.495063
7:30:17 AM,1.653244,3.535859,4.163095,4.495046
7:30:17 AM,1.653219,3.535859,4.163095,4.495063
7:30:17 AM,1.653244,3.535859,4.163095,4.495046
7:30:17 AM,1.653244,3.535859,4.163095,4.495046
7:30:17 AM,1.653244,3.535885,4.163071,4.495046
7:30:17 AM,1.65327,3.535859,4.163071,4.495046
7:30:17 AM,1.65322,3.535829,4.163071,4.495026
7:30:17 AM,1.65322,3.535885,4.163071,4.495026
7:30:17 AM,1.653244,3.535859,4.163073,4.495063
7:30:17 AM,1.65327,3.535829,4.163071,4.495046
7:30:17 AM,1.653244,3.535859,4.163095,4.495046
7:30:17 AM,1.653244,3.535859,4.163071,4.495046
7:30:17 AM,1.653244,3.535859,4.163095,4.495046
7:30:17 AM,1.653244,3.535859,4.163095,4.495046
7:30:17 AM,1.653244,3.535859,4.163095,4.495046
7:30:17 AM,1.653244,3.535859,4.163095,4.495063
7:30:17 AM,1.653244,3.535859,4.163095,4.495063
7:30:17 AM,1.653244,3.535859,4.163095,4.495063
7:30:17 AM,1.653244,3.535859,4.163095,4.495046
7:30:17 AM,1.653244,3.535859,4.163095,4.495046
7:30:17 AM,1.653244,3.535859,4.163095,4.495046
7:30:17 AM,1.653244,3.535859,4.163095,4.495046
7:30:17 AM,1.653244,3.535859,4.163095,4.495046
7:30:17 AM,1.653244,3.535859,4.163095,4.495046
7:30:17 AM,1.653244,3.535859,4.163095,4.495046
7:30:17 AM,1.653244,3.535859,4.163095,4.495046
7:30:17 AM,1.653219,3.535829,4.163095,4.495063
7:30:17 AM,1.653219,3.535829,4.163095,4.495046
7:30:17 AM,1.653219,3.535829,4.163095,4.495063
7:30:17 AM,1.653219,3.535859,4.163071,4.495065
7:30:17 AM,1.653219,3.535859,4.163071,4.495065
7:30:17 AM,1.653219,3.535859,4.163071,4.495065
7:30:17 AM,1.653219,3.535859,4.163071,4.495065
7:30:17 AM,1.653219,3.535859,4.163071,4.495065
7:30:17 AM,1.653219,3.535859,4.163071,4.495065
7:30:17 AM,1.653219,3.535859,4.163071,4.495065
7:30:17 AM,1.653219,3.535859,4.163071,4.495065
7:30:17 AM,1.653219,3.535859,4.163071,4.495065
7:30:17 AM,1.653219,3.535859,4.163071,4.495065
7:30:17 AM,1.653194,3.535859,4.163071,4.495065
7:30:17 AM,1.653194,3.535859,4.163071,4.495065
7:30:17 AM,1.653194,3.535859,4.163071,4.495065
7:30:17 AM,1.653194,3.535859,4.163071,4.495065
7:30:17 AM,1.653194,3.535859,4.163071,4.495065
7:30:17 AM,1.653194,3.535859,4.163071,4.495065
7:30:17 AM,1.653194,3.535859,4.163071,4.495065
7:30:17 AM,1.653194,3.535859,4.163071,4.495065
7:30:17 AM,1.653194,3.535859,4.163071,4.495065
7:30:17 AM,1.653194,3.535859,4.163071,4.495065
7:30:17 AM,1.653194,3.535859,4.163071,4.495065
7:30:17 AM,1.653219,3.535859,4.163071,4.495065
7:30:17 AM,1.653219,3.535859,4.163071,4.495046
7:30:17 AM,1.653219,3.535859,4.163071,4.495065
7:30:17 AM,1.653219,3.535859,4.163071,4.495065
7:30:17 AM,1.653219,3.535829,4.163095,4.495063
7:30:17 AM,1.653244,3.535829,4.163095,4.495063
7:30:17 AM,1.653244,3.535829,4.163095,4.495063
7:30:17 AM,1.653219,3.535859,4.163095,4.495063
7:30:17 AM,1.653219,3.535829,4.163095,4.495046
7:30:17 AM,1.653219,3.535859,4.163095,4.495046
7:30:17 AM,1.653219,3.535859,4.163095,4.495046
7:30:17 AM,1.653219,3.535859,4.163095,4.495063
7:30:17 AM,1.653219,3.535859,4.163095,4.495046
7:30:17 AM,1.653219,3.535859,4.163095,4.495046
7:30:17 AM,1.65327,3.535859,4.163095,4.495026
7:30:17 AM,1.653219,3.535859,4.163095,4.495046
7:30:17 AM,1.653219,3.535859,4.163095,4.495046
7:30:17 AM,1.653219,3.535859,4.163095,4.495046
7:30:17 AM,1.653219,3.535859,4.163095,4.495046
7:30:17 AM,1.653219,3.535859,4.163095,4.495046
7:30:17 AM,1.653219,3.535859,4.163095,4.495046
7:30:17 AM,1.653219,3.535859,4.163095,4.495046
7:30:17 AM,1.653219,3.535859,4.163095,4.495065
7:30:17 AM,1.653219,3.535859,4.163095,4.495065
7:30:17 AM,1.653219,3.535859,4.163095,4.495065
7:30:17 AM,1.653219,3.535859,4.163095,4.495065
7:30:17 AM,1.653219,3.535859,4.163095,4.495046
7:30:17 AM,1.653194,3.535859,4.163071,4.495065
7:30:17 AM,1.653244,3.535859,4.163095,4.495026
7:30:18 AM,1.65327,3.535859,4.163071,4.495026
7:30:18 AM,1.65327,3.535855,4.163071,4.495046
7:30:18 AM,1.653245,3.535859,4.163071,4.495026
7:30:18 AM,1.653244,3.535855,4.163049,4.495046
7:30:18 AM,1.653244,3.535859,4.163095,4.495026
7:30:18 AM,1.65327,3.535859,4.163049,4.495026
7:30:18 AM,1.653244,3.535829,4.163095,4.495046
7:30:18 AM,1.653244,3.535859,4.163071,4.495046
7:30:18 AM,1.653244,3.535859,4.163095,4.495046
7:30:18 AM,1.65327,3.535885,4.163071,4.495046
7:30:18 AM,1.653244,3.535859,4.163095,4.495026
7:30:18 AM,1.65327,3.535885,4.163095,4.495026
7:30:18 AM,1.65327,3.535885,4.163049,4.495026
7:30:18 AM,1.653244,3.535859,4.163071,4.495063
7:30:18 AM,1.653244,3.535859,4.163071,4.495063
7:30:18 AM,1.653244,3.535859,4.163095,4.495044
7:30:18 AM,1.65322,3.535885,4.163049,4.495044
7:30:18 AM,1.653244,3.535859,4.163071,4.495046
7:30:18 AM,1.653244,3.535859,4.163071,4.495046
7:30:18 AM,1.65327,3.535885,4.163073,4.495046
7:30:18 AM,1.65327,3.535885,4.163095,4.495026
7:30:18 AM,1.65327,3.535885,4.163071,4.495046
7:30:18 AM,1.653244,3.535829,4.163073,4.495046
7:30:18 AM,1.653244,3.535829,4.163071,4.495046
7:30:18 AM,1.653244,3.535859,4.163093,4.495044
7:30:18 AM,1.653244,3.535859,4.163095,4.495046
7:30:18 AM,1.65327,3.535859,4.163049,4.495046
7:30:18 AM,1.65322,3.535859,4.163095,4.495026
7:30:18 AM,1.65322,3.535829,4.163093,4.495046
7:30:18 AM,1.65322,3.535829,4.163095,4.495046
7:30:18 AM,1.653244,3.535829,4.163093,4.495046
7:30:18 AM,1.65322,3.535885,4.163095,4.495046
7:30:18 AM,1.653244,3.535859,4.163071,4.495026
7:30:18 AM,1.65327,3.535859,4.163095,4.495026
7:30:18 AM,1.65327,3.535829,4.163095,4.495046
7:30:18 AM,1.653244,3.535859,4.163118,4.495046
7:30:18 AM,1.653244,3.535859,4.163071,4.495046
7:30:18 AM,1.653244,3.535855,4.163071,4.495026
7:30:18 AM,1.653244,3.535829,4.163095,4.495046
7:30:18 AM,1.653245,3.535855,4.163095,4.495046
7:30:18 AM,1.653244,3.535859,4.163049,4.495046
7:30:18 AM,1.653244,3.535859,4.163095,4.495046
7:30:18 AM,1.653244,3.535859,4.163071,4.495046
7:30:18 AM,1.653244,3.535859,4.163071,4.495026
7:30:18 AM,1.653244,3.535859,4.163071,4.495044
7:30:18 AM,1.653244,3.535859,4.163095,4.495046
7:30:18 AM,1.65322,3.535855,4.163049,4.495029
7:30:18 AM,1.65327,3.535829,4.163071,4.495046
7:30:18 AM,1.65322,3.535859,4.163071,4.495026
7:30:18 AM,1.65327,3.535885,4.163118,4.495063
7:30:18 AM,1.65322,3.535859,4.163071,4.495026
7:30:18 AM,1.653245,3.535885,4.163095,4.495063
7:30:18 AM,1.653244,3.535859,4.163049,4.495046
7:30:18 AM,1.65322,3.535855,4.163071,4.495063
7:30:18 AM,1.65322,3.535885,4.163049,4.495046
7:30:18 AM,1.65327,3.535859,4.163071,4.495063
7:30:18 AM,1.65322,3.535829,4.163095,4.495046
7:30:18 AM,1.65322,3.535885,4.163095,4.495046
7:30:18 AM,1.65327,3.535885,4.163095,4.495026
7:30:18 AM,1.653244,3.535885,4.163071,4.495026
7:30:18 AM,1.65322,3.535855,4.163071,4.495046
7:30:18 AM,1.653244,3.535829,4.163071,4.495046
7:30:18 AM,1.653244,3.535859,4.163071,4.495026
7:30:18 AM,1.65327,3.535885,4.163071,4.495063
7:30:18 AM,1.653244,3.535829,4.163071,4.495046
7:30:18 AM,1.65327,3.535855,4.163073,4.495046
7:30:18 AM,1.65327,3.535885,4.163095,4.495044
7:30:18 AM,1.65322,3.535855,4.163071,4.495046
7:30:18 AM,1.653244,3.535829,4.163073,4.495063
7:30:18 AM,1.653244,3.535859,4.163071,4.495046
7:30:18 AM,1.653244,3.535859,4.163095,4.495026
7:30:18 AM,1.653244,3.535829,4.163049,4.495046
7:30:18 AM,1.65327,3.535885,4.163095,4.495046
7:30:18 AM,1.653245,3.535859,4.163071,4.495046
7:30:18 AM,1.65322,3.535829,4.163095,4.495046
7:30:18 AM,1.653245,3.535859,4.163095,4.495044
7:30:18 AM,1.653244,3.535859,4.163095,4.495046
7:30:18 AM,1.65322,3.535859,4.163095,4.495046
7:30:18 AM,1.653244,3.535859,4.163095,4.495063
7:30:18 AM,1.653244,3.535885,4.163095,4.495046
7:30:18 AM,1.65327,3.535885,4.163095,4.495026
7:30:18 AM,1.653244,3.535859,4.163071,4.495046
7:30:18 AM,1.653244,3.535859,4.163095,4.495046
7:30:18 AM,1.653244,3.535885,4.163071,4.495046
7:30:18 AM,1.65327,3.535859,4.163095,4.495026
7:30:18 AM,1.653244,3.535859,4.163095,4.495026
7:30:18 AM,1.653244,3.535885,4.163071,4.495026
7:30:18 AM,1.653244,3.535855,4.163095,4.495046
7:30:18 AM,1.653244,3.535855,4.163095,4.495046
7:30:18 AM,1.653245,3.535885,4.163071,4.495044
7:30:18 AM,1.653245,3.535859,4.163071,4.495026
7:30:18 AM,1.653244,3.535859,4.163071,4.495046
7:30:18 AM,1.653244,3.535829,4.163095,4.495046
7:30:18 AM,1.653244,3.535829,4.163071,4.495046
7:30:18 AM,1.65327,3.535829,4.163095,4.495046
7:30:18 AM,1.653244,3.535859,4.163093,4.495046
7:30:18 AM,1.65322,3.535859,4.163071,4.495046
7:30:18 AM,1.65327,3.535829,4.163093,4.495046
7:30:18 AM,1.653194,3.535859,4.163071,4.495065
7:30:18 AM,1.653244,3.535859,4.163095,4.495046
7:30:18 AM,1.65322,3.535885,4.163095,4.495046
7:30:18 AM,1.653244,3.535859,4.163095,4.495046
7:30:18 AM,1.653194,3.535829,4.163073,4.495046
7:30:18 AM,1.653219,3.535885,4.163073,4.495046
7:30:18 AM,1.653244,3.535829,4.163095,4.495029
7:30:18 AM,1.65322,3.535829,4.163073,4.495046
7:30:18 AM,1.653194,3.535859,4.163095,4.495065
7:30:18 AM,1.653219,3.535885,4.163073,4.495046
7:30:18 AM,1.65322,3.535885,4.163097,4.495046
7:30:18 AM,1.653194,3.535885,4.163095,4.495046
7:30:18 AM,1.653219,3.535859,4.163073,4.495046
7:30:18 AM,1.653194,3.535885,4.163095,4.495063
7:30:18 AM,1.653244,3.535829,4.163119,4.495046
7:30:18 AM,1.65322,3.535859,4.163073,4.495046
7:30:18 AM,1.653244,3.535885,4.163095,4.495046
7:30:18 AM,1.65322,3.535829,4.163095,4.495046
7:30:18 AM,1.653194,3.535859,4.163119,4.495046
7:30:18 AM,1.653194,3.535859,4.163095,4.495046
7:30:18 AM,1.653194,3.535859,4.163073,4.495063
7:30:18 AM,1.653194,3.535855,4.163095,4.495065
7:30:18 AM,1.65322,3.535855,4.163095,4.495046
7:30:18 AM,1.653194,3.535859,4.163073,4.495065
7:30:18 AM,1.653219,3.535829,4.163119,4.495029
7:30:18 AM,1.65322,3.535855,4.163073,4.495046
7:30:18 AM,1.653194,3.535885,4.163097,4.495046
7:30:18 AM,1.653219,3.535885,4.163095,4.495083
7:30:18 AM,1.653219,3.535859,4.163095,4.495065
7:30:18 AM,1.653194,3.535855,4.163073,4.495046
7:30:18 AM,1.653194,3.535855,4.163073,4.495046
7:30:18 AM,1.653194,3.535855,4.163095,4.495046
7:30:18 AM,1.653244,3.535855,4.163095,4.495046
7:30:18 AM,1.65322,3.535859,4.163095,4.495063
7:30:18 AM,1.653194,3.535855,4.163095,4.495083
7:30:18 AM,1.653219,3.535885,4.163095,4.495046
7:30:18 AM,1.65322,3.535859,4.163095,4.495065
7:30:18 AM,1.653244,3.535855,4.163073,4.495046
7:30:18 AM,1.65322,3.535855,4.163073,4.495046
7:30:18 AM,1.65322,3.535829,4.163097,4.495046
7:30:18 AM,1.653244,3.535859,4.163095,4.495046
7:30:18 AM,1.653244,3.535855,4.163073,4.495083
7:30:18 AM,1.653194,3.535885,4.163073,4.495065
7:30:18 AM,1.653194,3.535885,4.163073,4.495046
7:30:18 AM,1.653194,3.535829,4.163095,4.495046
7:30:18 AM,1.653219,3.535859,4.163119,4.495046
7:30:18 AM,1.65322,3.535855,4.163097,4.495063
7:30:18 AM,1.65322,3.535859,4.163073,4.495046
7:30:18 AM,1.653219,3.535885,4.163073,4.495046
7:30:18 AM,1.653219,3.535859,4.163073,4.495065
7:30:18 AM,1.653194,3.535859,4.163097,4.495046
7:30:18 AM,1.653219,3.535855,4.163073,4.495046
7:30:18 AM,1.653194,3.535855,4.163097,4.495046
7:30:18 AM,1.653244,3.535855,4.163073,4.495046
7:30:18 AM,1.653194,3.535885,4.163073,4.495046
7:30:18 AM,1.65322,3.535859,4.163119,4.495065
7:30:18 AM,1.653244,3.535855,4.163073,4.495046
7:30:18 AM,1.653219,3.535885,4.163095,4.495046
7:30:18 AM,1.653219,3.535885,4.163097,4.495046
7:30:18 AM,1.653194,3.535885,4.163095,4.495046
7:30:18 AM,1.653219,3.535885,4.163119,4.495083
7:30:18 AM,1.653194,3.535855,4.163097,4.495029
7:30:18 AM,1.653219,3.535829,4.163073,4.495046
7:30:18 AM,1.653219,3.535885,4.163095,4.495046
7:30:18 AM,1.653194,3.535885,4.163073,4.495063
7:30:18 AM,1.653194,3.535859,4.163073,4.495063
7:30:18 AM,1.653219,3.535885,4.163095,4.495046
7:30:18 AM,1.65322,3.535859,4.163073,4.495046
7:30:18 AM,1.653244,3.535855,4.163097,4.495046
7:30:18 AM,1.65322,3.535885,4.163095,4.495046
7:30:18 AM,1.65322,3.535855,4.163095,4.495046
7:30:18 AM,1.65322,3.535855,4.163073,4.495046
7:30:18 AM,1.653244,3.535885,4.163097,4.495046
7:30:18 AM,1.653244,3.535885,4.163095,4.495046
7:30:18 AM,1.653244,3.535885,4.163073,4.495046
7:30:18 AM,1.653219,3.535855,4.163073,4.495065
7:30:18 AM,1.653194,3.535885,4.163095,4.495046
7:30:18 AM,1.653219,3.535885,4.163073,4.495046
7:30:18 AM,1.65322,3.535885,4.163095,4.495065
7:30:18 AM,1.653244,3.535885,4.163095,4.495063
7:30:18 AM,1.65322,3.535885,4.163073,4.495046
7:30:18 AM,1.653194,3.535859,4.163073,4.495046
7:30:18 AM,1.65322,3.535885,4.163119,4.495046
7:30:18 AM,1.653194,3.535855,4.163095,4.495065
7:30:18 AM,1.653194,3.535855,4.163073,4.495065
7:30:18 AM,1.653219,3.535885,4.163095,4.495046
7:30:18 AM,1.65322,3.535855,4.163073,4.495046
7:30:18 AM,1.653219,3.535855,4.163097,4.495046
7:30:18 AM,1.653194,3.535855,4.163073,4.495046
7:30:18 AM,1.653219,3.535829,4.163095,4.495029
7:30:18 AM,1.65322,3.535829,4.163073,4.495046
7:30:18 AM,1.653219,3.535885,4.163073,4.495063
7:30:18 AM,1.653194,3.535885,4.163073,4.495046
7:30:18 AM,1.653194,3.535885,4.163073,4.495046
7:30:18 AM,1.653219,3.535859,4.163073,4.495046
7:30:18 AM,1.653194,3.535855,4.163119,4.495083
7:30:18 AM,1.653219,3.535855,4.163119,4.495046
7:30:18 AM,1.653244,3.535885,4.163073,4.495046
7:30:18 AM,1.65322,3.535885,4.163095,4.495065
7:30:18 AM,1.653219,3.535885,4.163073,4.495029
7:30:18 AM,1.653244,3.535855,4.163095,4.495083
7:30:19 AM,1.653219,3.535855,4.163073,4.495046
7:30:19 AM,1.65322,3.535859,4.163095,4.495046
7:30:19 AM,1.653219,3.535855,4.163073,4.495046
7:30:19 AM,1.653244,3.535885,4.163073,4.495063
7:30:19 AM,1.653244,3.535885,4.163073,4.495063
7:30:19 AM,1.653244,3.535885,4.163073,4.495063
7:30:19 AM,1.653244,3.535885,4.163073,4.495063
7:30:19 AM,1.653244,3.535885,4.163073,4.495063
7:30:19 AM,1.653244,3.535885,4.163073,4.495063
7:30:19 AM,1.653244,3.535885,4.163073,4.495063
7:30:19 AM,1.653244,3.535885,4.163073,4.495063
7:30:19 AM,1.653244,3.535885,4.163073,4.495063
7:30:19 AM,1.653244,3.535885,4.163073,4.495063
7:30:19 AM,1.653244,3.535885,4.163073,4.495063
7:30:19 AM,1.653244,3.535885,4.163073,4.495063
7:30:19 AM,1.653244,3.535885,4.163073,4.495063
7:30:19 AM,1.653244,3.535885,4.163073,4.495063
7:30:19 AM,1.653244,3.535885,4.163073,4.495063
7:30:19 AM,1.653244,3.535885,4.163073,4.495063
7:30:19 AM,1.653244,3.535885,4.163073,4.495063
7:30:19 AM,1.653244,3.535885,4.163073,4.495046
7:30:19 AM,1.653244,3.535885,4.163073,4.495046
7:30:19 AM,1.653244,3.535885,4.163073,4.495046
7:30:19 AM,1.653244,3.535885,4.163095,4.495046
7:30:19 AM,1.653244,3.535885,4.163073,4.495063
7:30:19 AM,1.653244,3.535885,4.163073,4.495046
7:30:19 AM,1.653244,3.535885,4.163073,4.495063
7:30:19 AM,1.653244,3.535885,4.163073,4.495046
7:30:19 AM,1.653219,3.535885,4.163073,4.495046
7:30:19 AM,1.653244,3.535885,4.163095,4.495046
7:30:19 AM,1.653244,3.535885,4.163095,4.495046
7:30:19 AM,1.653244,3.535885,4.163095,4.495046
7:30:19 AM,1.653244,3.535885,4.163095,4.495046
7:30:19 AM,1.653244,3.535885,4.163095,4.495046
7:30:19 AM,1.653244,3.535885,4.163095,4.495046
7:30:19 AM,1.653244,3.535885,4.163073,4.495046
7:30:19 AM,1.653244,3.535885,4.163073,4.495046
7:30:19 AM,1.653244,3.535885,4.163073,4.495046
7:30:19 AM,1.653244,3.535885,4.163073,4.495046
7:30:19 AM,1.653244,3.535885,4.163073,4.495046
7:30:19 AM,1.653244,3.535885,4.163073,4.495046
7:30:19 AM,1.653244,3.535885,4.163073,4.495046
7:30:19 AM,1.653244,3.535885,4.163073,4.495046
7:30:19 AM,1.653244,3.535885,4.163073,4.495046
7:30:19 AM,1.653244,3.535885,4.163073,4.495046
7:30:19 AM,1.653244,3.535885,4.163073,4.495046
7:30:19 AM,1.653244,3.535885,4.163073,4.495046
7:30:19 AM,1.653244,3.535885,4.163073,4.495046
7:30:19 AM,1.653244,3.535885,4.163073,4.495063
7:30:19 AM,1.653244,3.535885,4.163073,4.495046
7:30:19 AM,1.653244,3.535885,4.163073,4.495046
7:30:19 AM,1.653244,3.535859,4.163095,4.495046
7:30:19 AM,1.653244,3.535885,4.163095,4.495046
7:30:19 AM,1.65322,3.535855,4.163073,4.495046
7:30:19 AM,1.653194,3.535885,4.163073,4.495046
7:30:19 AM,1.65322,3.535885,4.163073,4.495046
7:30:19 AM,1.65322,3.535885,4.163073,4.495046
7:30:19 AM,1.653244,3.535885,4.163073,4.495046
7:30:19 AM,1.653244,3.535885,4.163073,4.495046
7:30:19 AM,1.653244,3.535885,4.163073,4.495046
7:30:19 AM,1.653244,3.535885,4.163073,4.495046
7:30:19 AM,1.653244,3.535855,4.163073,4.495046
7:30:19 AM,1.653219,3.535885,4.163073,4.495046
7:30:19 AM,1.653219,3.535855,4.163073,4.495046
7:30:19 AM,1.653219,3.535855,4.163073,4.495046
7:30:19 AM,1.653219,3.535855,4.163073,4.495046
7:30:19 AM,1.653219,3.535855,4.163073,4.495046
7:30:19 AM,1.653219,3.535855,4.163073,4.495046
7:30:19 AM,1.653219,3.535855,4.163073,4.495046
7:30:19 AM,1.653219,3.535855,4.163073,4.495046
7:30:19 AM,1.653219,3.535855,4.163073,4.495046
7:30:19 AM,1.653219,3.535855,4.163073,4.495046
7:30:19 AM,1.653219,3.535855,4.163073,4.495046
7:30:19 AM,1.653244,3.535885,4.163095,4.495046
7:30:19 AM,1.65322,3.535855,4.163073,4.495046
7:30:19 AM,1.653244,3.535855,4.163073,4.495046
7:30:19 AM,1.653219,3.535855,4.163073,4.495046
7:30:19 AM,1.653244,3.535885,4.163073,4.495046
7:30:19 AM,1.653244,3.535855,4.163073,4.495046
7:30:19 AM,1.653244,3.535885,4.163095,4.495046
7:30:19 AM,1.653244,3.535885,4.163095,4.495046
7:30:19 AM,1.653244,3.535885,4.163095,4.495046
7:30:19 AM,1.653244,3.535885,4.163095,4.495046
7:30:19 AM,1.653244,3.535885,4.163095,4.495046
7:30:19 AM,1.653219,3.535885,4.163095,4.495046
7:30:19 AM,1.653244,3.535885,4.163095,4.495046
7:30:19 AM,1.653244,3.535855,4.163095,4.495046
7:30:19 AM,1.653244,3.535885,4.163073,4.495046
7:30:19 AM,1.653244,3.535885,4.163073,4.495046
7:30:19 AM,1.653244,3.535885,4.163073,4.495046
7:30:19 AM,1.653244,3.535885,4.163073,4.495046
7:30:19 AM,1.653244,3.535885,4.163073,4.495046
7:30:19 AM,1.653244,3.535885,4.163095,4.495046
7:30:19 AM,1.653244,3.535855,4.163073,4.495046
7:30:19 AM,1.653244,3.535855,4.163073,4.495046
7:30:19 AM,1.653244,3.535855,4.163073,4.495046
7:30:19 AM,1.653244,3.535855,4.163073,4.495046
7:30:19 AM,1.653244,3.535855,4.163073,4.495046
7:30:19 AM,1.653244,3.535885,4.163073,4.495046
7:30:19 AM,1.653244,3.535885,4.163095,4.495046
7:30:19 AM,1.653244,3.535859,4.163071,4.495046
7:30:19 AM,1.653244,3.535859,4.163071,4.495046
7:30:19 AM,1.653244,3.535859,4.163071,4.495046
7:30:19 AM,1.653244,3.535859,4.163095,4.495046
7:30:19 AM,1.653244,3.535859,4.163093,4.495046
7:30:19 AM,1.653244,3.535859,4.163093,4.495046
7:30:19 AM,1.653244,3.535859,4.163071,4.495046
7:30:19 AM,1.653244,3.535859,4.163095,4.495046
7:30:19 AM,1.653219,3.535859,4.163095,4.495046
7:30:19 AM,1.653244,3.535859,4.163095,4.495046
7:30:19 AM,1.65322,3.535859,4.163095,4.495065
7:30:19 AM,1.653244,3.535859,4.163095,4.495046
7:30:19 AM,1.653244,3.535859,4.163095,4.495046
7:30:19 AM,1.65322,3.535859,4.163095,4.495046
7:30:19 AM,1.65322,3.535859,4.163095,4.495046
7:30:19 AM,1.65322,3.535859,4.163095,4.495046
7:30:19 AM,1.65322,3.535859,4.163095,4.495046
7:30:19 AM,1.65322,3.535859,4.163095,4.495065
7:30:19 AM,1.65322,3.535859,4.163095,4.495065
7:30:19 AM,1.65322,3.535859,4.163095,4.495065
7:30:19 AM,1.653219,3.535859,4.163095,4.495063
7:30:19 AM,1.653244,3.535859,4.163095,4.495046
7:30:19 AM,1.653244,3.535859,4.163095,4.495046
7:30:19 AM,1.653219,3.535859,4.163118,4.495063
7:30:19 AM,1.653219,3.535859,4.163118,4.495046
7:30:19 AM,1.653219,3.535859,4.163095,4.495063
7:30:19 AM,1.65322,3.535859,4.163095,4.495029
7:30:19 AM,1.653219,3.535859,4.163095,4.495063
7:30:19 AM,1.653219,3.535859,4.163095,4.495063
7:30:19 AM,1.653219,3.535829,4.163095,4.495063
7:30:19 AM,1.653219,3.535829,4.163095,4.495063
7:30:19 AM,1.653219,3.535829,4.163095,4.495063
7:30:19 AM,1.653219,3.535859,4.163095,4.495063
7:30:19 AM,1.653219,3.535859,4.163095,4.495063
7:30:19 AM,1.653219,3.535859,4.163095,4.495063
7:30:19 AM,1.653244,3.535859,4.163118,4.495046
7:30:19 AM,1.653219,3.535859,4.163095,4.495063
7:30:19 AM,1.653219,3.535859,4.163118,4.495063
7:30:19 AM,1.653219,3.535859,4.163118,4.495063
7:30:19 AM,1.653219,3.535859,4.163118,4.495046
7:30:19 AM,1.653219,3.535859,4.163118,4.495063
7:30:19 AM,1.653219,3.535859,4.163118,4.495046
7:30:19 AM,1.653219,3.535859,4.163118,4.495046
7:30:19 AM,1.653219,3.535859,4.163118,4.495046
7:30:19 AM,1.653219,3.535859,4.163118,4.495046
7:30:19 AM,1.653219,3.535859,4.163118,4.495063
7:30:19 AM,1.653219,3.535859,4.163118,4.495063
7:30:19 AM,1.653219,3.535859,4.163095,4.495063
7:30:19 AM,1.65322,3.535859,4.163095,4.495065
7:30:19 AM,1.65322,3.535859,4.163095,4.495046
7:30:19 AM,1.653194,3.535885,4.163095,4.495065
7:30:19 AM,1.65322,3.535859,4.163095,4.495046
7:30:19 AM,1.653194,3.535859,4.163095,4.495046
7:30:19 AM,1.653194,3.535859,4.163095,4.495046
7:30:19 AM,1.653194,3.535859,4.163095,4.495046
7:30:19 AM,1.653194,3.535885,4.163095,4.495046
7:30:19 AM,1.653194,3.535885,4.163095,4.495046
7:30:19 AM,1.653194,3.535859,4.163095,4.495046
7:30:19 AM,1.653194,3.535885,4.163095,4.495046
7:30:19 AM,1.653194,3.535885,4.163095,4.495046
7:30:19 AM,1.653194,3.535885,4.163095,4.495046
7:30:19 AM,1.653194,3.535885,4.163095,4.495046
7:30:19 AM,1.653194,3.535885,4.163095,4.495046
7:30:19 AM,1.653194,3.535885,4.163095,4.495046
7:30:19 AM,1.653194,3.535885,4.163095,4.495046
7:30:19 AM,1.653194,3.535885,4.163095,4.495046
7:30:19 AM,1.653194,3.535885,4.163095,4.495046
7:30:19 AM,1.653194,3.535885,4.163095,4.495046
7:30:19 AM,1.653194,3.535885,4.163095,4.495046
7:30:19 AM,1.653194,3.535859,4.163095,4.495046
7:30:19 AM,1.653194,3.535885,4.163095,4.495046
7:30:19 AM,1.653219,3.535859,4.163095,4.495063
7:30:19 AM,1.653194,3.535859,4.163095,4.495046
7:30:19 AM,1.653194,3.535859,4.163095,4.495046
7:30:19 AM,1.653194,3.535859,4.163095,4.495046
7:30:19 AM,1.65322,3.535859,4.163095,4.495046
7:30:19 AM,1.653194,3.535885,4.163095,4.495065
7:30:19 AM,1.65322,3.535885,4.163095,4.495065
7:30:19 AM,1.65322,3.535885,4.163095,4.495065
7:30:19 AM,1.65322,3.535885,4.163095,4.495065
7:30:19 AM,1.65322,3.535885,4.163118,4.495065
7:30:19 AM,1.65322,3.535885,4.163095,4.495065
7:30:19 AM,1.65322,3.535885,4.163118,4.495046
7:30:19 AM,1.65322,3.535859,4.163118,4.495046
7:30:19 AM,1.65322,3.535859,4.163118,4.495046
7:30:19 AM,1.65322,3.535859,4.163118,4.495046
7:30:19 AM,1.65322,3.535885,4.163095,4.495046
7:30:19 AM,1.65322,3.535859,4.163118,4.495046
7:30:19 AM,1.65322,3.535859,4.163093,4.495046
7:30:19 AM,1.65322,3.535859,4.163093,4.495046
7:30:19 AM,1.65322,3.535859,4.163118,4.495046
7:30:19 AM,1.65322,3.535859,4.163093,4.495029
7:30:19 AM,1.65322,3.535859,4.163071,4.495029
7:30:19 AM,1.65322,3.535859,4.163071,4.495029
7:30:19 AM,1.65322,3.535859,4.163095,4.495046
7:30:19 AM,1.65322,3.535859,4.163095,4.495046
7:30:19 AM,1.65322,3.535859,4.163118,4.495046
7:30:19 AM,1.65322,3.535859,4.163095,4.495046
7:30:19 AM,1.65322,3.535859,4.163118,4.495046
7:30:19 AM,1.653219,3.535859,4.163095,4.495063
7:30:19 AM,1.653219,3.535829,4.163095,4.495065
7:30:20 AM,1.653219,3.535859,4.163095,4.495063
7:30:20 AM,1.653219,3.535859,4.163095,4.495063
7:30:20 AM,1.653244,3.535859,4.163073,4.495046
7:30:20 AM,1.653244,3.535859,4.163097,4.495046
7:30:20 AM,1.653219,3.535833,4.163095,4.495063
7:30:20 AM,1.653219,3.535829,4.163119,4.495063
7:30:20 AM,1.653244,3.535859,4.163119,4.495063
7:30:20 AM,1.653269,3.535802,4.163095,4.495063
7:30:20 AM,1.653244,3.535802,4.163095,4.495063
7:30:20 AM,1.653219,3.535859,4.163118,4.495063
7:30:20 AM,1.653219,3.535859,4.163095,4.495063
7:30:20 AM,1.653219,3.535829,4.163119,4.495063
7:30:20 AM,1.653219,3.535829,4.163118,4.495083
7:30:20 AM,1.653244,3.535829,4.163119,4.495083
7:30:20 AM,1.653244,3.535829,4.163073,4.495046
7:30:20 AM,1.653219,3.535829,4.163095,4.495046
7:30:20 AM,1.653219,3.535859,4.163095,4.495063
7:30:20 AM,1.653219,3.535859,4.163095,4.495046
7:30:20 AM,1.653219,3.535833,4.163095,4.495046
7:30:20 AM,1.653244,3.535859,4.163095,4.495063
7:30:20 AM,1.653219,3.535829,4.163095,4.495063
7:30:20 AM,1.653269,3.535833,4.163095,4.495063
7:30:20 AM,1.653219,3.535859,4.163095,4.495063
7:30:20 AM,1.653244,3.535829,4.163095,4.495065
7:30:20 AM,1.653219,3.535833,4.163095,4.495065
7:30:20 AM,1.653269,3.535802,4.163095,4.495063
7:30:20 AM,1.653219,3.535829,4.163095,4.495063
7:30:20 AM,1.653244,3.535829,4.163095,4.495083
7:30:20 AM,1.653219,3.535829,4.163119,4.495083
7:30:20 AM,1.653219,3.535833,4.163095,4.495046
7:30:20 AM,1.653219,3.535859,4.163118,4.495046
7:30:20 AM,1.653219,3.535829,4.163095,4.495046
7:30:20 AM,1.653219,3.535859,4.163095,4.495083
7:30:20 AM,1.653219,3.535859,4.163097,4.495046
7:30:20 AM,1.653219,3.535833,4.163095,4.495063
7:30:20 AM,1.653219,3.535859,4.163095,4.495046
7:30:20 AM,1.653219,3.535859,4.163095,4.495046
7:30:20 AM,1.653244,3.535802,4.163095,4.495046
7:30:20 AM,1.653244,3.535833,4.163095,4.495046
7:30:20 AM,1.653244,3.535829,4.163095,4.495063
7:30:20 AM,1.653269,3.535829,4.163095,4.495026
7:30:20 AM,1.653219,3.535829,4.163095,4.495046
7:30:20 AM,1.653219,3.535829,4.163095,4.495063
7:30:20 AM,1.653244,3.535829,4.163095,4.495063
7:30:20 AM,1.653244,3.535859,4.163095,4.495063
7:30:20 AM,1.653244,3.535833,4.163095,4.495063
7:30:20 AM,1.653219,3.535829,4.163095,4.495046
7:30:20 AM,1.653219,3.535833,4.163095,4.495046
7:30:20 AM,1.653219,3.535829,4.163095,4.495065
7:30:20 AM,1.653219,3.535829,4.163095,4.495063
7:30:20 AM,1.653219,3.535829,4.163095,4.495046
7:30:20 AM,1.653244,3.535829,4.163095,4.495046
7:30:20 AM,1.653244,3.535859,4.163071,4.495063
7:30:20 AM,1.653219,3.535859,4.163095,4.495046
7:30:20 AM,1.653219,3.535833,4.163073,4.495046
7:30:20 AM,1.653219,3.535829,4.163095,4.495065
7:30:20 AM,1.653244,3.535859,4.163095,4.495063
7:30:20 AM,1.653219,3.535829,4.163119,4.495046
7:30:20 AM,1.653219,3.535859,4.163073,4.495044
7:30:20 AM,1.653219,3.535829,4.163119,4.495046
7:30:20 AM,1.653244,3.535829,4.163095,4.495083
7:30:20 AM,1.653219,3.535829,4.163119,4.495065
7:30:20 AM,1.653244,3.535829,4.163095,4.495063
7:30:20 AM,1.653219,3.535859,4.163095,4.495063
7:30:20 AM,1.653219,3.535859,4.163095,4.495063
7:30:20 AM,1.653219,3.535829,4.163095,4.495063
7:30:20 AM,1.653219,3.535829,4.163095,4.495063
7:30:20 AM,1.653219,3.535829,4.163095,4.495063
7:30:20 AM,1.653219,3.535829,4.163095,4.495063
7:30:20 AM,1.653219,3.535829,4.163095,4.495063
7:30:20 AM,1.653219,3.535829,4.163095,4.495063
7:30:20 AM,1.653244,3.535829,4.163073,4.495063
7:30:20 AM,1.653244,3.535859,4.163095,4.495046
7:30:20 AM,1.653219,3.535829,4.163073,4.495063
7:30:20 AM,1.653219,3.535829,4.163095,4.495063
7:30:20 AM,1.653219,3.535859,4.163095,4.495063
7:30:20 AM,1.653244,3.535833,4.163095,4.495063
7:30:20 AM,1.653244,3.535829,4.163073,4.495063
7:30:20 AM,1.653219,3.535859,4.163119,4.495044
7:30:20 AM,1.653219,3.535829,4.163095,4.495046
7:30:20 AM,1.653244,3.535829,4.163095,4.495046
7:30:20 AM,1.653219,3.535829,4.163119,4.495063
7:30:20 AM,1.653219,3.535829,4.163095,4.495046
7:30:20 AM,1.653244,3.535829,4.163095,4.495046
7:30:20 AM,1.653244,3.535859,4.163095,4.495063
7:30:20 AM,1.653219,3.535833,4.163095,4.495063
7:30:20 AM,1.653219,3.535802,4.163095,4.495046
7:30:20 AM,1.653244,3.535859,4.163095,4.495046
7:30:20 AM,1.653219,3.535829,4.163095,4.495044
7:30:20 AM,1.653219,3.535859,4.163095,4.495063
7:30:20 AM,1.653219,3.535859,4.163095,4.495046
7:30:20 AM,1.653244,3.535829,4.163095,4.495046
7:30:20 AM,1.653219,3.535859,4.163119,4.495063
7:30:20 AM,1.653269,3.535829,4.163095,4.495065
7:30:20 AM,1.653219,3.535833,4.163073,4.495065
7:30:20 AM,1.653219,3.535859,4.163095,4.495046
7:30:20 AM,1.653219,3.535859,4.163095,4.495063
7:30:20 AM,1.653269,3.535859,4.163073,4.495063
7:30:20 AM,1.653219,3.535833,4.163119,4.495046
7:30:20 AM,1.653244,3.535833,4.163097,4.49508
7:30:20 AM,1.653194,3.535859,4.163073,4.495083
7:30:20 AM,1.653219,3.535859,4.163097,4.495083
7:30:20 AM,1.653219,3.535833,4.163097,4.495083
7:30:20 AM,1.653244,3.535859,4.163073,4.495083
7:30:20 AM,1.653219,3.53589,4.163073,4.4951
7:30:20 AM,1.653219,3.535859,4.163073,4.4951
7:30:20 AM,1.653244,3.535859,4.163097,4.4951
7:30:20 AM,1.653219,3.535859,4.163119,4.49508
7:30:20 AM,1.653244,3.535833,4.163073,4.49508
7:30:20 AM,1.653194,3.535859,4.163097,4.4951
7:30:20 AM,1.653219,3.535859,4.163073,4.49508
7:30:20 AM,1.653244,3.535859,4.163097,4.49508
7:30:20 AM,1.653244,3.535859,4.163097,4.49508
7:30:20 AM,1.653219,3.53589,4.163073,4.49508
7:30:20 AM,1.653219,3.535864,4.163097,4.495063
7:30:20 AM,1.653219,3.535859,4.163073,4.495083
7:30:20 AM,1.653169,3.535859,4.163097,4.4951
7:30:20 AM,1.65322,3.535859,4.163097,4.4951
7:30:20 AM,1.653219,3.53589,4.163097,4.495083
7:30:20 AM,1.653219,3.535859,4.163073,4.495083
7:30:20 AM,1.653219,3.535859,4.163097,4.495083
7:30:20 AM,1.653219,3.535859,4.163073,4.4951
7:30:20 AM,1.653244,3.535859,4.163097,4.4951
7:30:20 AM,1.653194,3.535833,4.163097,4.4951
7:30:20 AM,1.653219,3.535859,4.163073,4.4951
7:30:20 AM,1.653219,3.535859,4.163073,4.4951
7:30:20 AM,1.653219,3.535859,4.163097,4.4951
7:30:20 AM,1.653219,3.535859,4.163073,4.4951
7:30:20 AM,1.653219,3.535859,4.163073,4.4951
7:30:20 AM,1.653219,3.535859,4.163073,4.4951
7:30:20 AM,1.653219,3.535859,4.163073,4.4951
7:30:20 AM,1.653219,3.535859,4.163073,4.4951
7:30:20 AM,1.653219,3.535859,4.163073,4.4951
7:30:20 AM,1.653219,3.535833,4.163073,4.4951
7:30:20 AM,1.653219,3.535859,4.163097,4.4951
7:30:20 AM,1.653219,3.53589,4.163073,4.495083
7:30:20 AM,1.653219,3.535859,4.163073,4.49508
7:30:20 AM,1.653194,3.535859,4.163073,4.49508
7:30:20 AM,1.653219,3.535859,4.163119,4.49508
7:30:20 AM,1.653219,3.535859,4.163097,4.4951
7:30:20 AM,1.653219,3.535859,4.163119,4.495063
7:30:20 AM,1.653219,3.535859,4.163097,4.4951
7:30:20 AM,1.653194,3.535859,4.163119,4.4951
7:30:20 AM,1.653219,3.535859,4.163097,4.49508
7:30:20 AM,1.653219,3.535859,4.16305,4.49508
7:30:20 AM,1.653219,3.535859,4.163097,4.4951
7:30:20 AM,1.653219,3.535859,4.163073,4.495083
7:30:20 AM,1.653194,3.535859,4.163075,4.495083
7:30:20 AM,1.653219,3.535833,4.163073,4.4951
7:30:20 AM,1.653219,3.535859,4.163073,4.4951
7:30:20 AM,1.653219,3.535833,4.163097,4.495063
7:30:20 AM,1.653219,3.535859,4.163073,4.4951
7:30:20 AM,1.653219,3.535833,4.163073,4.4951
7:30:20 AM,1.653219,3.535859,4.163073,4.49508
7:30:20 AM,1.653219,3.535833,4.163119,4.4951
7:30:20 AM,1.653219,3.53589,4.163097,4.49508
7:30:20 AM,1.653194,3.535859,4.163075,4.4951
7:30:20 AM,1.653194,3.535864,4.163097,4.4951
7:30:20 AM,1.653219,3.535859,4.163097,4.4951
7:30:20 AM,1.653194,3.535859,4.163073,4.49508
7:30:20 AM,1.653194,3.53589,4.163097,4.495063
7:30:20 AM,1.653194,3.53589,4.163097,4.4951
7:30:20 AM,1.653219,3.535833,4.163097,4.49508
7:30:20 AM,1.653219,3.535859,4.163097,4.495063
7:30:20 AM,1.653219,3.535833,4.163097,4.49508
7:30:20 AM,1.653194,3.535833,4.163097,4.495083
7:30:20 AM,1.653219,3.535833,4.163097,4.49508
7:30:20 AM,1.653219,3.53589,4.163075,4.4951
7:30:20 AM,1.653219,3.53589,4.163073,4.495083
7:30:20 AM,1.653219,3.535859,4.163073,4.4951
7:30:20 AM,1.653244,3.535833,4.163119,4.4951
7:30:20 AM,1.653194,3.53589,4.163073,4.495063
7:30:20 AM,1.653219,3.535859,4.163097,4.495083
7:30:20 AM,1.653219,3.535859,4.163095,4.49508
7:30:20 AM,1.653219,3.53589,4.163073,4.49508
7:30:20 AM,1.653219,3.535859,4.163097,4.4951
7:30:20 AM,1.653244,3.535864,4.163097,4.4951
7:30:20 AM,1.653219,3.535833,4.163097,4.495083
7:30:20 AM,1.653219,3.535859,4.163073,4.495063
7:30:20 AM,1.653219,3.535833,4.163073,4.4951
7:30:20 AM,1.653219,3.535859,4.163097,4.495083
7:30:20 AM,1.653194,3.535833,4.163073,4.49508
7:30:20 AM,1.653194,3.535859,4.163097,4.4951
7:30:20 AM,1.653194,3.535859,4.163097,4.4951
7:30:20 AM,1.653194,3.535859,4.163073,4.4951
7:30:20 AM,1.653219,3.535833,4.163097,4.49508
7:30:20 AM,1.653219,3.535859,4.163073,4.495063
7:30:20 AM,1.653194,3.535859,4.163097,4.49508
7:30:20 AM,1.653219,3.53589,4.163097,4.49508
7:30:20 AM,1.653219,3.535859,4.163095,4.4951
7:30:20 AM,1.653244,3.535833,4.163097,4.49508
7:30:20 AM,1.653194,3.535859,4.163097,4.4951
7:30:20 AM,1.653219,3.535859,4.163075,4.4951
7:30:20 AM,1.653219,3.535833,4.163095,4.49508
7:30:20 AM,1.653219,3.535859,4.163073,4.4951
7:30:20 AM,1.653219,3.535833,4.163097,4.4951
7:30:20 AM,1.653219,3.535859,4.163075,4.4951
7:30:20 AM,1.653219,3.535859,4.163073,4.4951
7:30:20 AM,1.653219,3.535833,4.163073,4.495063
7:30:20 AM,1.653219,3.535859,4.163073,4.4951
7:30:21 AM,1.653219,3.535829,4.163073,4.495063
7:30:21 AM,1.653219,3.535829,4.163073,4.495063
7:30:21 AM,1.653219,3.535829,4.163073,4.495063
7:30:21 AM,1.653219,3.535829,4.163073,4.495063
7:30:21 AM,1.653219,3.535829,4.163073,4.495063
7:30:21 AM,1.653219,3.535829,4.163073,4.495063
7:30:21 AM,1.653219,3.535859,4.163073,4.495063
7:30:21 AM,1.653219,3.535859,4.163073,4.495063
7:30:21 AM,1.653219,3.535859,4.163073,4.495063
7:30:21 AM,1.653219,3.535859,4.163073,4.495063
7:30:21 AM,1.653219,3.535829,4.163073,4.495063
7:30:21 AM,1.653219,3.535859,4.163073,4.495063
7:30:21 AM,1.653219,3.535859,4.163073,4.495063
7:30:21 AM,1.653219,3.535859,4.163073,4.495063
7:30:21 AM,1.653219,3.535859,4.163073,4.495063
7:30:21 AM,1.653219,3.535859,4.163073,4.495063
7:30:21 AM,1.653219,3.535859,4.163073,4.495063
7:30:21 AM,1.653219,3.535859,4.163073,4.495063
7:30:21 AM,1.653219,3.535859,4.163073,4.495063
7:30:21 AM,1.653219,3.535859,4.163073,4.495063
7:30:21 AM,1.653219,3.535859,4.163073,4.495063
7:30:21 AM,1.653219,3.535829,4.163073,4.495063
7:30:21 AM,1.653219,3.535859,4.163073,4.495063
7:30:21 AM,1.653219,3.535829,4.163073,4.495063
7:30:21 AM,1.653219,3.535829,4.163073,4.495063
7:30:21 AM,1.653219,3.535833,4.163073,4.4951
7:30:21 AM,1.653219,3.535829,4.163095,4.495063
7:30:21 AM,1.653219,3.535829,4.163095,4.495063
7:30:21 AM,1.653219,3.535859,4.163095,4.495063
7:30:21 AM,1.653219,3.535859,4.163095,4.495063
7:30:21 AM,1.653219,3.535829,4.163095,4.495063
7:30:21 AM,1.653219,3.535829,4.163095,4.495063
7:30:21 AM,1.653219,3.535859,4.163095,4.495063
7:30:21 AM,1.653219,3.535859,4.163095,4.495063
7:30:21 AM,1.653219,3.535829,4.163095,4.495063
7:30:21 AM,1.653219,3.535859,4.163095,4.495063
7:30:21 AM,1.653219,3.535829,4.163095,4.495063
7:30:21 AM,1.653219,3.535859,4.163095,4.495063
7:30:21 AM,1.653219,3.535829,4.163095,4.495063
7:30:21 AM,1.653219,3.535829,4.163095,4.495063
7:30:21 AM,1.653219,3.535829,4.163095,4.495063
7:30:21 AM,1.653219,3.535829,4.163095,4.495063
7:30:21 AM,1.653219,3.535829,4.163095,4.495063
7:30:21 AM,1.653219,3.535829,4.163095,4.49508
7:30:21 AM,1.653219,3.535829,4.163073,4.495063
7:30:21 AM,1.653219,3.535829,4.163073,4.495063
7:30:21 AM,1.653219,3.535829,4.163073,4.495063
7:30:21 AM,1.653219,3.535859,4.163095,4.495063
7:30:21 AM,1.653219,3.535833,4.163095,4.495063
7:30:21 AM,1.653219,3.535833,4.163095,4.495063
7:30:21 AM,1.653219,3.535859,4.163073,4.495063
7:30:21 AM,1.653219,3.535859,4.163073,4.495063
7:30:21 AM,1.653219,3.535859,4.163073,4.495063
7:30:21 AM,1.653219,3.535859,4.163073,4.495083
7:30:21 AM,1.653219,3.535859,4.163073,4.495083
7:30:21 AM,1.653219,3.535859,4.163073,4.495083
7:30:21 AM,1.653219,3.535859,4.163073,4.495083
7:30:21 AM,1.653219,3.535859,4.163073,4.495083
7:30:21 AM,1.653194,3.535859,4.163073,4.495083
7:30:21 AM,1.653194,3.535859,4.163073,4.495083
7:30:21 AM,1.653194,3.535859,4.163073,4.495083
7:30:21 AM,1.653194,3.535859,4.163073,4.495083
7:30:21 AM,1.653219,3.535859,4.163073,4.495083
7:30:21 AM,1.653219,3.535833,4.163073,4.495083
7:30:21 AM,1.653219,3.535833,4.163073,4.4951
7:30:21 AM,1.653219,3.535859,4.163073,4.4951
7:30:21 AM,1.653219,3.535859,4.163073,4.4951
7:30:21 AM,1.653219,3.535859,4.163073,4.4951
7:30:21 AM,1.653219,3.535859,4.163073,4.4951
7:30:21 AM,1.653219,3.535859,4.163073,4.4951
7:30:21 AM,1.653219,3.535859,4.163073,4.4951
7:30:21 AM,1.653219,3.535859,4.163073,4.495063
7:30:21 AM,1.653219,3.535859,4.163073,4.495063
7:30:21 AM,1.653219,3.535859,4.163073,4.495063
7:30:21 AM,1.653219,3.535859,4.163073,4.495063
7:30:21 AM,1.653219,3.535833,4.163073,4.495063
7:30:21 AM,1.653219,3.535833,4.163073,4.495063
7:30:21 AM,1.653194,3.535833,4.163073,4.495063
7:30:21 AM,1.653194,3.535833,4.163073,4.495063
7:30:21 AM,1.653194,3.535833,4.163073,4.495063
7:30:21 AM,1.653194,3.535833,4.163073,4.495063
7:30:21 AM,1.653194,3.535833,4.163073,4.495063
7:30:21 AM,1.653194,3.535833,4.163073,4.495083
7:30:21 AM,1.653194,3.535859,4.163073,4.495063
7:30:21 AM,1.653194,3.535859,4.163073,4.495083
7:30:21 AM,1.653219,3.535859,4.163073,4.4951
7:30:21 AM,1.653194,3.535859,4.163073,4.495083
7:30:21 AM,1.653219,3.535859,4.163097,4.495083
7:30:21 AM,1.653219,3.535859,4.163097,4.495083
7:30:21 AM,1.653219,3.535859,4.163073,4.495083
7:30:21 AM,1.653219,3.535859,4.163073,4.495083
7:30:21 AM,1.653219,3.535859,4.163073,4.495083
7:30:21 AM,1.653219,3.535859,4.163073,4.495083
7:30:21 AM,1.653219,3.535859,4.163073,4.495083
7:30:21 AM,1.653219,3.535859,4.163073,4.495083
7:30:21 AM,1.653219,3.535859,4.163073,4.495083
7:30:21 AM,1.653219,3.535859,4.163073,4.495083
7:30:21 AM,1.653219,3.535859,4.163073,4.495083
7:30:21 AM,1.653219,3.535859,4.163073,4.495063
7:30:21 AM,1.653219,3.535859,4.163073,4.4951
7:30:21 AM,1.653219,3.535859,4.163097,4.4951
7:30:21 AM,1.653244,3.535916,4.16305,4.495063
7:30:21 AM,1.653244,3.535885,4.163026,4.495063
7:30:21 AM,1.653244,3.535911,4.16305,4.495063
7:30:21 AM,1.653244,3.535885,4.163073,4.495046
7:30:21 AM,1.653244,3.535911,4.163073,4.495044
7:30:21 AM,1.653244,3.535916,4.163026,4.495046
7:30:21 AM,1.653244,3.535911,4.163073,4.495046
7:30:21 AM,1.653244,3.535911,4.16305,4.495063
7:30:21 AM,1.653244,3.535916,4.16305,4.495063
7:30:21 AM,1.653244,3.535885,4.163073,4.495046
7:30:21 AM,1.653244,3.535885,4.163049,4.495046
7:30:21 AM,1.653244,3.535885,4.163026,4.495063
7:30:21 AM,1.653244,3.535911,4.163049,4.495063
7:30:21 AM,1.653269,3.535885,4.163049,4.495026
7:30:21 AM,1.653244,3.535885,4.16305,4.495046
7:30:21 AM,1.653244,3.535885,4.163049,4.495044
7:30:21 AM,1.653244,3.535911,4.16305,4.495083
7:30:21 AM,1.653269,3.535885,4.16305,4.495026
7:30:21 AM,1.653244,3.535885,4.16305,4.495063
7:30:21 AM,1.653244,3.535916,4.163049,4.495044
7:30:21 AM,1.653219,3.535916,4.163026,4.495063
7:30:21 AM,1.653219,3.535885,4.163026,4.495063
7:30:21 AM,1.653219,3.535885,4.16305,4.495026
7:30:21 AM,1.653269,3.535885,4.163049,4.495046
7:30:21 AM,1.653244,3.535885,4.16305,4.495083
7:30:21 AM,1.653244,3.535942,4.16305,4.495063
7:30:21 AM,1.653219,3.535942,4.16305,4.495063
7:30:21 AM,1.653219,3.535942,4.16305,4.495063
7:30:21 AM,1.653219,3.535942,4.16305,4.495063
7:30:21 AM,1.653219,3.535911,4.16305,4.495063
7:30:21 AM,1.653219,3.535885,4.16305,4.495063
7:30:21 AM,1.653219,3.535885,4.16305,4.495063
7:30:21 AM,1.653219,3.535885,4.16305,4.495063
7:30:21 AM,1.653219,3.535916,4.163026,4.495063
7:30:21 AM,1.653244,3.535916,4.16305,4.495063
7:30:21 AM,1.653244,3.535916,4.16305,4.495063
7:30:21 AM,1.653244,3.535885,4.16305,4.495063
7:30:21 AM,1.653219,3.535916,4.163026,4.495046
7:30:21 AM,1.653219,3.535885,4.163026,4.495063
7:30:21 AM,1.653219,3.535885,4.163026,4.495046
7:30:21 AM,1.653244,3.535916,4.16305,4.495063
7:30:21 AM,1.653219,3.535942,4.16305,4.495044
7:30:21 AM,1.653244,3.535885,4.163073,4.495063
7:30:21 AM,1.653269,3.535885,4.163026,4.495083
7:30:21 AM,1.653244,3.535885,4.163026,4.495063
7:30:21 AM,1.653244,3.535885,4.163073,4.495063
7:30:21 AM,1.653244,3.535885,4.163026,4.495063
7:30:21 AM,1.653244,3.535942,4.16305,4.495063
7:30:21 AM,1.653244,3.535916,4.16305,4.495046
7:30:21 AM,1.653219,3.535885,4.163073,4.495063
7:30:21 AM,1.653244,3.535885,4.16305,4.495063
7:30:21 AM,1.653244,3.535916,4.163073,4.495063
7:30:21 AM,1.653219,3.535916,4.16305,4.495046
7:30:21 AM,1.653244,3.535885,4.16305,4.495063
7:30:21 AM,1.653269,3.535885,4.163026,4.495063
7:30:21 AM,1.653269,3.535911,4.163026,4.495046
7:30:21 AM,1.653219,3.535916,4.16305,4.495063
7:30:21 AM,1.653219,3.535885,4.163026,4.495046
7:30:21 AM,1.653219,3.535916,4.163073,4.495063
7:30:21 AM,1.653219,3.535885,4.16305,4.495044
7:30:21 AM,1.653244,3.535885,4.16305,4.495063
7:30:21 AM,1.653244,3.535885,4.16305,4.495063
7:30:21 AM,1.653219,3.535885,4.163073,4.495063
7:30:21 AM,1.653219,3.535911,4.16305,4.495046
7:30:21 AM,1.653219,3.535916,4.16305,4.495063
7:30:21 AM,1.653219,3.535885,4.163073,4.495026
7:30:21 AM,1.653219,3.535885,4.163049,4.495063
7:30:21 AM,1.653219,3.535916,4.16305,4.495044
7:30:21 AM,1.653244,3.535942,4.16305,4.495063
7:30:21 AM,1.653244,3.535916,4.16305,4.495063
7:30:21 AM,1.653219,3.535885,4.163026,4.495046
7:30:21 AM,1.653244,3.535916,4.163049,4.495063
7:30:21 AM,1.653219,3.535911,4.16305,4.495063
7:30:21 AM,1.653269,3.535916,4.163026,4.495063
7:30:21 AM,1.653244,3.535885,4.163073,4.495065
7:30:21 AM,1.653244,3.535885,4.163073,4.495046
7:30:21 AM,1.653219,3.535911,4.163073,4.495046
7:30:21 AM,1.653244,3.535885,4.16305,4.495065
7:30:21 AM,1.653269,3.535911,4.16305,4.495063
7:30:21 AM,1.653244,3.535916,4.163073,4.495046
7:30:21 AM,1.653244,3.535942,4.16305,4.495046
7:30:21 AM,1.653219,3.535942,4.16305,4.495046
7:30:21 AM,1.653219,3.535885,4.16305,4.495046
7:30:21 AM,1.653219,3.535885,4.16305,4.495046
7:30:21 AM,1.653219,3.535885,4.163073,4.495046
7:30:21 AM,1.653219,3.535885,4.16305,4.495063
7:30:21 AM,1.653219,3.535911,4.163026,4.495083
7:30:21 AM,1.653219,3.535916,4.16305,4.495046
7:30:21 AM,1.653244,3.535885,4.16305,4.495044
7:30:21 AM,1.653244,3.535885,4.16305,4.495046
7:30:21 AM,1.653269,3.535885,4.163049,4.495063
7:30:21 AM,1.653219,3.535885,4.16305,4.495063
7:30:21 AM,1.653219,3.535885,4.16305,4.495046
7:30:21 AM,1.653244,3.535916,4.163073,4.495063
7:30:21 AM,1.653219,3.535885,4.163073,4.495063
7:30:21 AM,1.653244,3.535916,4.163026,4.495046
7:30:21 AM,1.653244,3.535885,4.16305,4.495063
7:30:21 AM,1.653244,3.535885,4.16305,4.495063
7:30:22 AM,1.653244,3.535885,4.16305,4.495063
7:30:22 AM,1.653244,3.535885,4.16305,4.495063
7:30:22 AM,1.653219,3.535859,4.163073,4.49508
7:30:22 AM,1.653219,3.535859,4.163073,4.49508
7:30:22 AM,1.653219,3.535859,4.163073,4.4951
7:30:22 AM,1.653219,3.535885,4.163097,4.4951
7:30:22 AM,1.653219,3.535885,4.163075,4.49508
7:30:22 AM,1.653219,3.535885,4.163097,4.49508
7:30:22 AM,1.653219,3.535885,4.163097,4.49508
7:30:22 AM,1.653219,3.535885,4.163097,4.49508
7:30:22 AM,1.653219,3.535885,4.163073,4.49508
7:30:22 AM,1.653219,3.535885,4.16305,4.49508
7:30:22 AM,1.653219,3.535885,4.163073,4.49508
7:30:22 AM,1.653219,3.535885,4.163073,4.49508
7:30:22 AM,1.653219,3.535885,4.163097,4.49508
7:30:22 AM,1.653219,3.535885,4.163073,4.49508
7:30:22 AM,1.653219,3.535885,4.16305,4.49508
7:30:22 AM,1.653219,3.535885,4.163075,4.49508
7:30:22 AM,1.653219,3.535885,4.163075,4.49508
7:30:22 AM,1.653219,3.535885,4.16305,4.49508
7:30:22 AM,1.653219,3.535885,4.16305,4.495063
7:30:22 AM,1.653219,3.535885,4.16305,4.495063
7:30:22 AM,1.653219,3.535885,4.16305,4.495063
7:30:22 AM,1.653219,3.535859,4.163073,4.49508
7:30:22 AM,1.653219,3.535885,4.16305,4.495063
7:30:22 AM,1.653219,3.535859,4.163073,4.49508
7:30:22 AM,1.653219,3.535859,4.163073,4.4951
7:30:22 AM,1.653219,3.535833,4.163097,4.4951
7:30:22 AM,1.653219,3.535833,4.163097,4.4951
7:30:22 AM,1.653219,3.535833,4.163097,4.49508
7:30:22 AM,1.653219,3.535833,4.163097,4.49508
7:30:22 AM,1.653219,3.535833,4.163097,4.49508
7:30:22 AM,1.653219,3.535859,4.163073,4.49508
7:30:22 AM,1.653219,3.535859,4.163073,4.4951
7:30:22 AM,1.653219,3.535859,4.163073,4.4951
7:30:22 AM,1.653219,3.535859,4.163073,4.4951
7:30:22 AM,1.653219,3.535859,4.163073,4.4951
7:30:22 AM,1.653219,3.535859,4.163073,4.4951
7:30:22 AM,1.653219,3.535859,4.163073,4.49508
7:30:22 AM,1.653219,3.535859,4.163073,4.49508
7:30:22 AM,1.653219,3.535859,4.163073,4.49508
7:30:22 AM,1.653219,3.535859,4.163073,4.49508
7:30:22 AM,1.653219,3.535859,4.163073,4.49508
7:30:22 AM,1.653219,3.535859,4.163073,4.4951
7:30:22 AM,1.653219,3.535859,4.163073,4.4951
7:30:22 AM,1.653219,3.535859,4.163073,4.4951
7:30:22 AM,1.653219,3.535859,4.163073,4.49508
7:30:22 AM,1.653219,3.535859,4.163073,4.4951
7:30:22 AM,1.653219,3.535859,4.163073,4.49508
7:30:22 AM,1.653244,3.535885,4.16305,4.495063
7:30:22 AM,1.653219,3.535885,4.16305,4.495063
7:30:22 AM,1.653219,3.535885,4.16305,4.495063
7:30:22 AM,1.653244,3.535885,4.163073,4.495063
7:30:22 AM,1.653244,3.535885,4.163073,4.495063
7:30:22 AM,1.653244,3.535885,4.163073,4.495063
7:30:22 AM,1.653244,3.535885,4.163073,4.495063
7:30:22 AM,1.653244,3.535885,4.16305,4.495063
7:30:22 AM,1.653244,3.535885,4.16305,4.495063
7:30:22 AM,1.653244,3.535885,4.163073,4.495063
7:30:22 AM,1.653244,3.535885,4.16305,4.495063
7:30:22 AM,1.653244,3.535885,4.16305,4.495063
7:30:22 AM,1.653244,3.535885,4.16305,4.495063
7:30:22 AM,1.653244,3.535885,4.16305,4.495063
7:30:22 AM,1.653244,3.535885,4.16305,4.495063
7:30:22 AM,1.653244,3.535885,4.16305,4.495063
7:30:22 AM,1.653244,3.535885,4.16305,4.495063
7:30:22 AM,1.653244,3.535885,4.16305,4.495063
7:30:22 AM,1.653244,3.535885,4.16305,4.495063
7:30:22 AM,1.653244,3.535916,4.16305,4.495063
7:30:22 AM,1.653244,3.535916,4.16305,4.495063
7:30:22 AM,1.653244,3.535916,4.16305,4.495063
7:30:22 AM,1.653244,3.535885,4.16305,4.495063
7:30:22 AM,1.653244,3.535885,4.16305,4.495063
7:30:22 AM,1.653244,3.535885,4.163073,4.495063
7:30:22 AM,1.653219,3.535885,4.16305,4.495063
7:30:22 AM,1.653244,3.535885,4.163073,4.495063
7:30:22 AM,1.653244,3.535885,4.163073,4.495063
7:30:22 AM,1.653219,3.535885,4.16305,4.495063
7:30:22 AM,1.653219,3.535859,4.16305,4.495063
7:30:22 AM,1.653219,3.535859,4.16305,4.495063
7:30:22 AM,1.653219,3.535859,4.16305,4.495063
7:30:22 AM,1.653219,3.535859,4.163073,4.495063
7:30:22 AM,1.653219,3.535859,4.163073,4.495063
7:30:22 AM,1.653219,3.535859,4.163073,4.495063
7:30:22 AM,1.653219,3.535859,4.163073,4.495063
7:30:22 AM,1.653244,3.535859,4.16305,4.495063
7:30:22 AM,1.653244,3.535859,4.16305,4.495063
7:30:22 AM,1.653244,3.535859,4.16305,4.495063
7:30:22 AM,1.653219,3.535885,4.16305,4.495063
7:30:22 AM,1.653219,3.535859,4.16305,4.495063
7:30:22 AM,1.653219,3.535885,4.16305,4.49508
7:30:22 AM,1.653219,3.535859,4.163073,4.495063
7:30:22 AM,1.653219,3.535885,4.163073,4.495063
7:30:22 AM,1.653219,3.535885,4.163073,4.495063
7:30:22 AM,1.653219,3.535885,4.163073,4.495063
7:30:22 AM,1.653219,3.535885,4.163073,4.495063
7:30:22 AM,1.653244,3.535885,4.163073,4.495063
7:30:22 AM,1.653244,3.535885,4.163073,4.495063
7:30:22 AM,1.653244,3.535885,4.163073,4.495063
7:30:22 AM,1.653219,3.535833,4.163073,4.4951
7:30:22 AM,1.653219,3.535885,4.16305,4.495063
7:30:22 AM,1.653244,3.53589,4.163073,4.495011
7:30:22 AM,1.653244,3.53589,4.163073,4.495029
7:30:22 AM,1.653244,3.53589,4.163073,4.495029
7:30:22 AM,1.653244,3.53589,4.163073,4.495046
7:30:22 AM,1.653244,3.53589,4.16305,4.495046
7:30:22 AM,1.653244,3.53589,4.16305,4.495046
7:30:22 AM,1.653244,3.53589,4.163073,4.495046
7:30:22 AM,1.653244,3.53589,4.16305,4.495046
7:30:22 AM,1.653244,3.53589,4.163073,4.495046
7:30:22 AM,1.653244,3.53589,4.163026,4.495046
7:30:22 AM,1.653244,3.53589,4.163073,4.495029
7:30:22 AM,1.653244,3.53589,4.163026,4.495046
7:30:22 AM,1.653219,3.53589,4.163049,4.495046
7:30:22 AM,1.653244,3.53589,4.163073,4.495046
7:30:22 AM,1.653219,3.53589,4.163073,4.495046
7:30:22 AM,1.653219,3.53589,4.163073,4.495065
7:30:22 AM,1.653244,3.53589,4.163049,4.495065
7:30:22 AM,1.653244,3.53589,4.163073,4.495065
7:30:22 AM,1.653219,3.53589,4.163073,4.495046
7:30:22 AM,1.653219,3.53589,4.163073,4.495046
7:30:22 AM,1.653219,3.53589,4.163049,4.495046
7:30:22 AM,1.653219,3.53589,4.163049,4.495046
7:30:22 AM,1.653244,3.53589,4.163073,4.495029
7:30:22 AM,1.653244,3.53589,4.163073,4.495029
7:30:22 AM,1.653244,3.53589,4.163073,4.495029
7:30:22 AM,1.653219,3.535859,4.163073,4.495029
7:30:22 AM,1.653219,3.535859,4.163073,4.495029
7:30:22 AM,1.653219,3.535859,4.163073,4.495029
7:30:22 AM,1.653219,3.535859,4.163073,4.495029
7:30:22 AM,1.653219,3.535833,4.163073,4.495048
7:30:22 AM,1.653219,3.535859,4.163073,4.495048
7:30:22 AM,1.653219,3.535859,4.163073,4.495048
7:30:22 AM,1.653219,3.535859,4.163073,4.495029
7:30:22 AM,1.653219,3.535859,4.163073,4.495029
7:30:22 AM,1.653219,3.535859,4.163073,4.495029
7:30:22 AM,1.653219,3.535833,4.163073,4.495029
7:30:22 AM,1.653219,3.535833,4.163073,4.495029
7:30:22 AM,1.653219,3.535833,4.163073,4.495029
7:30:22 AM,1.653244,3.535833,4.163073,4.495029
7:30:22 AM,1.653244,3.535864,4.163049,4.495029
7:30:22 AM,1.653244,3.535864,4.163049,4.495029
7:30:22 AM,1.653244,3.535864,4.163049,4.495029
7:30:22 AM,1.653244,3.535864,4.163073,4.495029
7:30:22 AM,1.653244,3.53589,4.163073,4.495029
7:30:22 AM,1.653244,3.53589,4.16305,4.495029
7:30:22 AM,1.653244,3.53589,4.163073,4.495029
7:30:22 AM,1.653219,3.53589,4.163073,4.495046
7:30:22 AM,1.653219,3.53589,4.163049,4.495046
7:30:22 AM,1.653219,3.53589,4.163049,4.495046
7:30:22 AM,1.653219,3.53589,4.163049,4.495046
7:30:22 AM,1.653244,3.535916,4.163026,4.495065
7:30:22 AM,1.653244,3.535916,4.163026,4.495065
7:30:22 AM,1.653244,3.535916,4.163026,4.495065
7:30:22 AM,1.653244,3.535916,4.163026,4.495046
7:30:22 AM,1.653244,3.535916,4.163026,4.495046
7:30:22 AM,1.653244,3.535916,4.163026,4.495046
7:30:22 AM,1.653244,3.535885,4.163026,4.495063
7:30:22 AM,1.653244,3.535885,4.163026,4.495063
7:30:22 AM,1.653244,3.535885,4.163026,4.495063
7:30:22 AM,1.653244,3.535885,4.16305,4.495063
7:30:22 AM,1.653244,3.535885,4.16305,4.495063
7:30:22 AM,1.653244,3.535885,4.16305,4.495063
7:30:22 AM,1.653244,3.535885,4.16305,4.495063
7:30:22 AM,1.653244,3.535885,4.16305,4.495063
7:30:22 AM,1.653244,3.535885,4.16305,4.495063
7:30:22 AM,1.653244,3.535885,4.16305,4.495063
7:30:22 AM,1.653244,3.535885,4.16305,4.495063
7:30:22 AM,1.653219,3.535885,4.16305,4.495063
7:30:22 AM,1.653219,3.535885,4.16305,4.495063
7:30:22 AM,1.653219,3.535885,4.16305,4.495063
7:30:22 AM,1.653219,3.535885,4.16305,4.495063
7:30:22 AM,1.653244,3.535916,4.163026,4.495065
7:30:22 AM,1.653219,3.535859,4.163073,4.495029
7:30:22 AM,1.653244,3.535916,4.163026,4.495065
7:30:22 AM,1.653219,3.535916,4.163026,4.495065
7:30:22 AM,1.653219,3.53589,4.163049,4.495046
7:30:22 AM,1.653219,3.53589,4.163049,4.495046
7:30:22 AM,1.653219,3.53589,4.163049,4.495046
7:30:22 AM,1.653219,3.535859,4.163049,4.495065
7:30:22 AM,1.653244,3.535859,4.163049,4.495065
7:30:22 AM,1.653244,3.53589,4.163049,4.495046
7:30:22 AM,1.653244,3.53589,4.163049,4.495046
7:30:22 AM,1.653244,3.53589,4.163049,4.495046
7:30:22 AM,1.653244,3.53589,4.163049,4.495046
7:30:22 AM,1.653244,3.53589,4.163049,4.495046
7:30:22 AM,1.653244,3.53589,4.163049,4.495046
7:30:22 AM,1.653244,3.53589,4.163049,4.495046
7:30:22 AM,1.653244,3.53589,4.163049,4.495065
7:30:22 AM,1.653244,3.53589,4.163049,4.495046
7:30:22 AM,1.653244,3.53589,4.163049,4.495046
7:30:22 AM,1.653244,3.53589,4.163049,4.495046
7:30:22 AM,1.653244,3.53589,4.163049,4.495046
7:30:22 AM,1.653244,3.53589,4.163049,4.495046
7:30:22 AM,1.653219,3.535916,4.163049,4.495046
7:30:22 AM,1.653219,3.535916,4.163026,4.495065
7:30:22 AM,1.653219,3.535916,4.163026,4.495046
7:30:22 AM,1.653244,3.535916,4.163026,4.495065
7:30:22 AM,1.653219,3.535859,4.163073,4.495048
7:30:22 AM,1.653219,3.535859,4.163073,4.495029
7:30:22 AM,1.653219,3.535859,4.163073,4.495029
7:30:23 AM,1.653219,3.535859,4.16305,4.495029
7:30:23 AM,1.653219,3.535916,4.163073,4.495029
7:30:23 AM,1.653219,3.535859,4.163073,4.495029
7:30:23 AM,1.653219,3.535859,4.163073,4.495031
7:30:23 AM,1.653219,3.535859,4.163073,4.495029
7:30:23 AM,1.653219,3.535859,4.163073,4.495011
7:30:23 AM,1.653219,3.535859,4.163073,4.495048
7:30:23 AM,1.653244,3.535833,4.163073,4.495029
7:30:23 AM,1.653219,3.535859,4.163073,4.495029
7:30:23 AM,1.653219,3.535864,4.16305,4.495029
7:30:23 AM,1.653194,3.535859,4.163073,4.495029
7:30:23 AM,1.653194,3.535859,4.163073,4.495029
7:30:23 AM,1.653219,3.53589,4.163073,4.495029
7:30:23 AM,1.653219,3.535859,4.16305,4.495031
7:30:23 AM,1.653194,3.535833,4.163073,4.495031
7:30:23 AM,1.653219,3.535859,4.163073,4.495029
7:30:23 AM,1.653219,3.535864,4.16305,4.495048
7:30:23 AM,1.653194,3.535859,4.163073,4.495011
7:30:23 AM,1.653194,3.535859,4.163073,4.495029
7:30:23 AM,1.653219,3.53589,4.163073,4.495029
7:30:23 AM,1.653244,3.535859,4.16305,4.495031
7:30:23 AM,1.653244,3.535833,4.16305,4.495029
7:30:23 AM,1.653219,3.535859,4.163073,4.495029
7:30:23 AM,1.653244,3.535859,4.163073,4.495029
7:30:23 AM,1.653219,3.53589,4.163073,4.495029
7:30:23 AM,1.653194,3.535859,4.163073,4.495029
7:30:23 AM,1.653219,3.53589,4.163049,4.495029
7:30:23 AM,1.653244,3.535859,4.16305,4.495011
7:30:23 AM,1.653194,3.535859,4.16305,4.495011
7:30:23 AM,1.653244,3.535859,4.16305,4.495029
7:30:23 AM,1.653219,3.535833,4.163073,4.495011
7:30:23 AM,1.653219,3.53589,4.163073,4.495029
7:30:23 AM,1.653244,3.535833,4.163073,4.495029
7:30:23 AM,1.653219,3.535859,4.16305,4.495011
7:30:23 AM,1.653219,3.535859,4.163097,4.495011
7:30:23 AM,1.653194,3.535859,4.16305,4.495048
7:30:23 AM,1.653219,3.535859,4.163073,4.495011
7:30:23 AM,1.653244,3.535859,4.163073,4.495029
7:30:23 AM,1.653244,3.53589,4.163073,4.495029
7:30:23 AM,1.653219,3.535859,4.16305,4.495011
7:30:23 AM,1.653194,3.535859,4.163073,4.495048
7:30:23 AM,1.653244,3.535859,4.16305,4.495029
7:30:23 AM,1.653219,3.53589,4.16305,4.495011
7:30:23 AM,1.653219,3.535859,4.163073,4.495029
7:30:23 AM,1.653194,3.535833,4.163073,4.495029
7:30:23 AM,1.653219,3.53589,4.16305,4.495011
7:30:23 AM,1.653194,3.535833,4.16305,4.495011
7:30:23 AM,1.653219,3.535859,4.16305,4.495031
7:30:23 AM,1.653219,3.53589,4.16305,4.495029
7:30:23 AM,1.653219,3.53589,4.163073,4.495011
7:30:23 AM,1.653219,3.535859,4.163073,4.495029
7:30:23 AM,1.653219,3.535833,4.163073,4.495029
7:30:23 AM,1.653219,3.535859,4.163073,4.495048
7:30:23 AM,1.653219,3.535833,4.16305,4.495048
7:30:23 AM,1.653219,3.535859,4.16305,4.495029
7:30:23 AM,1.653219,3.53589,4.16305,4.495011
7:30:23 AM,1.653219,3.535864,4.163073,4.495048
7:30:23 AM,1.653219,3.535833,4.16305,4.495048
7:30:23 AM,1.653219,3.535859,4.163097,4.495029
7:30:23 AM,1.653244,3.535859,4.163073,4.495011
7:30:23 AM,1.653219,3.535833,4.163073,4.495011
7:30:23 AM,1.653219,3.535833,4.16305,4.495029
7:30:23 AM,1.653194,3.535859,4.16305,4.495029
7:30:23 AM,1.653219,3.535859,4.16305,4.495029
7:30:23 AM,1.653194,3.535859,4.163049,4.495011
7:30:23 AM,1.653244,3.535859,4.163073,4.495029
7:30:23 AM,1.653219,3.535859,4.163073,4.495029
7:30:23 AM,1.653219,3.535859,4.163026,4.495029
7:30:23 AM,1.653219,3.535859,4.163073,4.495011
7:30:23 AM,1.653244,3.535859,4.163073,4.495011
7:30:23 AM,1.653219,3.535859,4.163073,4.495029
7:30:23 AM,1.653244,3.535859,4.163073,4.495011
7:30:23 AM,1.653219,3.53589,4.163073,4.495029
7:30:23 AM,1.653244,3.535885,4.163073,4.495048
7:30:23 AM,1.653219,3.535859,4.163073,4.495048
7:30:23 AM,1.653194,3.535859,4.163073,4.495048
7:30:23 AM,1.653219,3.535833,4.163073,4.495029
7:30:23 AM,1.653244,3.53589,4.16305,4.495011
7:30:23 AM,1.653194,3.535864,4.16305,4.495029
7:30:23 AM,1.653244,3.53589,4.163073,4.495029
7:30:23 AM,1.653219,3.535864,4.163073,4.495048
7:30:23 AM,1.653219,3.535859,4.16305,4.495031
7:30:23 AM,1.653194,3.53589,4.163073,4.495029
7:30:23 AM,1.653219,3.535859,4.163073,4.495029
7:30:23 AM,1.653219,3.53589,4.163073,4.495029
7:30:23 AM,1.653194,3.535859,4.16305,4.495029
7:30:23 AM,1.653219,3.535859,4.16305,4.495011
7:30:23 AM,1.653194,3.53589,4.163073,4.495029
7:30:23 AM,1.653244,3.535859,4.163073,4.495011
7:30:23 AM,1.653219,3.535859,4.163073,4.495011
7:30:23 AM,1.653194,3.535859,4.163026,4.495029
7:30:23 AM,1.653244,3.535833,4.16305,4.495011
7:30:23 AM,1.653219,3.53589,4.163073,4.495048
7:30:23 AM,1.653219,3.535859,4.16305,4.495029
7:30:23 AM,1.653219,3.53589,4.163073,4.495029
7:30:23 AM,1.653244,3.535833,4.163073,4.495029
7:30:23 AM,1.653244,3.53589,4.163073,4.495011
7:30:23 AM,1.653219,3.535885,4.163049,4.495029
7:30:23 AM,1.653219,3.535885,4.16305,4.495063
7:30:23 AM,1.653219,3.535864,4.16305,4.495065
7:30:23 AM,1.653194,3.535859,4.16305,4.495029
7:30:23 AM,1.653194,3.535859,4.16305,4.495029
7:30:23 AM,1.653194,3.535859,4.16305,4.495029
7:30:23 AM,1.653194,3.535859,4.16305,4.495029
7:30:23 AM,1.653194,3.535859,4.16305,4.495029
7:30:23 AM,1.653194,3.535859,4.16305,4.495029
7:30:23 AM,1.653194,3.535859,4.16305,4.495029
7:30:23 AM,1.653194,3.535859,4.16305,4.495029
7:30:23 AM,1.653194,3.535859,4.16305,4.495048
7:30:23 AM,1.653194,3.535859,4.16305,4.495048
7:30:23 AM,1.653194,3.535859,4.16305,4.495029
7:30:23 AM,1.653194,3.535859,4.16305,4.495029
7:30:23 AM,1.653194,3.535859,4.16305,4.495029
7:30:23 AM,1.653194,3.535859,4.16305,4.495029
7:30:23 AM,1.653194,3.535859,4.16305,4.495029
7:30:23 AM,1.653194,3.535859,4.16305,4.495029
7:30:23 AM,1.653194,3.535859,4.16305,4.495029
7:30:23 AM,1.653194,3.535859,4.16305,4.495029
7:30:23 AM,1.653194,3.535859,4.16305,4.495029
7:30:23 AM,1.653194,3.535859,4.16305,4.495029
7:30:23 AM,1.653194,3.535859,4.16305,4.495029
7:30:23 AM,1.653194,3.535859,4.16305,4.495029
7:30:23 AM,1.653194,3.535859,4.16305,4.495029
7:30:23 AM,1.653194,3.535859,4.163073,4.495048
7:30:23 AM,1.653194,3.535859,4.16305,4.495048
7:30:23 AM,1.653219,3.53589,4.163073,4.495046
7:30:23 AM,1.653219,3.53589,4.163073,4.495046
7:30:23 AM,1.653219,3.53589,4.163073,4.495046
7:30:23 AM,1.653219,3.53589,4.163073,4.495046
7:30:23 AM,1.653219,3.53589,4.163073,4.495046
7:30:23 AM,1.653219,3.53589,4.163073,4.495046
7:30:23 AM,1.653219,3.53589,4.163073,4.495046
7:30:23 AM,1.653219,3.53589,4.163073,4.495046
7:30:23 AM,1.653194,3.53589,4.163073,4.495046
7:30:23 AM,1.653194,3.535859,4.163073,4.495046
7:30:23 AM,1.653194,3.535859,4.16305,4.495046
7:30:23 AM,1.653194,3.535859,4.163073,4.495046
7:30:23 AM,1.653194,3.535859,4.16305,4.495029
7:30:23 AM,1.653194,3.535859,4.16305,4.495029
7:30:23 AM,1.653194,3.535859,4.16305,4.495029
7:30:23 AM,1.653194,3.535859,4.16305,4.495029
7:30:23 AM,1.653194,3.535859,4.16305,4.495029
7:30:23 AM,1.653194,3.535859,4.16305,4.495029
7:30:23 AM,1.653194,3.535859,4.16305,4.495029
7:30:23 AM,1.653194,3.535859,4.16305,4.495029
7:30:23 AM,1.653194,3.535859,4.16305,4.495029
7:30:23 AM,1.653194,3.535859,4.16305,4.495029
7:30:23 AM,1.653219,3.53589,4.163073,4.495046
7:30:23 AM,1.653219,3.535859,4.16305,4.495029
7:30:23 AM,1.653219,3.535859,4.16305,4.495029
7:30:23 AM,1.653219,3.535833,4.163073,4.495029
7:30:23 AM,1.653219,3.535833,4.163073,4.495029
7:30:23 AM,1.653219,3.535864,4.163073,4.495029
7:30:23 AM,1.653219,3.535833,4.163073,4.495029
7:30:23 AM,1.653219,3.535833,4.163073,4.495029
7:30:23 AM,1.653219,3.535833,4.163073,4.495029
7:30:23 AM,1.653219,3.535833,4.163073,4.495029
7:30:23 AM,1.653219,3.535833,4.163073,4.495029
7:30:23 AM,1.653219,3.535833,4.163073,4.495029
7:30:23 AM,1.653219,3.535864,4.163073,4.495029
7:30:23 AM,1.653219,3.535864,4.163073,4.495029
7:30:23 AM,1.653219,3.53589,4.163073,4.495029
7:30:23 AM,1.653219,3.535859,4.163073,4.495029
7:30:23 AM,1.653219,3.535859,4.163073,4.495029
7:30:23 AM,1.653219,3.535859,4.163073,4.495029
7:30:23 AM,1.653219,3.535859,4.163073,4.495029
7:30:23 AM,1.653219,3.535859,4.163073,4.495029
7:30:23 AM,1.653219,3.535859,4.163073,4.495029
7:30:23 AM,1.653219,3.535859,4.163073,4.495029
7:30:23 AM,1.653219,3.535859,4.163073,4.495029
7:30:23 AM,1.653219,3.535859,4.163073,4.495029
7:30:23 AM,1.653219,3.535833,4.163073,4.495029
7:30:23 AM,1.653219,3.535859,4.16305,4.495029
7:30:23 AM,1.653219,3.535833,4.163073,4.495029
7:30:23 AM,1.653219,3.535833,4.16305,4.495029
7:30:23 AM,1.653219,3.535859,4.16305,4.495029
7:30:23 AM,1.653219,3.535859,4.16305,4.495029
7:30:23 AM,1.653219,3.535859,4.16305,4.495029
7:30:23 AM,1.653219,3.535859,4.16305,4.495029
7:30:23 AM,1.653219,3.535859,4.16305,4.495029
7:30:23 AM,1.653219,3.535859,4.16305,4.495029
7:30:23 AM,1.653219,3.53589,4.163073,4.495029
7:30:23 AM,1.653219,3.53589,4.163073,4.495029
7:30:23 AM,1.653219,3.53589,4.163073,4.495029
7:30:23 AM,1.653219,3.535859,4.163073,4.495048
7:30:23 AM,1.653219,3.535859,4.163073,4.495029
7:30:23 AM,1.653219,3.535859,4.163073,4.495048
7:30:23 AM,1.653219,3.535859,4.163073,4.495048
7:30:23 AM,1.653219,3.535859,4.16305,4.495029
7:30:23 AM,1.653219,3.535859,4.16305,4.495029
7:30:23 AM,1.653219,3.535859,4.16305,4.495029
7:30:23 AM,1.653219,3.535859,4.16305,4.495029
7:30:23 AM,1.653219,3.535859,4.16305,4.495029
7:30:23 AM,1.653219,3.535859,4.16305,4.495029
7:30:23 AM,1.653219,3.535859,4.16305,4.495029
7:30:23 AM,1.653219,3.535859,4.16305,4.495029
7:30:23 AM,1.653219,3.535833,4.16305,4.495029
7:30:23 AM,1.653219,3.535859,4.163073,4.495029
7:30:23 AM,1.653219,3.53589,4.163073,4.495046
7:30:23 AM,1.653219,3.53589,4.163073,4.495046
7:30:24 AM,1.653219,3.535833,4.163073,4.495046
7:30:24 AM,1.653219,3.535864,4.163073,4.495065
7:30:24 AM,1.653244,3.535833,4.163097,4.495065
7:30:24 AM,1.653219,3.53589,4.16305,4.495046
7:30:24 AM,1.653219,3.53589,4.163097,4.495029
7:30:24 AM,1.653194,3.53589,4.163097,4.495046
7:30:24 AM,1.653194,3.53589,4.163073,4.495046
7:30:24 AM,1.653194,3.53589,4.163075,4.495029
7:30:24 AM,1.653219,3.535833,4.163075,4.495065
7:30:24 AM,1.653244,3.535895,4.163075,4.495029
7:30:24 AM,1.653219,3.53589,4.163097,4.495046
7:30:24 AM,1.653194,3.53589,4.163073,4.495065
7:30:24 AM,1.653219,3.53589,4.16305,4.495046
7:30:24 AM,1.653219,3.53589,4.16305,4.495046
7:30:24 AM,1.653194,3.535921,4.163097,4.495046
7:30:24 AM,1.653219,3.53589,4.163073,4.495029
7:30:24 AM,1.653219,3.53589,4.16305,4.495046
7:30:24 AM,1.653219,3.53589,4.163097,4.495046
7:30:24 AM,1.653194,3.535864,4.163073,4.495029
7:30:24 AM,1.653219,3.535864,4.163073,4.495065
7:30:24 AM,1.653219,3.53589,4.163097,4.495046
7:30:24 AM,1.653219,3.53589,4.163097,4.495065
7:30:24 AM,1.653219,3.53589,4.16305,4.495046
7:30:24 AM,1.653219,3.535864,4.16305,4.495029
7:30:24 AM,1.653219,3.535864,4.16305,4.495065
7:30:24 AM,1.653219,3.535864,4.163075,4.495029
7:30:24 AM,1.653194,3.53589,4.163073,4.495046
7:30:24 AM,1.653194,3.53589,4.163097,4.495046
7:30:24 AM,1.653219,3.535859,4.163073,4.495048
7:30:24 AM,1.653244,3.535864,4.163097,4.495065
7:30:24 AM,1.653244,3.53589,4.163073,4.495065
7:30:24 AM,1.653194,3.535921,4.163073,4.495046
7:30:24 AM,1.653219,3.535833,4.163097,4.495065
7:30:24 AM,1.653219,3.535864,4.163073,4.495046
7:30:24 AM,1.653194,3.535864,4.163073,4.495046
7:30:24 AM,1.653219,3.53589,4.163097,4.495065
7:30:24 AM,1.653219,3.53589,4.163073,4.495029
7:30:24 AM,1.653219,3.535864,4.16305,4.495046
7:30:24 AM,1.653194,3.53589,4.163097,4.495029
7:30:24 AM,1.653194,3.535864,4.163073,4.495046
7:30:24 AM,1.653244,3.53589,4.163073,4.495046
7:30:24 AM,1.653219,3.535859,4.163073,4.495065
7:30:24 AM,1.653244,3.53589,4.163073,4.495029
7:30:24 AM,1.653244,3.535859,4.163097,4.495046
7:30:24 AM,1.653244,3.535864,4.16305,4.495046
7:30:24 AM,1.653219,3.535895,4.163075,4.495065
7:30:24 AM,1.653244,3.535864,4.163097,4.495065
7:30:24 AM,1.653219,3.53589,4.163073,4.495046
7:30:24 AM,1.653219,3.53589,4.16305,4.495046
7:30:24 AM,1.653219,3.53589,4.163073,4.495046
7:30:24 AM,1.653219,3.535864,4.163097,4.495046
7:30:24 AM,1.653244,3.53589,4.163075,4.495029
7:30:24 AM,1.653194,3.53589,4.163097,4.495046
7:30:24 AM,1.653194,3.53589,4.163075,4.495046
7:30:24 AM,1.653219,3.535864,4.163073,4.495029
7:30:24 AM,1.653194,3.53589,4.163073,4.495029
7:30:24 AM,1.653194,3.535864,4.16305,4.495046
7:30:24 AM,1.653219,3.535864,4.163073,4.495065
7:30:24 AM,1.653219,3.53589,4.163073,4.495029
7:30:24 AM,1.653219,3.535864,4.163073,4.495046
7:30:24 AM,1.653219,3.53589,4.163075,4.495046
7:30:24 AM,1.653219,3.535864,4.163075,4.495065
7:30:24 AM,1.653219,3.535864,4.163073,4.495046
7:30:24 AM,1.653244,3.53589,4.163097,4.495065
7:30:24 AM,1.653219,3.53589,4.163073,4.495046
7:30:24 AM,1.653219,3.53589,4.163073,4.495046
7:30:24 AM,1.653219,3.535859,4.163097,4.495046
7:30:24 AM,1.653219,3.53589,4.163097,4.495065
7:30:24 AM,1.653219,3.53589,4.163097,4.495065
7:30:24 AM,1.653194,3.53589,4.163075,4.495046
7:30:24 AM,1.653219,3.535921,4.163073,4.495046
7:30:24 AM,1.653244,3.535864,4.163073,4.495065
7:30:24 AM,1.653219,3.535864,4.163073,4.495046
7:30:24 AM,1.653219,3.535859,4.163073,4.495029
7:30:24 AM,1.653219,3.53589,4.163075,4.495029
7:30:24 AM,1.653194,3.53589,4.16305,4.495029
7:30:24 AM,1.653244,3.535895,4.163097,4.495065
7:30:24 AM,1.653219,3.53589,4.163075,4.495029
7:30:24 AM,1.653194,3.53589,4.16305,4.495046
7:30:24 AM,1.653219,3.53589,4.163073,4.495029
7:30:24 AM,1.653219,3.535864,4.163075,4.495065
7:30:24 AM,1.653219,3.53589,4.163097,4.495065
7:30:24 AM,1.653219,3.535859,4.16305,4.495029
7:30:24 AM,1.653244,3.53589,4.163097,4.495046
7:30:24 AM,1.653194,3.53589,4.16305,4.495065
7:30:24 AM,1.653244,3.53589,4.163073,4.495029
7:30:24 AM,1.653219,3.53589,4.163073,4.495065
7:30:24 AM,1.653219,3.53589,4.163075,4.495046
7:30:24 AM,1.653219,3.53589,4.163073,4.495065
7:30:24 AM,1.653194,3.53589,4.163075,4.495046
7:30:24 AM,1.653194,3.53589,4.163097,4.495046
7:30:24 AM,1.653219,3.535864,4.163075,4.495046
7:30:24 AM,1.653219,3.535864,4.16305,4.495046
7:30:24 AM,1.653219,3.535864,4.163073,4.495065
7:30:24 AM,1.653219,3.535864,4.16305,4.495065
7:30:24 AM,1.653194,3.535864,4.163097,4.495046
7:30:24 AM,1.653219,3.535864,4.163097,4.495046
7:30:24 AM,1.653219,3.535859,4.163073,4.495029
7:30:24 AM,1.653219,3.535864,4.163073,4.495046
7:30:24 AM,1.653219,3.53589,4.163073,4.495046
7:30:24 AM,1.653194,3.535829,4.163049,4.495046
7:30:24 AM,1.653194,3.535859,4.163073,4.495083
7:30:24 AM,1.653194,3.535859,4.163073,4.495083
7:30:24 AM,1.653219,3.535829,4.16305,4.495083
7:30:24 AM,1.653194,3.535859,4.163073,4.495083
7:30:24 AM,1.653194,3.535885,4.163026,4.495065
7:30:24 AM,1.653219,3.535855,4.163073,4.495046
7:30:24 AM,1.653194,3.535859,4.163049,4.495046
7:30:24 AM,1.653219,3.535859,4.163073,4.495065
7:30:24 AM,1.653219,3.535859,4.16305,4.495046
7:30:24 AM,1.653194,3.535829,4.163073,4.495063
7:30:24 AM,1.653194,3.535829,4.163049,4.495083
7:30:24 AM,1.653194,3.535859,4.163049,4.495046
7:30:24 AM,1.653219,3.535859,4.163073,4.495063
7:30:24 AM,1.653194,3.535855,4.16305,4.495083
7:30:24 AM,1.653244,3.535855,4.163073,4.495083
7:30:24 AM,1.653219,3.535829,4.163073,4.495083
7:30:24 AM,1.653194,3.535829,4.16305,4.495046
7:30:24 AM,1.653194,3.535859,4.163073,4.495063
7:30:24 AM,1.653219,3.535885,4.163049,4.495063
7:30:24 AM,1.653244,3.535829,4.163073,4.495063
7:30:24 AM,1.653194,3.535829,4.163073,4.495063
7:30:24 AM,1.653194,3.535885,4.163073,4.495046
7:30:24 AM,1.653219,3.535859,4.16305,4.495063
7:30:24 AM,1.653219,3.535855,4.163073,4.495065
7:30:24 AM,1.653219,3.535829,4.163073,4.495063
7:30:24 AM,1.653219,3.535829,4.163073,4.495063
7:30:24 AM,1.653219,3.535829,4.163073,4.495063
7:30:24 AM,1.653219,3.535829,4.163073,4.495063
7:30:24 AM,1.653219,3.535829,4.163073,4.495063
7:30:24 AM,1.653219,3.535829,4.163073,4.495063
7:30:24 AM,1.653194,3.535885,4.163073,4.495063
7:30:24 AM,1.653194,3.535855,4.163073,4.495083
7:30:24 AM,1.653219,3.535885,4.163073,4.495063
7:30:24 AM,1.653244,3.535829,4.163073,4.495063
7:30:24 AM,1.653219,3.535885,4.163049,4.495063
7:30:24 AM,1.653219,3.535885,4.163026,4.495063
7:30:24 AM,1.653219,3.535859,4.163049,4.495083
7:30:24 AM,1.653194,3.535829,4.163073,4.495063
7:30:24 AM,1.653219,3.535829,4.163049,4.495046
7:30:24 AM,1.65322,3.535829,4.163049,4.495083
7:30:24 AM,1.653244,3.535885,4.163073,4.495083
7:30:24 AM,1.653219,3.535829,4.163049,4.495065
7:30:24 AM,1.65322,3.535855,4.163073,4.495083
7:30:24 AM,1.653219,3.535829,4.16305,4.495063
7:30:24 AM,1.653194,3.535859,4.163049,4.495083
7:30:24 AM,1.65322,3.535855,4.163073,4.495065
7:30:24 AM,1.653194,3.535829,4.163073,4.495063
7:30:24 AM,1.653244,3.535829,4.163073,4.495063
7:30:24 AM,1.653194,3.535855,4.163049,4.495063
7:30:24 AM,1.653219,3.535885,4.163073,4.495063
7:30:24 AM,1.653219,3.535829,4.163073,4.495063
7:30:24 AM,1.653194,3.535859,4.163073,4.495063
7:30:24 AM,1.653194,3.535859,4.163073,4.495083
7:30:24 AM,1.653219,3.535859,4.163049,4.495046
7:30:24 AM,1.653194,3.535859,4.163073,4.495046
7:30:24 AM,1.653219,3.535885,4.163073,4.495063
7:30:24 AM,1.653244,3.535885,4.163049,4.495083
7:30:24 AM,1.653219,3.535885,4.163073,4.495046
7:30:24 AM,1.653219,3.535859,4.163073,4.495063
7:30:24 AM,1.653194,3.535855,4.163073,4.495063
7:30:24 AM,1.653219,3.535829,4.163026,4.495046
7:30:24 AM,1.65322,3.535885,4.163049,4.495046
7:30:24 AM,1.653194,3.535885,4.163049,4.495063
7:30:24 AM,1.653244,3.535859,4.16305,4.495083
7:30:24 AM,1.653219,3.535855,4.163049,4.495083
7:30:24 AM,1.653219,3.535855,4.163026,4.495083
7:30:24 AM,1.653219,3.535829,4.163026,4.495065
7:30:24 AM,1.653219,3.535859,4.163073,4.495046
7:30:24 AM,1.653219,3.535859,4.163073,4.495063
7:30:24 AM,1.653194,3.535885,4.163073,4.495063
7:30:24 AM,1.65322,3.535859,4.163073,4.495046
7:30:24 AM,1.653219,3.535859,4.163073,4.495065
7:30:24 AM,1.653244,3.535829,4.163073,4.495063
7:30:24 AM,1.653219,3.535859,4.163073,4.495063
7:30:24 AM,1.653219,3.535829,4.163049,4.495063
7:30:24 AM,1.653194,3.535859,4.163049,4.495063
7:30:24 AM,1.653194,3.535885,4.163049,4.495063
7:30:24 AM,1.653194,3.535859,4.163026,4.495083
7:30:24 AM,1.653219,3.535829,4.163049,4.495063
7:30:24 AM,1.653194,3.535829,4.163049,4.495065
7:30:24 AM,1.653194,3.535829,4.163026,4.495065
7:30:24 AM,1.653219,3.535859,4.163073,4.495046
7:30:24 AM,1.653219,3.535885,4.163073,4.495046
7:30:24 AM,1.653169,3.535859,4.163073,4.495083
7:30:24 AM,1.653194,3.535829,4.16305,4.495063
7:30:24 AM,1.653194,3.535855,4.163049,4.495083
7:30:24 AM,1.653219,3.535829,4.163049,4.495046
7:30:24 AM,1.653194,3.535885,4.163073,4.495065
7:30:24 AM,1.653244,3.535829,4.163026,4.495046
7:30:24 AM,1.653194,3.535829,4.163073,4.495046
7:30:24 AM,1.653194,3.535859,4.163073,4.495046
7:30:24 AM,1.653219,3.535859,4.16305,4.495063
7:30:24 AM,1.653194,3.535829,4.163049,4.495083
7:30:24 AM,1.653194,3.535829,4.163073,4.495063
7:30:24 AM,1.653194,3.535885,4.163049,4.495063
7:30:24 AM,1.653194,3.535829,4.163049,4.495046
7:30:24 AM,1.653194,3.535829,4.163073,4.495063
7:30:24 AM,1.653194,3.535829,4.163073,4.495063
7:30:24 AM,1.653194,3.535829,4.163073,4.495063
7:30:25 AM,1.653219,3.535859,4.163119,4.495046
7:30:25 AM,1.653219,3.535885,4.163119,4.495063
7:30:25 AM,1.653219,3.535885,4.163119,4.495046
7:30:25 AM,1.653219,3.535885,4.163119,4.495046
7:30:25 AM,1.653219,3.535885,4.163119,4.495046
7:30:25 AM,1.653219,3.535885,4.163073,4.495046
7:30:25 AM,1.653219,3.535885,4.163073,4.495063
7:30:25 AM,1.653219,3.535859,4.163097,4.495046
7:30:25 AM,1.653219,3.535859,4.163073,4.495046
7:30:25 AM,1.653219,3.535859,4.163097,4.495046
7:30:25 AM,1.653219,3.535859,4.163097,4.495046
7:30:25 AM,1.653219,3.535859,4.163073,4.495063
7:30:25 AM,1.653219,3.535859,4.163073,4.495063
7:30:25 AM,1.653219,3.535859,4.163073,4.495063
7:30:25 AM,1.653219,3.535859,4.163097,4.495063
7:30:25 AM,1.653219,3.535859,4.163073,4.495063
7:30:25 AM,1.653244,3.535859,4.163073,4.495063
7:30:25 AM,1.653244,3.535859,4.163073,4.495063
7:30:25 AM,1.653244,3.535859,4.163073,4.495063
7:30:25 AM,1.653244,3.535859,4.163073,4.495063
7:30:25 AM,1.653244,3.535885,4.163073,4.495063
7:30:25 AM,1.653219,3.535885,4.163119,4.495046
7:30:25 AM,1.653219,3.535885,4.163073,4.495063
7:30:25 AM,1.653219,3.535859,4.163119,4.495046
7:30:25 AM,1.653219,3.535859,4.163119,4.495046
7:30:25 AM,1.653219,3.53589,4.163073,4.495046
7:30:25 AM,1.653219,3.53589,4.16305,4.495046
7:30:25 AM,1.653219,3.53589,4.163073,4.495046
7:30:25 AM,1.653219,3.53589,4.163073,4.495046
7:30:25 AM,1.653219,3.53589,4.163073,4.495046
7:30:25 AM,1.653219,3.53589,4.163073,4.495046
7:30:25 AM,1.653219,3.53589,4.163073,4.495046
7:30:25 AM,1.653219,3.53589,4.163073,4.495046
7:30:25 AM,1.653219,3.53589,4.163073,4.495046
7:30:25 AM,1.653219,3.53589,4.163073,4.495046
7:30:25 AM,1.653219,3.535916,4.163073,4.495046
7:30:25 AM,1.653219,3.53589,4.163073,4.495046
7:30:25 AM,1.653219,3.53589,4.163073,4.495046
7:30:25 AM,1.653219,3.53589,4.163073,4.495046
7:30:25 AM,1.653219,3.53589,4.163073,4.495046
7:30:25 AM,1.653219,3.535859,4.163073,4.495046
7:30:25 AM,1.653219,3.535859,4.163073,4.495046
7:30:25 AM,1.653219,3.535859,4.163097,4.495046
7:30:25 AM,1.653219,3.535859,4.163097,4.495046
7:30:25 AM,1.653219,3.535859,4.163097,4.495046
7:30:25 AM,1.653219,3.535859,4.163119,4.495046
7:30:25 AM,1.653219,3.535859,4.163119,4.495046
7:30:25 AM,1.653244,3.535859,4.163095,4.495046
7:30:25 AM,1.653244,3.535885,4.163095,4.495046
7:30:25 AM,1.653244,3.535885,4.163095,4.495063
7:30:25 AM,1.653219,3.535885,4.163095,4.495063
7:30:25 AM,1.653219,3.535859,4.163095,4.495046
7:30:25 AM,1.653219,3.535885,4.163095,4.495046
7:30:25 AM,1.653219,3.535859,4.163095,4.495046
7:30:25 AM,1.653219,3.535859,4.163095,4.495046
7:30:25 AM,1.653219,3.535859,4.163073,4.495046
7:30:25 AM,1.653219,3.535859,4.163073,4.495046
7:30:25 AM,1.653219,3.535885,4.163073,4.495046
7:30:25 AM,1.653219,3.535885,4.163073,4.495046
7:30:25 AM,1.653219,3.535885,4.163095,4.495046
7:30:25 AM,1.653219,3.535859,4.163073,4.495046
7:30:25 AM,1.653219,3.535859,4.163073,4.495046
7:30:25 AM,1.653219,3.535859,4.163073,4.495046
7:30:25 AM,1.653219,3.535859,4.163073,4.495046
7:30:25 AM,1.653219,3.535859,4.163073,4.495046
7:30:25 AM,1.653219,3.535859,4.163073,4.495046
7:30:25 AM,1.653219,3.535829,4.163073,4.495063
7:30:25 AM,1.653219,3.535859,4.163073,4.495063
7:30:25 AM,1.653219,3.535829,4.163073,4.495063
7:30:25 AM,1.653219,3.535829,4.163073,4.495063
7:30:25 AM,1.653194,3.535829,4.163073,4.495063
7:30:25 AM,1.653219,3.535885,4.163095,4.495063
7:30:25 AM,1.653219,3.535885,4.163095,4.495046
7:30:25 AM,1.653219,3.535885,4.163095,4.495046
7:30:25 AM,1.653219,3.535885,4.163095,4.495046
7:30:25 AM,1.653219,3.535859,4.163095,4.495046
7:30:25 AM,1.653219,3.535859,4.163095,4.495046
7:30:25 AM,1.653219,3.535859,4.163095,4.495046
7:30:25 AM,1.653219,3.535859,4.163095,4.495046
7:30:25 AM,1.653219,3.535859,4.163095,4.495046
7:30:25 AM,1.653219,3.535885,4.163095,4.495046
7:30:25 AM,1.653219,3.535859,4.163095,4.495046
7:30:25 AM,1.653219,3.535885,4.163095,4.495046
7:30:25 AM,1.653219,3.535885,4.163095,4.495046
7:30:25 AM,1.653219,3.535885,4.163095,4.495046
7:30:25 AM,1.653194,3.535859,4.16305,4.495063
7:30:25 AM,1.653219,3.535885,4.163095,4.495046
7:30:25 AM,1.653219,3.535885,4.163095,4.495046
7:30:25 AM,1.653219,3.535885,4.163095,4.495046
7:30:25 AM,1.653219,3.535885,4.163095,4.495046
7:30:25 AM,1.653219,3.535885,4.163095,4.495046
7:30:25 AM,1.653219,3.535885,4.163095,4.495046
7:30:25 AM,1.653219,3.535885,4.163095,4.495046
7:30:25 AM,1.653219,3.535885,4.163095,4.495046
7:30:25 AM,1.653219,3.535885,4.163095,4.495046
7:30:25 AM,1.653219,3.535885,4.163095,4.495046
7:30:25 AM,1.653219,3.535885,4.163095,4.495046
7:30:25 AM,1.653219,3.535885,4.163095,4.495046
7:30:25 AM,1.653219,3.53589,4.163073,4.495046
7:30:25 AM,1.653244,3.535859,4.16305,4.495046
7:30:25 AM,1.653219,3.535829,4.163073,4.495046
7:30:25 AM,1.653244,3.535829,4.163073,4.495046
7:30:25 AM,1.653269,3.535833,4.163073,4.495026
7:30:25 AM,1.653244,3.535802,4.163073,4.495046
7:30:25 AM,1.653244,3.535833,4.16305,4.495046
7:30:25 AM,1.653269,3.535859,4.163073,4.495029
7:30:25 AM,1.653219,3.535829,4.16305,4.495046
7:30:25 AM,1.653269,3.535829,4.163073,4.495046
7:30:25 AM,1.653219,3.535829,4.163073,4.495046
7:30:25 AM,1.653269,3.535829,4.163097,4.495046
7:30:25 AM,1.653269,3.535859,4.163075,4.495029
7:30:25 AM,1.653269,3.535802,4.163073,4.495046
7:30:25 AM,1.653269,3.535833,4.163073,4.495026
7:30:25 AM,1.653219,3.535859,4.16305,4.495026
7:30:25 AM,1.653269,3.535859,4.163073,4.495046
7:30:25 AM,1.653269,3.535859,4.163073,4.495026
7:30:25 AM,1.653269,3.535829,4.163097,4.495026
7:30:25 AM,1.653269,3.535829,4.163075,4.495026
7:30:25 AM,1.653219,3.535833,4.163073,4.495046
7:30:25 AM,1.653269,3.535859,4.163073,4.495026
7:30:25 AM,1.653269,3.535829,4.163073,4.495029
7:30:25 AM,1.653244,3.535833,4.163073,4.495046
7:30:25 AM,1.653244,3.535833,4.163073,4.495046
7:30:25 AM,1.653244,3.535829,4.163073,4.495026
7:30:25 AM,1.653269,3.535859,4.16305,4.495046
7:30:25 AM,1.653244,3.535833,4.163073,4.495029
7:30:25 AM,1.653244,3.535859,4.163073,4.495046
7:30:25 AM,1.653244,3.535859,4.163073,4.495046
7:30:25 AM,1.653269,3.535859,4.163073,4.495046
7:30:25 AM,1.653244,3.535859,4.163073,4.495046
7:30:25 AM,1.653244,3.535859,4.163073,4.495046
7:30:25 AM,1.653244,3.535859,4.163073,4.495046
7:30:25 AM,1.653244,3.535859,4.163073,4.495046
7:30:25 AM,1.653244,3.535829,4.163073,4.495046
7:30:25 AM,1.653269,3.535829,4.163073,4.495046
7:30:25 AM,1.653244,3.535829,4.163073,4.495026
7:30:25 AM,1.653244,3.535859,4.163073,4.495026
7:30:25 AM,1.653244,3.535833,4.163073,4.495046
7:30:25 AM,1.653269,3.535802,4.163073,4.495046
7:30:25 AM,1.653244,3.535829,4.163073,4.495046
7:30:25 AM,1.653244,3.535859,4.163097,4.495029
7:30:25 AM,1.653244,3.535833,4.163073,4.495029
7:30:25 AM,1.653269,3.535802,4.16305,4.495029
7:30:25 AM,1.653269,3.535833,4.163097,4.495046
7:30:25 AM,1.653244,3.535829,4.163073,4.495026
7:30:25 AM,1.653244,3.535859,4.163073,4.495009
7:30:25 AM,1.653269,3.535802,4.16305,4.495046
7:30:25 AM,1.653244,3.535833,4.16305,4.495029
7:30:25 AM,1.653244,3.535859,4.163073,4.495046
7:30:25 AM,1.653269,3.535802,4.163073,4.495046
7:30:25 AM,1.653244,3.535833,4.16305,4.495046
7:30:25 AM,1.653219,3.535833,4.163073,4.495046
7:30:25 AM,1.653244,3.535859,4.163073,4.495046
7:30:25 AM,1.653269,3.535859,4.163073,4.495029
7:30:25 AM,1.653269,3.535833,4.163075,4.495009
7:30:25 AM,1.653269,3.535833,4.163073,4.495026
7:30:25 AM,1.653244,3.535829,4.163097,4.495029
7:30:25 AM,1.653244,3.535833,4.163097,4.495046
7:30:25 AM,1.653244,3.535859,4.163073,4.495029
7:30:25 AM,1.653269,3.535859,4.163073,4.495046
7:30:25 AM,1.653219,3.535802,4.163073,4.495046
7:30:25 AM,1.653244,3.535859,4.163073,4.495046
7:30:25 AM,1.653269,3.535859,4.163073,4.495009
7:30:25 AM,1.653244,3.535833,4.163097,4.495046
7:30:25 AM,1.653269,3.535833,4.163075,4.495046
7:30:25 AM,1.653269,3.535859,4.163073,4.495026
7:30:25 AM,1.653244,3.535829,4.163073,4.495026
7:30:25 AM,1.653219,3.535833,4.163097,4.495046
7:30:25 AM,1.653244,3.535859,4.163073,4.495046
7:30:25 AM,1.653244,3.535829,4.163073,4.495026
7:30:25 AM,1.653269,3.535859,4.163073,4.495029
7:30:25 AM,1.653244,3.535859,4.16305,4.495046
7:30:25 AM,1.653244,3.535802,4.163073,4.495046
7:30:25 AM,1.653269,3.535859,4.16305,4.495046
7:30:25 AM,1.653269,3.535833,4.163073,4.495046
7:30:25 AM,1.653244,3.535859,4.163097,4.495029
7:30:25 AM,1.653244,3.535833,4.163073,4.495046
7:30:25 AM,1.653269,3.535802,4.163097,4.495046
7:30:25 AM,1.653244,3.535802,4.163097,4.495046
7:30:25 AM,1.653269,3.535833,4.163073,4.495029
7:30:25 AM,1.653244,3.535829,4.163073,4.495026
7:30:25 AM,1.653244,3.535859,4.163073,4.495046
7:30:25 AM,1.653244,3.535802,4.16305,4.495029
7:30:25 AM,1.653269,3.535829,4.163073,4.495046
7:30:25 AM,1.653269,3.535802,4.163097,4.495009
7:30:25 AM,1.653244,3.535829,4.163073,4.495026
7:30:25 AM,1.653269,3.535833,4.163097,4.495026
7:30:25 AM,1.653244,3.535859,4.163073,4.495046
7:30:25 AM,1.653244,3.535833,4.16305,4.495029
7:30:25 AM,1.653219,3.535833,4.16305,4.495046
7:30:25 AM,1.653269,3.535833,4.163073,4.495046
7:30:25 AM,1.653219,3.535829,4.163073,4.495046
7:30:25 AM,1.653269,3.535802,4.16305,4.495046
7:30:25 AM,1.653269,3.535833,4.163073,4.495046
7:30:25 AM,1.653219,3.535802,4.16305,4.495026
7:30:25 AM,1.653244,3.535859,4.163073,4.495026
7:30:25 AM,1.653269,3.535802,4.163097,4.495029
7:30:25 AM,1.653244,3.535859,4.163073,4.495046
7:30:25 AM,1.653244,3.535859,4.163073,4.495046
7:30:25 AM,1.653244,3.535833,4.163073,4.495026
7:30:26 AM,1.653244,3.535859,4.16305,4.495046
7:30:26 AM,1.653194,3.535859,4.16305,4.495046
7:30:26 AM,1.653194,3.535859,4.16305,4.495046
7:30:26 AM,1.653194,3.535859,4.16305,4.495046
7:30:26 AM,1.653194,3.535859,4.16305,4.495046
7:30:26 AM,1.653219,3.535859,4.163026,4.495046
7:30:26 AM,1.653219,3.535859,4.163026,4.495046
7:30:26 AM,1.653219,3.535859,4.163026,4.495046
7:30:26 AM,1.653194,3.535859,4.163026,4.495046
7:30:26 AM,1.653194,3.535859,4.163026,4.495046
7:30:26 AM,1.653194,3.535859,4.163026,4.495046
7:30:26 AM,1.653219,3.535859,4.163026,4.495046
7:30:26 AM,1.653219,3.535859,4.163026,4.495046
7:30:26 AM,1.653219,3.535833,4.163026,4.495046
7:30:26 AM,1.653219,3.535833,4.163026,4.495046
7:30:26 AM,1.653219,3.535833,4.16305,4.495046
7:30:26 AM,1.653219,3.535833,4.16305,4.495046
7:30:26 AM,1.653219,3.535833,4.16305,4.495046
7:30:26 AM,1.653219,3.535833,4.16305,4.495046
7:30:26 AM,1.653219,3.535833,4.16305,4.495046
7:30:26 AM,1.653219,3.535833,4.16305,4.495046
7:30:26 AM,1.653219,3.535833,4.163028,4.495046
7:30:26 AM,1.653194,3.535859,4.16305,4.495046
7:30:26 AM,1.653219,3.535859,4.16305,4.495046
7:30:26 AM,1.653219,3.535859,4.163026,4.495046
7:30:26 AM,1.653219,3.535859,4.16305,4.495046
7:30:26 AM,1.653244,3.535859,4.163073,4.495046
7:30:26 AM,1.653219,3.535829,4.163073,4.495063
7:30:26 AM,1.653194,3.535829,4.163073,4.495063
7:30:26 AM,1.653194,3.535829,4.163073,4.495063
7:30:26 AM,1.653194,3.535829,4.16305,4.495063
7:30:26 AM,1.653194,3.535859,4.16305,4.495063
7:30:26 AM,1.653219,3.535859,4.16305,4.495063
7:30:26 AM,1.653219,3.535859,4.16305,4.495046
7:30:26 AM,1.653194,3.535859,4.16305,4.495046
7:30:26 AM,1.653194,3.535859,4.163026,4.495046
7:30:26 AM,1.653219,3.535833,4.163028,4.495046
7:30:26 AM,1.653194,3.535859,4.163026,4.495046
7:30:26 AM,1.653194,3.535859,4.163026,4.495046
7:30:26 AM,1.653194,3.535859,4.163026,4.495046
7:30:26 AM,1.653194,3.535859,4.163026,4.495046
7:30:26 AM,1.653194,3.535859,4.163026,4.495046
7:30:26 AM,1.653194,3.535859,4.163026,4.495046
7:30:26 AM,1.653219,3.535859,4.16305,4.495046
7:30:26 AM,1.653219,3.535859,4.163026,4.495046
7:30:26 AM,1.653219,3.535859,4.163026,4.495046
7:30:26 AM,1.653219,3.535859,4.163026,4.495046
7:30:26 AM,1.653219,3.535859,4.163026,4.495046
7:30:26 AM,1.653194,3.535859,4.163026,4.495046
7:30:26 AM,1.653219,3.535833,4.163028,4.495046
7:30:26 AM,1.653219,3.535829,4.163073,4.495063
7:30:26 AM,1.653244,3.535859,4.16305,4.495046
7:30:26 AM,1.653244,3.535859,4.16305,4.495046
7:30:26 AM,1.653269,3.535859,4.16305,4.495046
7:30:26 AM,1.653269,3.535859,4.16305,4.495046
7:30:26 AM,1.653269,3.535859,4.16305,4.495046
7:30:26 AM,1.653269,3.535859,4.16305,4.495046
7:30:26 AM,1.653269,3.535859,4.16305,4.495046
7:30:26 AM,1.653269,3.535859,4.163073,4.495046
7:30:26 AM,1.653269,3.535859,4.163073,4.495046
7:30:26 AM,1.653219,3.535833,4.16305,4.495046
7:30:26 AM,1.653269,3.535859,4.16305,4.495046
7:30:26 AM,1.653269,3.535859,4.16305,4.495046
7:30:26 AM,1.653269,3.535859,4.16305,4.495046
7:30:26 AM,1.653269,3.535859,4.163073,4.495046
7:30:26 AM,1.653269,3.535829,4.163073,4.495046
7:30:26 AM,1.653269,3.535829,4.163073,4.495046
7:30:26 AM,1.653269,3.535829,4.163073,4.495046
7:30:26 AM,1.653269,3.535859,4.163073,4.495046
7:30:26 AM,1.653269,3.535829,4.16305,4.495046
7:30:26 AM,1.653244,3.535859,4.16305,4.495046
7:30:26 AM,1.653244,3.535859,4.163073,4.495046
7:30:26 AM,1.653244,3.535859,4.16305,4.495046
7:30:26 AM,1.653244,3.535859,4.16305,4.495046
7:30:26 AM,1.653244,3.535859,4.16305,4.495046
7:30:26 AM,1.653269,3.535859,4.16305,4.495046
7:30:26 AM,1.653244,3.535859,4.16305,4.495046
7:30:26 AM,1.653219,3.535833,4.16305,4.495046
7:30:26 AM,1.653219,3.535859,4.16305,4.495046
7:30:26 AM,1.653219,3.535833,4.16305,4.495063
7:30:26 AM,1.653219,3.535859,4.16305,4.495046
7:30:26 AM,1.653219,3.535859,4.16305,4.495046
7:30:26 AM,1.653219,3.535859,4.16305,4.495046
7:30:26 AM,1.653244,3.535859,4.16305,4.495046
7:30:26 AM,1.653219,3.535833,4.16305,4.495046
7:30:26 AM,1.653244,3.535833,4.16305,4.495063
7:30:26 AM,1.653219,3.535833,4.16305,4.495046
7:30:26 AM,1.653219,3.535833,4.16305,4.495046
7:30:26 AM,1.653219,3.535859,4.16305,4.495046
7:30:26 AM,1.653219,3.535833,4.16305,4.495046
7:30:26 AM,1.653219,3.535833,4.16305,4.495046
7:30:26 AM,1.653244,3.535859,4.16305,4.495046
7:30:26 AM,1.653244,3.535859,4.16305,4.495046
7:30:26 AM,1.653244,3.535859,4.16305,4.495046
7:30:26 AM,1.653244,3.535859,4.16305,4.495046
7:30:26 AM,1.653244,3.535859,4.16305,4.495046
7:30:26 AM,1.653244,3.535833,4.16305,4.495046
7:30:26 AM,1.653244,3.535833,4.16305,4.495046
7:30:26 AM,1.653244,3.535859,4.16305,4.495046
7:30:26 AM,1.653219,3.535829,4.163073,4.495046
7:30:26 AM,1.653244,3.535829,4.163073,4.495046
7:30:26 AM,1.653244,3.535829,4.16305,4.495046
7:30:26 AM,1.653219,3.535829,4.163073,4.495046
7:30:26 AM,1.653219,3.535829,4.163073,4.495046
7:30:26 AM,1.653219,3.535829,4.163073,4.495046
7:30:26 AM,1.653219,3.535829,4.163073,4.495046
7:30:26 AM,1.653219,3.535829,4.163073,4.495046
7:30:26 AM,1.653219,3.535829,4.163073,4.495046
7:30:26 AM,1.653244,3.535829,4.163073,4.495046
7:30:26 AM,1.653219,3.535859,4.163097,4.495046
7:30:26 AM,1.653244,3.535829,4.163073,4.495046
7:30:26 AM,1.653219,3.535829,4.16305,4.495046
7:30:26 AM,1.653219,3.535829,4.163073,4.495046
7:30:26 AM,1.653244,3.535829,4.163073,4.495046
7:30:26 AM,1.653244,3.535829,4.163073,4.495046
7:30:26 AM,1.653244,3.535829,4.163073,4.495046
7:30:26 AM,1.653244,3.535829,4.163073,4.495046
7:30:26 AM,1.653244,3.535859,4.163073,4.495046
7:30:26 AM,1.653244,3.535859,4.163073,4.495046
7:30:26 AM,1.653244,3.535859,4.163073,4.495046
7:30:26 AM,1.653244,3.535829,4.163073,4.495046
7:30:26 AM,1.653244,3.535829,4.163073,4.495046
7:30:26 AM,1.653244,3.535859,4.163097,4.495046
7:30:26 AM,1.653244,3.535829,4.16305,4.495046
7:30:26 AM,1.653244,3.535859,4.163073,4.495046
7:30:26 AM,1.653244,3.535859,4.163097,4.495046
7:30:26 AM,1.653244,3.535859,4.163097,4.495046
7:30:26 AM,1.653244,3.535859,4.163097,4.495046
7:30:26 AM,1.653244,3.535859,4.163073,4.495046
7:30:26 AM,1.653244,3.535859,4.163097,4.495046
7:30:26 AM,1.653244,3.535829,4.163097,4.495046
7:30:26 AM,1.653244,3.535829,4.163097,4.495046
7:30:26 AM,1.653244,3.535829,4.163097,4.495046
7:30:26 AM,1.653244,3.535829,4.163097,4.495046
7:30:26 AM,1.653244,3.535829,4.16305,4.495046
7:30:26 AM,1.653244,3.535829,4.163097,4.495046
7:30:26 AM,1.653244,3.535829,4.163073,4.495046
7:30:26 AM,1.653219,3.535829,4.163073,4.495046
7:30:26 AM,1.653219,3.535829,4.163073,4.495046
7:30:26 AM,1.653244,3.535829,4.163073,4.495046
7:30:26 AM,1.653244,3.535829,4.16305,4.495046
7:30:26 AM,1.653219,3.535829,4.16305,4.495046
7:30:26 AM,1.653244,3.535829,4.16305,4.495046
7:30:26 AM,1.653219,3.535829,4.16305,4.495046
7:30:26 AM,1.653219,3.535829,4.16305,4.495046
7:30:26 AM,1.653219,3.535829,4.16305,4.495046
7:30:26 AM,1.653244,3.535829,4.163097,4.495046
7:30:26 AM,1.653244,3.535859,4.163073,4.495046
7:30:26 AM,1.653244,3.535829,4.163073,4.495046
7:30:26 AM,1.653244,3.535859,4.163073,4.495046
7:30:26 AM,1.653244,3.535859,4.163073,4.495046
7:30:26 AM,1.653244,3.535859,4.163073,4.495046
7:30:26 AM,1.653244,3.535859,4.163073,4.495046
7:30:26 AM,1.653244,3.535859,4.163073,4.495046
7:30:26 AM,1.653244,3.535859,4.163073,4.495046
7:30:26 AM,1.653244,3.535833,4.163073,4.495046
7:30:26 AM,1.653244,3.535802,4.163073,4.495046
7:30:26 AM,1.653244,3.535802,4.163073,4.495046
7:30:26 AM,1.653244,3.535802,4.163073,4.495046
7:30:26 AM,1.653244,3.535833,4.163095,4.495046
7:30:26 AM,1.653244,3.535833,4.163095,4.495046
7:30:26 AM,1.653244,3.535833,4.163095,4.495046
7:30:26 AM,1.653244,3.535833,4.163073,4.495046
7:30:26 AM,1.653244,3.535833,4.163073,4.495046
7:30:26 AM,1.653244,3.535833,4.163073,4.495046
7:30:26 AM,1.653244,3.535833,4.163073,4.495046
7:30:26 AM,1.653244,3.535802,4.163073,4.495046
7:30:26 AM,1.653244,3.535833,4.163073,4.495046
7:30:26 AM,1.653269,3.535859,4.163073,4.495046
7:30:26 AM,1.653269,3.535833,4.163073,4.495046
7:30:26 AM,1.653244,3.535859,4.163073,4.495046
7:30:26 AM,1.653244,3.535859,4.163073,4.495046
7:30:26 AM,1.653244,3.535859,4.163073,4.495046
7:30:26 AM,1.653244,3.535859,4.163073,4.495046
7:30:26 AM,1.653244,3.535829,4.163073,4.495046
7:30:26 AM,1.653244,3.535859,4.163073,4.495046
7:30:26 AM,1.653244,3.535859,4.163073,4.495046
7:30:26 AM,1.653244,3.535859,4.163073,4.495046
7:30:26 AM,1.653244,3.535859,4.163073,4.495046
7:30:26 AM,1.653244,3.535859,4.163073,4.495046
7:30:26 AM,1.653244,3.535859,4.163073,4.495046
7:30:26 AM,1.653244,3.535859,4.163073,4.495046
7:30:26 AM,1.653244,3.535859,4.163073,4.495046
7:30:26 AM,1.653244,3.535859,4.163073,4.495046
7:30:26 AM,1.653244,3.535859,4.163073,4.495046
7:30:26 AM,1.653244,3.535859,4.163073,4.495046
7:30:26 AM,1.653244,3.535859,4.163073,4.495046
7:30:26 AM,1.653244,3.535829,4.163073,4.495046
7:30:26 AM,1.653244,3.535829,4.163073,4.495046
7:30:26 AM,1.653244,3.535829,4.163073,4.495046
7:30:26 AM,1.653244,3.535829,4.163073,4.495046
7:30:26 AM,1.653244,3.535829,4.163073,4.495046
7:30:26 AM,1.653244,3.535829,4.163073,4.495046
7:30:26 AM,1.653244,3.535829,4.163073,4.495046
7:30:26 AM,1.653244,3.535829,4.163073,4.495046
7:30:26 AM,1.653244,3.535829,4.163073,4.495046
7:30:26 AM,1.653244,3.535859,4.163073,4.495046
7:30:26 AM,1.653219,3.535859,4.163073,4.495046
7:30:26 AM,1.653219,3.535829,4.163073,4.495046
7:30:27 AM,1.653244,3.535855,4.163075,4.495046
7:30:27 AM,1.653244,3.535885,4.163097,4.495046
7:30:27 AM,1.653244,3.535855,4.163097,4.495063
7:30:27 AM,1.653219,3.535855,4.163097,4.495083
7:30:27 AM,1.653219,3.535859,4.163073,4.495046
7:30:27 AM,1.653244,3.535855,4.163073,4.495046
7:30:27 AM,1.653244,3.535855,4.163073,4.495063
7:30:27 AM,1.653219,3.535829,4.163073,4.495083
7:30:27 AM,1.653244,3.535829,4.163073,4.495083
7:30:27 AM,1.653219,3.535885,4.163075,4.495083
7:30:27 AM,1.653244,3.535855,4.163073,4.495083
7:30:27 AM,1.653244,3.535885,4.163097,4.495063
7:30:27 AM,1.653244,3.535829,4.163073,4.495083
7:30:27 AM,1.653219,3.535885,4.163073,4.495046
7:30:27 AM,1.653244,3.535855,4.163073,4.495046
7:30:27 AM,1.653269,3.535885,4.16305,4.495063
7:30:27 AM,1.653244,3.535829,4.16305,4.495083
7:30:27 AM,1.653244,3.535855,4.163075,4.495063
7:30:27 AM,1.653219,3.535829,4.163097,4.495083
7:30:27 AM,1.653244,3.535859,4.163073,4.495046
7:30:27 AM,1.653219,3.535855,4.163073,4.495065
7:30:27 AM,1.653244,3.535859,4.163073,4.495046
7:30:27 AM,1.653219,3.535859,4.163097,4.495083
7:30:27 AM,1.653219,3.535885,4.163075,4.495063
7:30:27 AM,1.653269,3.535855,4.163073,4.495046
7:30:27 AM,1.653219,3.535829,4.16305,4.495046
7:30:27 AM,1.653269,3.535829,4.163097,4.495063
7:30:27 AM,1.653219,3.535829,4.163073,4.495046
7:30:27 AM,1.653244,3.535885,4.163073,4.495046
7:30:27 AM,1.653244,3.535855,4.163097,4.495065
7:30:27 AM,1.653219,3.535859,4.163073,4.495065
7:30:27 AM,1.653269,3.535855,4.163073,4.495065
7:30:27 AM,1.653244,3.535885,4.163097,4.495065
7:30:27 AM,1.653219,3.535859,4.163075,4.495063
7:30:27 AM,1.653244,3.535829,4.163075,4.495065
7:30:27 AM,1.653244,3.535859,4.163075,4.495063
7:30:27 AM,1.653269,3.535885,4.163097,4.495065
7:30:27 AM,1.653244,3.535855,4.163073,4.495046
7:30:27 AM,1.653244,3.535855,4.163073,4.495046
7:30:27 AM,1.653269,3.535859,4.163073,4.495083
7:30:27 AM,1.653244,3.535885,4.16305,4.495083
7:30:27 AM,1.653219,3.535885,4.163075,4.495065
7:30:27 AM,1.653219,3.535885,4.163073,4.495065
7:30:27 AM,1.653244,3.535829,4.163097,4.495046
7:30:27 AM,1.653219,3.535855,4.16305,4.495046
7:30:27 AM,1.653219,3.535829,4.163097,4.495046
7:30:27 AM,1.653269,3.535885,4.163073,4.495046
7:30:27 AM,1.653244,3.535829,4.16305,4.495065
7:30:27 AM,1.653269,3.535829,4.16305,4.495063
7:30:27 AM,1.653219,3.535855,4.163073,4.495063
7:30:27 AM,1.653269,3.535829,4.163073,4.495063
7:30:27 AM,1.653219,3.535829,4.163097,4.495065
7:30:27 AM,1.653219,3.535855,4.16305,4.495065
7:30:27 AM,1.653219,3.535829,4.163073,4.495063
7:30:27 AM,1.653244,3.535855,4.163097,4.495065
7:30:27 AM,1.653244,3.535855,4.163075,4.495046
7:30:27 AM,1.653244,3.535855,4.163075,4.495046
7:30:27 AM,1.653244,3.535859,4.16305,4.495063
7:30:27 AM,1.653244,3.535855,4.16305,4.495046
7:30:27 AM,1.653244,3.535855,4.163075,4.495063
7:30:27 AM,1.653244,3.535829,4.16305,4.495046
7:30:27 AM,1.653244,3.535855,4.163075,4.495046
7:30:27 AM,1.653244,3.535859,4.163075,4.495063
7:30:27 AM,1.653219,3.535855,4.163073,4.495046
7:30:27 AM,1.653219,3.535855,4.163073,4.495046
7:30:27 AM,1.653219,3.535855,4.163073,4.495046
7:30:27 AM,1.653219,3.535855,4.163097,4.495046
7:30:27 AM,1.653219,3.535855,4.163097,4.495063
7:30:27 AM,1.653219,3.535829,4.163073,4.495063
7:30:27 AM,1.653219,3.535829,4.163073,4.495063
7:30:27 AM,1.653219,3.535829,4.163073,4.495063
7:30:27 AM,1.653219,3.535829,4.163073,4.495046
7:30:27 AM,1.653219,3.535829,4.163073,4.495046
7:30:27 AM,1.653244,3.535855,4.16305,4.495046
7:30:27 AM,1.653244,3.535885,4.163073,4.495063
7:30:27 AM,1.653219,3.535829,4.163073,4.495046
7:30:27 AM,1.653244,3.535859,4.163097,4.495046
7:30:27 AM,1.653219,3.535885,4.163097,4.495046
7:30:27 AM,1.653244,3.535829,4.16305,4.495046
7:30:27 AM,1.653244,3.535885,4.163097,4.495063
7:30:27 AM,1.653219,3.535855,4.16305,4.495046
7:30:27 AM,1.653244,3.535859,4.163097,4.495046
7:30:27 AM,1.653244,3.535885,4.163075,4.495046
7:30:27 AM,1.653219,3.535855,4.163073,4.495063
7:30:27 AM,1.653244,3.535855,4.163073,4.495046
7:30:27 AM,1.653269,3.535829,4.163097,4.495046
7:30:27 AM,1.653269,3.535885,4.163075,4.495063
7:30:27 AM,1.653244,3.535855,4.16305,4.495046
7:30:27 AM,1.653244,3.535855,4.163073,4.495083
7:30:27 AM,1.653244,3.535855,4.163075,4.495046
7:30:27 AM,1.653244,3.535859,4.163097,4.495063
7:30:27 AM,1.653244,3.535829,4.163073,4.495046
7:30:27 AM,1.653219,3.535855,4.163073,4.495046
7:30:27 AM,1.653219,3.535859,4.163073,4.495083
7:30:27 AM,1.653269,3.535855,4.163097,4.495065
7:30:27 AM,1.653219,3.535855,4.16305,4.495046
7:30:27 AM,1.653219,3.535855,4.163073,4.495065
7:30:27 AM,1.653244,3.535829,4.163075,4.495065
7:30:27 AM,1.653244,3.535829,4.163075,4.495083
7:30:27 AM,1.653219,3.535859,4.163097,4.495063
7:30:27 AM,1.653219,3.535829,4.163095,4.495046
7:30:27 AM,1.653219,3.535829,4.163095,4.495046
7:30:27 AM,1.653219,3.535829,4.163095,4.495046
7:30:27 AM,1.653219,3.535829,4.163095,4.495046
7:30:27 AM,1.653219,3.535829,4.163095,4.495046
7:30:27 AM,1.653219,3.535829,4.163095,4.495046
7:30:27 AM,1.653219,3.535829,4.163095,4.495046
7:30:27 AM,1.653219,3.535829,4.163095,4.495046
7:30:27 AM,1.653219,3.535829,4.163095,4.495046
7:30:27 AM,1.653219,3.535829,4.163095,4.495046
7:30:27 AM,1.653244,3.535829,4.163095,4.495046
7:30:27 AM,1.653219,3.535829,4.163095,4.495046
7:30:27 AM,1.653219,3.535829,4.163095,4.495046
7:30:27 AM,1.653219,3.535829,4.163095,4.495046
7:30:27 AM,1.653219,3.535829,4.163095,4.495046
7:30:27 AM,1.653219,3.535829,4.163095,4.495046
7:30:27 AM,1.653219,3.535829,4.163095,4.495046
7:30:27 AM,1.653219,3.535829,4.163095,4.495046
7:30:27 AM,1.653219,3.535829,4.163095,4.495046
7:30:27 AM,1.653244,3.535829,4.163095,4.495046
7:30:27 AM,1.653219,3.535829,4.163095,4.495046
7:30:27 AM,1.653219,3.535829,4.163095,4.495046
7:30:27 AM,1.653219,3.535829,4.163095,4.495046
7:30:27 AM,1.653219,3.535829,4.163095,4.495029
7:30:27 AM,1.653219,3.535829,4.163095,4.495046
7:30:27 AM,1.653244,3.535829,4.163095,4.495046
7:30:27 AM,1.653244,3.535829,4.163118,4.495029
7:30:27 AM,1.653244,3.535829,4.163118,4.495029
7:30:27 AM,1.653219,3.535829,4.163118,4.495029
7:30:27 AM,1.653219,3.535829,4.163118,4.495029
7:30:27 AM,1.653244,3.535829,4.163118,4.495029
7:30:27 AM,1.653244,3.535829,4.163118,4.495029
7:30:27 AM,1.653244,3.535829,4.163118,4.495029
7:30:27 AM,1.653244,3.535829,4.163095,4.495029
7:30:27 AM,1.653244,3.535829,4.163095,4.495029
7:30:27 AM,1.653244,3.535829,4.163095,4.495029
7:30:27 AM,1.653219,3.535829,4.163095,4.495029
7:30:27 AM,1.653219,3.535829,4.163095,4.495046
7:30:27 AM,1.653219,3.535829,4.163095,4.495046
7:30:27 AM,1.653219,3.535829,4.163095,4.495046
7:30:27 AM,1.653219,3.535829,4.163095,4.495046
7:30:27 AM,1.653219,3.535829,4.163095,4.495046
7:30:27 AM,1.653219,3.535829,4.163095,4.495046
7:30:27 AM,1.653219,3.535829,4.163095,4.495046
7:30:27 AM,1.653219,3.535829,4.163095,4.495046
7:30:27 AM,1.653219,3.535829,4.163095,4.495046
7:30:27 AM,1.653219,3.535829,4.163095,4.495046
7:30:27 AM,1.653219,3.535829,4.163095,4.495065
7:30:27 AM,1.653219,3.535829,4.163097,4.495046
7:30:27 AM,1.653219,3.535829,4.163095,4.495065
7:30:27 AM,1.653219,3.535829,4.163073,4.495046
7:30:27 AM,1.653219,3.535829,4.163073,4.495046
7:30:27 AM,1.653219,3.535829,4.163073,4.495046
7:30:27 AM,1.653219,3.535829,4.163073,4.495046
7:30:27 AM,1.653219,3.535829,4.163073,4.495046
7:30:27 AM,1.653219,3.535829,4.163073,4.495046
7:30:27 AM,1.653219,3.535829,4.163073,4.495046
7:30:27 AM,1.653219,3.535829,4.163073,4.495046
7:30:27 AM,1.653219,3.535829,4.163073,4.495046
7:30:27 AM,1.653219,3.535829,4.163073,4.495065
7:30:27 AM,1.653219,3.535829,4.163073,4.495065
7:30:27 AM,1.653219,3.535829,4.163073,4.495046
7:30:27 AM,1.653219,3.535829,4.163073,4.495046
7:30:27 AM,1.653219,3.535829,4.163073,4.495046
7:30:27 AM,1.653219,3.535829,4.163073,4.495046
7:30:27 AM,1.653219,3.535829,4.163073,4.495046
7:30:27 AM,1.653219,3.535829,4.163073,4.495046
7:30:27 AM,1.653219,3.535829,4.163073,4.495046
7:30:27 AM,1.653219,3.535855,4.163073,4.495046
7:30:27 AM,1.653219,3.535855,4.163073,4.495046
7:30:27 AM,1.653219,3.535855,4.163073,4.495046
7:30:27 AM,1.653219,3.535829,4.163097,4.495046
7:30:27 AM,1.653219,3.535829,4.163095,4.495065
7:30:27 AM,1.653219,3.535829,4.163119,4.495046
7:30:27 AM,1.653219,3.535829,4.163095,4.495029
7:30:27 AM,1.653219,3.535829,4.163095,4.495065
7:30:27 AM,1.653219,3.535829,4.163095,4.495046
7:30:27 AM,1.653219,3.535829,4.163095,4.495046
7:30:27 AM,1.653219,3.535829,4.163095,4.495046
7:30:27 AM,1.653219,3.535829,4.163095,4.495046
7:30:27 AM,1.653219,3.535829,4.163095,4.495046
7:30:27 AM,1.653219,3.535829,4.163095,4.495046
7:30:27 AM,1.653219,3.535829,4.163095,4.495046
7:30:27 AM,1.653219,3.535829,4.163073,4.495046
7:30:27 AM,1.653219,3.535829,4.163073,4.495046
7:30:27 AM,1.653219,3.535829,4.163073,4.495046
7:30:27 AM,1.653219,3.535829,4.163073,4.495046
7:30:27 AM,1.653244,3.535829,4.163073,4.495046
7:30:27 AM,1.653219,3.535829,4.163073,4.495046
7:30:27 AM,1.653219,3.535829,4.163073,4.495046
7:30:27 AM,1.653219,3.535829,4.163097,4.495065
7:30:27 AM,1.653219,3.535829,4.163097,4.495046
7:30:27 AM,1.653219,3.535829,4.163097,4.495046
7:30:27 AM,1.653219,3.535829,4.163097,4.495065
7:30:27 AM,1.653219,3.535829,4.163097,4.495046
7:30:27 AM,1.653219,3.535829,4.163097,4.495046
7:30:27 AM,1.653219,3.535829,4.163097,4.495046
7:30:27 AM,1.653219,3.535855,4.163073,4.495046
7:30:27 AM,1.653244,3.535829,4.163095,4.495029
7:30:27 AM,1.653244,3.535829,4.163095,4.495029
7:30:27 AM,1.653269,3.535833,4.163118,4.495046
7:30:28 AM,1.653244,3.535829,4.163095,4.495009
7:30:28 AM,1.653269,3.535829,4.163095,4.495029
7:30:28 AM,1.653244,3.535798,4.163095,4.495026
7:30:28 AM,1.653269,3.535829,4.163118,4.495046
7:30:28 AM,1.653244,3.535829,4.163118,4.495029
7:30:28 AM,1.653269,3.535859,4.163095,4.495046
7:30:28 AM,1.653244,3.535829,4.163118,4.495046
7:30:28 AM,1.653244,3.535829,4.163118,4.495046
7:30:28 AM,1.653244,3.535829,4.163118,4.495029
7:30:28 AM,1.653219,3.535829,4.163118,4.495046
7:30:28 AM,1.653244,3.535829,4.163095,4.495029
7:30:28 AM,1.653269,3.535802,4.163093,4.495046
7:30:28 AM,1.653269,3.535829,4.163093,4.495046
7:30:28 AM,1.653269,3.535829,4.163093,4.495026
7:30:28 AM,1.653244,3.535802,4.163095,4.495046
7:30:28 AM,1.653269,3.535798,4.163118,4.495026
7:30:28 AM,1.653269,3.535772,4.163095,4.495046
7:30:28 AM,1.653244,3.535802,4.163071,4.495046
7:30:28 AM,1.653244,3.535859,4.163071,4.495029
7:30:28 AM,1.653269,3.535829,4.163095,4.495009
7:30:28 AM,1.653244,3.535798,4.163095,4.495046
7:30:28 AM,1.653269,3.535829,4.163093,4.495029
7:30:28 AM,1.653244,3.535829,4.163118,4.495026
7:30:28 AM,1.653219,3.535802,4.163095,4.495046
7:30:28 AM,1.653219,3.535855,4.163073,4.495046
7:30:28 AM,1.653269,3.535829,4.163118,4.495029
7:30:28 AM,1.653244,3.535802,4.163095,4.495029
7:30:28 AM,1.653244,3.535829,4.163095,4.495046
7:30:28 AM,1.653244,3.535829,4.163118,4.495046
7:30:28 AM,1.653244,3.535798,4.163093,4.495046
7:30:28 AM,1.653269,3.535772,4.163095,4.495046
7:30:28 AM,1.653244,3.535802,4.163093,4.495026
7:30:28 AM,1.653244,3.535802,4.163095,4.495029
7:30:28 AM,1.653269,3.535802,4.163118,4.495046
7:30:28 AM,1.653219,3.535829,4.163118,4.495046
7:30:28 AM,1.653244,3.535829,4.163071,4.495029
7:30:28 AM,1.653244,3.535829,4.163118,4.495046
7:30:28 AM,1.653244,3.535829,4.163095,4.495046
7:30:28 AM,1.653269,3.535829,4.163095,4.495046
7:30:28 AM,1.653269,3.535829,4.163118,4.495026
7:30:28 AM,1.653244,3.535829,4.163118,4.495046
7:30:28 AM,1.653269,3.535829,4.163095,4.495046
7:30:28 AM,1.653244,3.535802,4.163071,4.495046
7:30:28 AM,1.653219,3.535829,4.163118,4.495046
7:30:28 AM,1.653269,3.535829,4.163118,4.495046
7:30:28 AM,1.653219,3.535859,4.163095,4.495009
7:30:28 AM,1.653269,3.535829,4.163118,4.495026
7:30:28 AM,1.653244,3.535829,4.163095,4.495029
7:30:28 AM,1.653244,3.535829,4.163071,4.495029
7:30:28 AM,1.653269,3.535829,4.163093,4.495046
7:30:28 AM,1.653244,3.535802,4.163095,4.495046
7:30:28 AM,1.653269,3.535829,4.163118,4.495046
7:30:28 AM,1.653219,3.535802,4.163118,4.495046
7:30:28 AM,1.653269,3.535798,4.163093,4.495046
7:30:28 AM,1.653269,3.535833,4.163093,4.495046
7:30:28 AM,1.653219,3.535829,4.163095,4.495009
7:30:28 AM,1.653244,3.535859,4.163095,4.495026
7:30:28 AM,1.653244,3.535829,4.163095,4.495029
7:30:28 AM,1.653269,3.535829,4.163095,4.495046
7:30:28 AM,1.653244,3.535798,4.163118,4.495026
7:30:28 AM,1.653269,3.535802,4.163095,4.495026
7:30:28 AM,1.653244,3.535829,4.163095,4.495046
7:30:28 AM,1.653244,3.535829,4.163118,4.495046
7:30:28 AM,1.653244,3.535829,4.163095,4.495046
7:30:28 AM,1.653244,3.535829,4.163095,4.495046
7:30:28 AM,1.653244,3.535829,4.163095,4.495029
7:30:28 AM,1.653244,3.535829,4.163095,4.495029
7:30:28 AM,1.653244,3.535829,4.163095,4.495029
7:30:28 AM,1.653244,3.535829,4.163118,4.495029
7:30:28 AM,1.653244,3.535829,4.163118,4.495046
7:30:28 AM,1.653244,3.535829,4.163095,4.495029
7:30:28 AM,1.653244,3.535829,4.163071,4.495029
7:30:28 AM,1.653269,3.535829,4.163095,4.495026
7:30:28 AM,1.653269,3.535859,4.163095,4.495029
7:30:28 AM,1.653244,3.535829,4.163071,4.495029
7:30:28 AM,1.653244,3.535802,4.163095,4.495009
7:30:28 AM,1.653219,3.535829,4.163095,4.495029
7:30:28 AM,1.653269,3.535798,4.163095,4.495026
7:30:28 AM,1.653269,3.535798,4.163095,4.495046
7:30:28 AM,1.653219,3.535802,4.163118,4.495046
7:30:28 AM,1.653269,3.535798,4.163095,4.495046
7:30:28 AM,1.653244,3.535829,4.163095,4.495046
7:30:28 AM,1.653244,3.535798,4.163118,4.495026
7:30:28 AM,1.653244,3.535829,4.163118,4.495046
7:30:28 AM,1.653269,3.535859,4.163095,4.495029
7:30:28 AM,1.653244,3.535829,4.163095,4.495046
7:30:28 AM,1.653219,3.535829,4.163095,4.495046
7:30:28 AM,1.653219,3.535802,4.163095,4.495009
7:30:28 AM,1.653269,3.535829,4.163093,4.495046
7:30:28 AM,1.653244,3.535802,4.163118,4.495046
7:30:28 AM,1.653244,3.535829,4.163095,4.495046
7:30:28 AM,1.653269,3.535829,4.163118,4.495029
7:30:28 AM,1.653244,3.535829,4.163095,4.495029
7:30:28 AM,1.653244,3.535829,4.163118,4.495046
7:30:28 AM,1.653219,3.535829,4.163071,4.495026
7:30:28 AM,1.653269,3.535829,4.163118,4.495029
7:30:28 AM,1.653244,3.535829,4.163095,4.495029
7:30:28 AM,1.653244,3.535772,4.163095,4.495029
7:30:28 AM,1.653219,3.535855,4.163073,4.495046
7:30:28 AM,1.653244,3.535829,4.163118,4.495046
7:30:28 AM,1.653244,3.535829,4.163095,4.495046
7:30:28 AM,1.653219,3.535829,4.16305,4.495046
7:30:28 AM,1.653244,3.535829,4.163026,4.495046
7:30:28 AM,1.653269,3.535829,4.163097,4.495065
7:30:28 AM,1.653244,3.535802,4.163097,4.495063
7:30:28 AM,1.653244,3.535829,4.163073,4.495063
7:30:28 AM,1.653244,3.535829,4.163073,4.495046
7:30:28 AM,1.653244,3.535829,4.163073,4.495046
7:30:28 AM,1.653269,3.535829,4.163073,4.495063
7:30:28 AM,1.653244,3.535802,4.163073,4.495083
7:30:28 AM,1.653244,3.535829,4.163073,4.495063
7:30:28 AM,1.653244,3.535829,4.163073,4.495083
7:30:28 AM,1.653244,3.535829,4.163073,4.495083
7:30:28 AM,1.653244,3.535798,4.163097,4.495063
7:30:28 AM,1.653244,3.535829,4.163073,4.495083
7:30:28 AM,1.653219,3.535829,4.163073,4.495063
7:30:28 AM,1.653219,3.535802,4.163073,4.495063
7:30:28 AM,1.653244,3.535829,4.16305,4.495065
7:30:28 AM,1.653244,3.535829,4.163073,4.495063
7:30:28 AM,1.653269,3.535829,4.163073,4.495046
7:30:28 AM,1.653244,3.535829,4.16305,4.495063
7:30:28 AM,1.653269,3.535829,4.16305,4.495063
7:30:28 AM,1.653244,3.535829,4.16305,4.495063
7:30:28 AM,1.653219,3.535829,4.163073,4.495046
7:30:28 AM,1.653244,3.535829,4.163073,4.495063
7:30:28 AM,1.653244,3.535829,4.163073,4.495063
7:30:28 AM,1.653244,3.535829,4.163073,4.495063
7:30:28 AM,1.653244,3.535829,4.163073,4.495063
7:30:28 AM,1.653244,3.535829,4.163073,4.495063
7:30:28 AM,1.653244,3.535802,4.163073,4.495063
7:30:28 AM,1.653244,3.535829,4.163073,4.495063
7:30:28 AM,1.653244,3.535829,4.163073,4.495063
7:30:28 AM,1.653244,3.535829,4.163073,4.495063
7:30:28 AM,1.653244,3.535829,4.163073,4.495063
7:30:28 AM,1.653244,3.535829,4.163073,4.495063
7:30:28 AM,1.653244,3.535829,4.163073,4.495063
7:30:28 AM,1.653244,3.535829,4.163073,4.495063
7:30:28 AM,1.653244,3.535829,4.163073,4.495063
7:30:28 AM,1.653244,3.535829,4.163073,4.495063
7:30:28 AM,1.653219,3.535802,4.163073,4.495065
7:30:28 AM,1.653269,3.535829,4.163049,4.495046
7:30:28 AM,1.653244,3.535829,4.163026,4.495063
7:30:28 AM,1.653244,3.535829,4.163073,4.495063
7:30:28 AM,1.653269,3.535802,4.163073,4.495046
7:30:28 AM,1.653244,3.535829,4.16305,4.495046
7:30:28 AM,1.653244,3.535829,4.163073,4.495063
7:30:28 AM,1.653219,3.535829,4.163073,4.495065
7:30:28 AM,1.653244,3.535798,4.163073,4.495046
7:30:28 AM,1.653244,3.535802,4.163073,4.495063
7:30:28 AM,1.653244,3.535802,4.163073,4.495063
7:30:28 AM,1.653244,3.535829,4.163073,4.495063
7:30:28 AM,1.653244,3.535829,4.163073,4.495063
7:30:28 AM,1.653244,3.535802,4.163073,4.495046
7:30:28 AM,1.653219,3.535798,4.163073,4.495063
7:30:28 AM,1.653244,3.535829,4.163073,4.495063
7:30:28 AM,1.653244,3.535802,4.163026,4.495046
7:30:28 AM,1.653269,3.535798,4.16305,4.495046
7:30:28 AM,1.653269,3.535829,4.163073,4.495063
7:30:28 AM,1.653244,3.535829,4.163097,4.495046
7:30:28 AM,1.653244,3.535798,4.163073,4.495065
7:30:28 AM,1.653244,3.535798,4.163073,4.495063
7:30:28 AM,1.653244,3.535829,4.163075,4.495063
7:30:28 AM,1.653269,3.535829,4.16305,4.495063
7:30:28 AM,1.653269,3.535829,4.16305,4.495065
7:30:28 AM,1.653244,3.535802,4.163073,4.495046
7:30:28 AM,1.653244,3.535798,4.163073,4.495046
7:30:28 AM,1.653244,3.535772,4.16305,4.495063
7:30:28 AM,1.653244,3.535802,4.163073,4.495046
7:30:28 AM,1.653244,3.535802,4.163073,4.495063
7:30:28 AM,1.653244,3.535829,4.16305,4.495083
7:30:28 AM,1.653244,3.535802,4.163073,4.495046
7:30:28 AM,1.653244,3.535798,4.16305,4.495063
7:30:28 AM,1.653244,3.535829,4.163073,4.495063
7:30:28 AM,1.653244,3.535829,4.163073,4.495063
7:30:28 AM,1.653244,3.535829,4.16305,4.495046
7:30:28 AM,1.653244,3.535802,4.163073,4.495046
7:30:28 AM,1.653269,3.535829,4.163073,4.495063
7:30:28 AM,1.653269,3.535829,4.163075,4.495063
7:30:28 AM,1.653244,3.535802,4.163073,4.495065
7:30:28 AM,1.653244,3.535798,4.16305,4.495063
7:30:28 AM,1.653269,3.535798,4.16305,4.495046
7:30:28 AM,1.653244,3.535829,4.163097,4.495063
7:30:28 AM,1.653244,3.535829,4.163073,4.495046
7:30:28 AM,1.653244,3.535829,4.16305,4.495083
7:30:28 AM,1.653269,3.535772,4.163097,4.495046
7:30:28 AM,1.653244,3.535798,4.163097,4.495046
7:30:28 AM,1.653269,3.535829,4.163073,4.495083
7:30:28 AM,1.653244,3.535829,4.16305,4.495063
7:30:28 AM,1.653244,3.535772,4.163073,4.495063
7:30:28 AM,1.653219,3.535829,4.163073,4.495083
7:30:28 AM,1.653244,3.535829,4.163073,4.495046
7:30:28 AM,1.653244,3.535798,4.16305,4.495046
7:30:28 AM,1.653244,3.535772,4.163073,4.495046
7:30:28 AM,1.653219,3.535798,4.163073,4.495083
7:30:28 AM,1.653244,3.535829,4.16305,4.495063
7:30:28 AM,1.653269,3.535802,4.16305,4.495063
7:30:28 AM,1.653244,3.535798,4.16305,4.495065
7:30:28 AM,1.653244,3.535829,4.163075,4.495046
7:30:28 AM,1.653244,3.535829,4.163095,4.495046
7:30:28 AM,1.653244,3.535802,4.163073,4.495063
7:30:29 AM,1.653244,3.535802,4.163073,4.495063
7:30:29 AM,1.653244,3.535829,4.163118,4.495046
7:30:29 AM,1.653244,3.535829,4.163095,4.495046
7:30:29 AM,1.653244,3.535829,4.163095,4.495046
7:30:29 AM,1.653244,3.535829,4.163095,4.495046
7:30:29 AM,1.653244,3.535829,4.163095,4.495046
7:30:29 AM,1.653244,3.535829,4.163095,4.495063
7:30:29 AM,1.653244,3.535829,4.163095,4.495063
7:30:29 AM,1.653244,3.535829,4.163095,4.495063
7:30:29 AM,1.653244,3.535829,4.163095,4.495063
7:30:29 AM,1.653244,3.535829,4.163095,4.495063
7:30:29 AM,1.653244,3.535829,4.163095,4.495046
7:30:29 AM,1.653244,3.535829,4.163095,4.495046
7:30:29 AM,1.653244,3.535829,4.163095,4.495063
7:30:29 AM,1.653244,3.535829,4.163095,4.495063
7:30:29 AM,1.653244,3.535829,4.163095,4.495046
7:30:29 AM,1.653244,3.535829,4.163095,4.495063
7:30:29 AM,1.653244,3.535829,4.163095,4.495046
7:30:29 AM,1.653244,3.535829,4.163095,4.495046
7:30:29 AM,1.653244,3.535829,4.163095,4.495046
7:30:29 AM,1.653244,3.535829,4.163095,4.495046
7:30:29 AM,1.653244,3.535829,4.163095,4.495046
7:30:29 AM,1.653244,3.535829,4.163118,4.495046
7:30:29 AM,1.653244,3.535829,4.163095,4.495065
7:30:29 AM,1.653244,3.535829,4.163118,4.495046
7:30:29 AM,1.653244,3.535829,4.163118,4.495046
7:30:29 AM,1.653244,3.535829,4.163118,4.495046
7:30:29 AM,1.653244,3.535829,4.163118,4.495029
7:30:29 AM,1.653244,3.535829,4.163118,4.495029
7:30:29 AM,1.653244,3.535829,4.163118,4.495029
7:30:29 AM,1.653244,3.535829,4.163118,4.495046
7:30:29 AM,1.653244,3.535829,4.163118,4.495046
7:30:29 AM,1.653244,3.535829,4.163118,4.495046
7:30:29 AM,1.653244,3.535829,4.163118,4.495046
7:30:29 AM,1.653244,3.535829,4.163118,4.495046
7:30:29 AM,1.653244,3.535829,4.163118,4.495046
7:30:29 AM,1.653244,3.535829,4.163118,4.495046
7:30:29 AM,1.653244,3.535829,4.163118,4.495046
7:30:29 AM,1.653244,3.535829,4.163118,4.495046
7:30:29 AM,1.653244,3.535829,4.163118,4.495046
7:30:29 AM,1.653244,3.535829,4.163118,4.495046
7:30:29 AM,1.653244,3.535829,4.163118,4.495046
7:30:29 AM,1.653244,3.535829,4.163118,4.495046
7:30:29 AM,1.653244,3.535829,4.163118,4.495046
7:30:29 AM,1.653244,3.535829,4.163118,4.495046
7:30:29 AM,1.653244,3.535829,4.163118,4.495046
7:30:29 AM,1.653244,3.535829,4.163118,4.495046
7:30:29 AM,1.653244,3.535829,4.163118,4.495046
7:30:29 AM,1.653244,3.535802,4.163073,4.495063
7:30:29 AM,1.653244,3.535829,4.163095,4.495046
7:30:29 AM,1.653244,3.535829,4.163095,4.495046
7:30:29 AM,1.653269,3.535829,4.163073,4.495083
7:30:29 AM,1.653269,3.535829,4.163073,4.495083
7:30:29 AM,1.653244,3.535829,4.163073,4.495063
7:30:29 AM,1.653269,3.535829,4.163073,4.495063
7:30:29 AM,1.653269,3.535829,4.163073,4.495063
7:30:29 AM,1.653269,3.535829,4.163073,4.495063
7:30:29 AM,1.653269,3.535829,4.163073,4.495063
7:30:29 AM,1.653244,3.535829,4.163073,4.495063
7:30:29 AM,1.653244,3.535829,4.163073,4.495063
7:30:29 AM,1.653244,3.535802,4.163073,4.495063
7:30:29 AM,1.653244,3.535802,4.163073,4.495063
7:30:29 AM,1.653244,3.535829,4.163073,4.495063
7:30:29 AM,1.653244,3.535829,4.163073,4.495063
7:30:29 AM,1.653244,3.535798,4.163073,4.495063
7:30:29 AM,1.653269,3.535829,4.163073,4.495063
7:30:29 AM,1.653269,3.535802,4.163073,4.495063
7:30:29 AM,1.653269,3.535802,4.163073,4.495063
7:30:29 AM,1.653244,3.535802,4.163073,4.495063
7:30:29 AM,1.653244,3.535802,4.163073,4.495063
7:30:29 AM,1.653269,3.535802,4.163073,4.495063
7:30:29 AM,1.653269,3.535802,4.163073,4.495063
7:30:29 AM,1.653244,3.535829,4.163073,4.495083
7:30:29 AM,1.653244,3.535829,4.163095,4.495046
7:30:29 AM,1.653244,3.535829,4.163073,4.495083
7:30:29 AM,1.653244,3.535829,4.163073,4.495065
7:30:29 AM,1.653219,3.535829,4.163095,4.495065
7:30:29 AM,1.653219,3.535829,4.163095,4.495065
7:30:29 AM,1.653219,3.535829,4.163095,4.495065
7:30:29 AM,1.653219,3.535829,4.163095,4.495065
7:30:29 AM,1.653219,3.535829,4.163095,4.495065
7:30:29 AM,1.653219,3.535829,4.163095,4.495065
7:30:29 AM,1.653219,3.535829,4.163095,4.495046
7:30:29 AM,1.653219,3.535829,4.163095,4.495046
7:30:29 AM,1.653244,3.535829,4.163073,4.495046
7:30:29 AM,1.653244,3.535829,4.163073,4.495046
7:30:29 AM,1.653244,3.535829,4.163073,4.495046
7:30:29 AM,1.653244,3.535829,4.163095,4.495046
7:30:29 AM,1.653244,3.535829,4.163095,4.495065
7:30:29 AM,1.653244,3.535829,4.163095,4.495065
7:30:29 AM,1.653244,3.535829,4.163095,4.495065
7:30:29 AM,1.653244,3.535829,4.163095,4.495065
7:30:29 AM,1.653244,3.535829,4.163095,4.495065
7:30:29 AM,1.653244,3.535829,4.163095,4.495065
7:30:29 AM,1.653244,3.535829,4.163095,4.495065
7:30:29 AM,1.653244,3.535829,4.163095,4.495065
7:30:29 AM,1.653244,3.535829,4.163095,4.495065
7:30:29 AM,1.653244,3.535829,4.163073,4.495083
7:30:29 AM,1.653244,3.535829,4.163073,4.495063
7:30:29 AM,1.653244,3.535829,4.16305,4.495063
7:30:29 AM,1.653244,3.535829,4.163073,4.495063
7:30:29 AM,1.653244,3.535833,4.163075,4.495046
7:30:29 AM,1.653244,3.535859,4.163075,4.495046
7:30:29 AM,1.653244,3.535859,4.163075,4.495046
7:30:29 AM,1.653244,3.535859,4.163075,4.495046
7:30:29 AM,1.653244,3.535859,4.163075,4.495046
7:30:29 AM,1.653244,3.535859,4.163075,4.495046
7:30:29 AM,1.653244,3.535859,4.163075,4.495046
7:30:29 AM,1.653244,3.535859,4.16305,4.495046
7:30:29 AM,1.653244,3.535859,4.16305,4.495046
7:30:29 AM,1.653244,3.535833,4.163075,4.495046
7:30:29 AM,1.653244,3.535833,4.16305,4.495046
7:30:29 AM,1.653244,3.535859,4.16305,4.495046
7:30:29 AM,1.653244,3.535833,4.16305,4.495046
7:30:29 AM,1.653244,3.535802,4.16305,4.495046
7:30:29 AM,1.653244,3.535802,4.16305,4.495046
7:30:29 AM,1.653244,3.535833,4.16305,4.495046
7:30:29 AM,1.653244,3.535833,4.16305,4.495046
7:30:29 AM,1.653244,3.535833,4.16305,4.495046
7:30:29 AM,1.653244,3.535802,4.16305,4.495046
7:30:29 AM,1.653244,3.535802,4.16305,4.495046
7:30:29 AM,1.653244,3.535859,4.16305,4.495046
7:30:29 AM,1.653244,3.535833,4.163075,4.495046
7:30:29 AM,1.653244,3.535859,4.163075,4.495046
7:30:29 AM,1.653244,3.535833,4.163075,4.495046
7:30:29 AM,1.653219,3.535833,4.163075,4.495046
7:30:29 AM,1.653219,3.535833,4.163075,4.495046
7:30:29 AM,1.653219,3.535833,4.16305,4.495046
7:30:29 AM,1.653219,3.535833,4.16305,4.495046
7:30:29 AM,1.653219,3.535833,4.16305,4.495046
7:30:29 AM,1.653219,3.535833,4.163075,4.495046
7:30:29 AM,1.653219,3.535833,4.163075,4.495046
7:30:29 AM,1.653219,3.535833,4.163075,4.495046
7:30:29 AM,1.653219,3.535833,4.163075,4.495046
7:30:29 AM,1.653219,3.535833,4.163075,4.495046
7:30:29 AM,1.653219,3.535833,4.163075,4.495026
7:30:29 AM,1.653219,3.535833,4.163075,4.495026
7:30:29 AM,1.653219,3.535859,4.163075,4.495046
7:30:29 AM,1.653219,3.535833,4.163075,4.495046
7:30:29 AM,1.653244,3.535859,4.163075,4.495046
7:30:29 AM,1.653219,3.535833,4.163075,4.495046
7:30:29 AM,1.653219,3.535833,4.163075,4.495046
7:30:29 AM,1.653244,3.535833,4.163075,4.495046
7:30:29 AM,1.653244,3.535833,4.163075,4.495046
7:30:29 AM,1.653244,3.535833,4.163075,4.495046
7:30:29 AM,1.653244,3.535833,4.163075,4.495046
7:30:29 AM,1.653244,3.535802,4.16305,4.495046
7:30:29 AM,1.653244,3.535802,4.16305,4.495046
7:30:29 AM,1.653244,3.535802,4.16305,4.495046
7:30:29 AM,1.653244,3.535802,4.163028,4.495046
7:30:29 AM,1.653244,3.535802,4.16305,4.495046
7:30:29 AM,1.653244,3.535802,4.16305,4.495046
7:30:29 AM,1.653244,3.535802,4.16305,4.495046
7:30:29 AM,1.653244,3.535802,4.16305,4.495046
7:30:29 AM,1.653244,3.535802,4.16305,4.495046
7:30:29 AM,1.653244,3.535802,4.16305,4.495046
7:30:29 AM,1.653244,3.535802,4.16305,4.495046
7:30:29 AM,1.653244,3.535802,4.16305,4.495046
7:30:29 AM,1.653244,3.535802,4.16305,4.495046
7:30:29 AM,1.653244,3.535802,4.16305,4.495046
7:30:29 AM,1.653244,3.535802,4.16305,4.495046
7:30:29 AM,1.653244,3.535802,4.16305,4.495046
7:30:29 AM,1.653244,3.535802,4.16305,4.495046
7:30:29 AM,1.653244,3.535802,4.16305,4.495046
7:30:29 AM,1.653244,3.535802,4.16305,4.495046
7:30:29 AM,1.653244,3.535802,4.16305,4.495046
7:30:29 AM,1.653244,3.535829,4.16305,4.495046
7:30:29 AM,1.653244,3.535829,4.16305,4.495046
7:30:29 AM,1.653244,3.535829,4.163073,4.495046
7:30:29 AM,1.653244,3.535829,4.16305,4.495046
7:30:29 AM,1.653244,3.535829,4.163073,4.495046
7:30:29 AM,1.653244,3.535802,4.16305,4.495046
7:30:29 AM,1.653219,3.535859,4.163075,4.495046
7:30:29 AM,1.653244,3.535802,4.16305,4.495046
7:30:29 AM,1.653244,3.535802,4.16305,4.495046
7:30:29 AM,1.653244,3.535802,4.16305,4.495046
7:30:29 AM,1.653244,3.535802,4.16305,4.495046
7:30:29 AM,1.653244,3.535802,4.163028,4.495046
7:30:29 AM,1.653244,3.535802,4.16305,4.495046
7:30:29 AM,1.653244,3.535802,4.16305,4.495046
7:30:29 AM,1.653244,3.535802,4.16305,4.495046
7:30:29 AM,1.653244,3.535802,4.16305,4.495046
7:30:29 AM,1.653244,3.535802,4.16305,4.495046
7:30:29 AM,1.653244,3.535802,4.16305,4.495046
7:30:29 AM,1.653244,3.535802,4.16305,4.495046
7:30:29 AM,1.653244,3.535802,4.16305,4.495046
7:30:29 AM,1.653244,3.535802,4.16305,4.495046
7:30:29 AM,1.653244,3.535802,4.163028,4.495046
7:30:29 AM,1.653244,3.535802,4.163028,4.495046
7:30:29 AM,1.653244,3.535802,4.163028,4.495046
7:30:29 AM,1.653244,3.535802,4.16305,4.495046
7:30:29 AM,1.653244,3.535802,4.16305,4.495046
7:30:29 AM,1.653244,3.535802,4.16305,4.495046
7:30:29 AM,1.653244,3.535802,4.16305,4.495046
7:30:29 AM,1.653244,3.535802,4.16305,4.495046
7:30:29 AM,1.653244,3.535802,4.16305,4.495046
7:30:29 AM,1.653244,3.535802,4.16305,4.495046
7:30:29 AM,1.653219,3.535859,4.163075,4.495046
7:30:29 AM,1.653219,3.535859,4.163075,4.495046
7:30:30 AM,1.653219,3.535859,4.163075,4.495046
7:30:30 AM,1.653244,3.535859,4.163075,4.495063
7:30:30 AM,1.653219,3.535859,4.163075,4.495046
7:30:30 AM,1.653219,3.535829,4.16305,4.495046
7:30:30 AM,1.653219,3.535859,4.163075,4.495044
7:30:30 AM,1.653244,3.535859,4.163097,4.495063
7:30:30 AM,1.653244,3.535859,4.163073,4.495026
7:30:30 AM,1.653219,3.535885,4.163097,4.495063
7:30:30 AM,1.653194,3.535859,4.163075,4.495026
7:30:30 AM,1.653219,3.535859,4.163075,4.495046
7:30:30 AM,1.653219,3.535859,4.16305,4.495063
7:30:30 AM,1.653244,3.535829,4.163075,4.495046
7:30:30 AM,1.653194,3.535859,4.163075,4.495063
7:30:30 AM,1.653194,3.535885,4.163075,4.495044
7:30:30 AM,1.653219,3.535859,4.16305,4.495046
7:30:30 AM,1.653244,3.535859,4.163097,4.495046
7:30:30 AM,1.653244,3.535885,4.16305,4.495046
7:30:30 AM,1.653219,3.535885,4.16305,4.495063
7:30:30 AM,1.653244,3.535829,4.163075,4.495046
7:30:30 AM,1.653244,3.535859,4.163097,4.495063
7:30:30 AM,1.653219,3.535829,4.163075,4.495044
7:30:30 AM,1.653219,3.535829,4.163097,4.495026
7:30:30 AM,1.653244,3.535859,4.163097,4.495026
7:30:30 AM,1.653244,3.535859,4.163073,4.495046
7:30:30 AM,1.653244,3.535885,4.163073,4.495063
7:30:30 AM,1.653219,3.535885,4.163073,4.495046
7:30:30 AM,1.653244,3.535829,4.163073,4.495063
7:30:30 AM,1.653219,3.535885,4.163075,4.495046
7:30:30 AM,1.653244,3.535885,4.16305,4.495046
7:30:30 AM,1.653244,3.535859,4.163075,4.495063
7:30:30 AM,1.653219,3.535829,4.163073,4.495046
7:30:30 AM,1.653219,3.535885,4.163073,4.495046
7:30:30 AM,1.653219,3.535885,4.163073,4.495063
7:30:30 AM,1.653244,3.535855,4.163075,4.495026
7:30:30 AM,1.653219,3.535855,4.163097,4.495046
7:30:30 AM,1.653269,3.535885,4.163075,4.495063
7:30:30 AM,1.653219,3.535859,4.163097,4.495046
7:30:30 AM,1.653244,3.535859,4.16305,4.495046
7:30:30 AM,1.653219,3.535829,4.163097,4.495046
7:30:30 AM,1.653244,3.535855,4.163073,4.495046
7:30:30 AM,1.653244,3.535829,4.16305,4.495046
7:30:30 AM,1.653244,3.535859,4.163075,4.495046
7:30:30 AM,1.653219,3.535885,4.16305,4.495046
7:30:30 AM,1.65322,3.535859,4.163097,4.495026
7:30:30 AM,1.653244,3.535859,4.163097,4.495046
7:30:30 AM,1.653219,3.535829,4.163075,4.495063
7:30:30 AM,1.653219,3.535829,4.16305,4.495046
7:30:30 AM,1.653219,3.535859,4.163075,4.495046
7:30:30 AM,1.653244,3.535829,4.163073,4.495046
7:30:30 AM,1.65322,3.535859,4.163097,4.495063
7:30:30 AM,1.653244,3.535885,4.163097,4.495063
7:30:30 AM,1.653219,3.535885,4.163097,4.495063
7:30:30 AM,1.653244,3.535885,4.163075,4.495046
7:30:30 AM,1.653219,3.535885,4.163075,4.495046
7:30:30 AM,1.653244,3.535859,4.163075,4.495046
7:30:30 AM,1.653269,3.535885,4.163075,4.495063
7:30:30 AM,1.653244,3.535829,4.163075,4.495026
7:30:30 AM,1.653244,3.535885,4.163075,4.495063
7:30:30 AM,1.653244,3.535859,4.163075,4.495026
7:30:30 AM,1.653219,3.535859,4.163075,4.495046
7:30:30 AM,1.653269,3.535885,4.16305,4.495063
7:30:30 AM,1.653244,3.535885,4.163075,4.495046
7:30:30 AM,1.653244,3.535859,4.163075,4.495063
7:30:30 AM,1.653244,3.535859,4.163075,4.495046
7:30:30 AM,1.653219,3.535859,4.163075,4.495046
7:30:30 AM,1.653219,3.535859,4.163075,4.495046
7:30:30 AM,1.653219,3.535859,4.163075,4.495046
7:30:30 AM,1.653219,3.535859,4.163075,4.495046
7:30:30 AM,1.653219,3.535859,4.163075,4.495046
7:30:30 AM,1.653219,3.535859,4.163075,4.495046
7:30:30 AM,1.653219,3.535859,4.163075,4.495046
7:30:30 AM,1.653219,3.535859,4.163075,4.495046
7:30:30 AM,1.653244,3.535859,4.16305,4.495046
7:30:30 AM,1.653219,3.535829,4.163073,4.495046
7:30:30 AM,1.653244,3.535829,4.163073,4.495063
7:30:30 AM,1.653194,3.535859,4.163073,4.495063
7:30:30 AM,1.653219,3.535885,4.163097,4.495026
7:30:30 AM,1.653219,3.535829,4.163075,4.495044
7:30:30 AM,1.653219,3.535859,4.163075,4.495044
7:30:30 AM,1.653219,3.535859,4.163097,4.495063
7:30:30 AM,1.653194,3.535859,4.163075,4.495063
7:30:30 AM,1.653244,3.535885,4.163073,4.495063
7:30:30 AM,1.65322,3.535859,4.163075,4.495063
7:30:30 AM,1.653219,3.535829,4.163075,4.495046
7:30:30 AM,1.653219,3.535859,4.163075,4.495046
7:30:30 AM,1.65322,3.535829,4.16305,4.495063
7:30:30 AM,1.653219,3.535859,4.163073,4.495046
7:30:30 AM,1.653244,3.535885,4.16305,4.495046
7:30:30 AM,1.653219,3.535859,4.163097,4.495046
7:30:30 AM,1.653244,3.535859,4.163075,4.495063
7:30:30 AM,1.653244,3.535859,4.16305,4.495026
7:30:30 AM,1.653244,3.535855,4.163075,4.495026
7:30:30 AM,1.653219,3.535885,4.163075,4.495026
7:30:30 AM,1.653219,3.535859,4.163075,4.495063
7:30:30 AM,1.653194,3.535829,4.163073,4.495026
7:30:30 AM,1.653219,3.535859,4.163097,4.495026
7:30:30 AM,1.653219,3.535829,4.163075,4.495063
7:30:30 AM,1.653269,3.535829,4.163097,4.495026
7:30:30 AM,1.653244,3.535829,4.163073,4.495063
7:30:30 AM,1.653219,3.535833,4.16305,4.495046
7:30:30 AM,1.653219,3.535859,4.163075,4.495046
7:30:30 AM,1.653244,3.535859,4.163119,4.495063
7:30:30 AM,1.653269,3.535859,4.163073,4.495046
7:30:30 AM,1.653244,3.535859,4.163073,4.495063
7:30:30 AM,1.653244,3.535859,4.163095,4.495044
7:30:30 AM,1.653269,3.535859,4.163095,4.495063
7:30:30 AM,1.653269,3.535833,4.163073,4.495063
7:30:30 AM,1.653294,3.535859,4.163073,4.495044
7:30:30 AM,1.653294,3.535859,4.163073,4.495063
7:30:30 AM,1.653269,3.53589,4.163097,4.495063
7:30:30 AM,1.653244,3.53589,4.163097,4.495046
7:30:30 AM,1.653294,3.535859,4.163095,4.495044
7:30:30 AM,1.653244,3.535859,4.163073,4.495046
7:30:30 AM,1.653244,3.535859,4.163095,4.495044
7:30:30 AM,1.653269,3.535833,4.163097,4.495063
7:30:30 AM,1.653269,3.535859,4.163097,4.495063
7:30:30 AM,1.653269,3.535859,4.163095,4.495063
7:30:30 AM,1.653269,3.535859,4.163097,4.495063
7:30:30 AM,1.653244,3.53589,4.163095,4.495063
7:30:30 AM,1.653269,3.535833,4.163073,4.495063
7:30:30 AM,1.653244,3.53589,4.163095,4.495046
7:30:30 AM,1.653294,3.535859,4.163095,4.495063
7:30:30 AM,1.653269,3.535833,4.163073,4.495063
7:30:30 AM,1.653269,3.535859,4.163095,4.495063
7:30:30 AM,1.653269,3.535859,4.163073,4.495063
7:30:30 AM,1.653269,3.535859,4.163097,4.495063
7:30:30 AM,1.653244,3.535859,4.163073,4.495063
7:30:30 AM,1.653244,3.535859,4.163073,4.495063
7:30:30 AM,1.653244,3.535859,4.163073,4.495063
7:30:30 AM,1.653269,3.535859,4.163073,4.495063
7:30:30 AM,1.653269,3.535859,4.163097,4.495063
7:30:30 AM,1.653269,3.535859,4.163073,4.495063
7:30:30 AM,1.653269,3.535859,4.163073,4.495063
7:30:30 AM,1.653269,3.535833,4.163073,4.495063
7:30:30 AM,1.653294,3.53589,4.163097,4.495063
7:30:30 AM,1.653294,3.53589,4.163073,4.495044
7:30:30 AM,1.653269,3.53589,4.163097,4.495063
7:30:30 AM,1.653244,3.53589,4.163097,4.495046
7:30:30 AM,1.653269,3.535859,4.163119,4.495063
7:30:30 AM,1.653269,3.535859,4.163073,4.495026
7:30:30 AM,1.653244,3.535859,4.163119,4.495046
7:30:30 AM,1.653244,3.535864,4.163097,4.495044
7:30:30 AM,1.653294,3.535859,4.163095,4.495044
7:30:30 AM,1.653269,3.535859,4.163097,4.495046
7:30:30 AM,1.653269,3.535859,4.163097,4.495063
7:30:30 AM,1.653269,3.535859,4.163073,4.495063
7:30:30 AM,1.653244,3.535859,4.163097,4.495026
7:30:30 AM,1.653269,3.535859,4.163073,4.495063
7:30:30 AM,1.653244,3.535859,4.163073,4.495063
7:30:30 AM,1.653269,3.535859,4.163095,4.495063
7:30:30 AM,1.653269,3.535859,4.163097,4.495044
7:30:30 AM,1.653244,3.535859,4.163119,4.495063
7:30:30 AM,1.653269,3.535859,4.163073,4.495063
7:30:30 AM,1.653294,3.535859,4.163073,4.495063
7:30:30 AM,1.653244,3.535859,4.163097,4.495063
7:30:30 AM,1.653269,3.535859,4.163097,4.495063
7:30:30 AM,1.653269,3.535859,4.163095,4.495026
7:30:30 AM,1.653269,3.535859,4.163119,4.495063
7:30:30 AM,1.653269,3.53589,4.163073,4.495044
7:30:30 AM,1.653244,3.535859,4.163095,4.495063
7:30:30 AM,1.653244,3.53589,4.163073,4.495063
7:30:30 AM,1.653294,3.53589,4.163119,4.495063
7:30:30 AM,1.653244,3.535859,4.163073,4.495063
7:30:30 AM,1.653294,3.535859,4.163119,4.495046
7:30:30 AM,1.653294,3.535859,4.163073,4.495063
7:30:30 AM,1.653244,3.535833,4.163097,4.495026
7:30:30 AM,1.653244,3.535859,4.163095,4.495044
7:30:30 AM,1.653244,3.53589,4.163097,4.495063
7:30:30 AM,1.653269,3.535859,4.163095,4.495063
7:30:30 AM,1.653244,3.535859,4.163097,4.495063
7:30:30 AM,1.653269,3.535859,4.163073,4.495026
7:30:30 AM,1.653269,3.535859,4.163097,4.495063
7:30:30 AM,1.653269,3.535859,4.163097,4.495063
7:30:30 AM,1.653294,3.53589,4.163097,4.495046
7:30:30 AM,1.653269,3.535859,4.163097,4.495046
7:30:30 AM,1.653294,3.535859,4.163073,4.495063
7:30:30 AM,1.653269,3.535859,4.163097,4.495063
7:30:30 AM,1.653244,3.535859,4.163073,4.495063
7:30:30 AM,1.653269,3.535859,4.163119,4.495044
7:30:30 AM,1.653269,3.535859,4.163073,4.495046
7:30:30 AM,1.653269,3.535859,4.163095,4.495063
7:30:30 AM,1.653269,3.535859,4.163119,4.495063
7:30:30 AM,1.653269,3.53589,4.163097,4.495046
7:30:30 AM,1.653294,3.53589,4.163119,4.495063
7:30:30 AM,1.653244,3.535833,4.163073,4.495063
7:30:30 AM,1.653294,3.53589,4.163073,4.495044
7:30:30 AM,1.653269,3.535833,4.163073,4.495063
7:30:30 AM,1.653269,3.535859,4.163119,4.495063
7:30:30 AM,1.653244,3.535859,4.163097,4.495063
7:30:30 AM,1.653269,3.535859,4.163097,4.495063
7:30:30 AM,1.653294,3.535859,4.163097,4.495063
7:30:30 AM,1.653294,3.535833,4.163073,4.495044
7:30:30 AM,1.653269,3.535859,4.163097,4.495063
7:30:30 AM,1.653269,3.535864,4.163095,4.495063
7:30:30 AM,1.653269,3.53589,4.163073,4.495063
7:30:30 AM,1.653244,3.535833,4.163073,4.495063
7:30:30 AM,1.653269,3.535833,4.163073,4.495063
7:30:30 AM,1.653269,3.535859,4.163073,4.495063
7:30:30 AM,1.653294,3.535859,4.163097,4.495063
7:30:30 AM,1.653244,3.535833,4.163073,4.495063
7:30:30 AM,1.653269,3.535859,4.163073,4.495063
7:30:31 AM,1.653244,3.535859,4.163073,4.495063
7:30:31 AM,1.653244,3.535859,4.163073,4.495063
7:30:31 AM,1.653219,3.535859,4.163073,4.495063
7:30:31 AM,1.653244,3.535859,4.163073,4.495063
7:30:31 AM,1.653244,3.535885,4.163073,4.495063
7:30:31 AM,1.653244,3.535885,4.163073,4.495063
7:30:31 AM,1.653244,3.535885,4.163073,4.495063
7:30:31 AM,1.653244,3.535859,4.163073,4.495063
7:30:31 AM,1.653244,3.535859,4.163073,4.495063
7:30:31 AM,1.653244,3.535859,4.163073,4.495063
7:30:31 AM,1.653244,3.535859,4.163073,4.495063
7:30:31 AM,1.653244,3.535859,4.163073,4.495063
7:30:31 AM,1.653244,3.535859,4.163073,4.495063
7:30:31 AM,1.653244,3.535859,4.163073,4.495063
7:30:31 AM,1.653244,3.535859,4.163073,4.495063
7:30:31 AM,1.653244,3.535859,4.163073,4.495063
7:30:31 AM,1.653244,3.535859,4.163073,4.495063
7:30:31 AM,1.653244,3.535859,4.163073,4.495063
7:30:31 AM,1.653244,3.535859,4.163073,4.495063
7:30:31 AM,1.653244,3.535859,4.163073,4.495063
7:30:31 AM,1.653244,3.535859,4.163073,4.495063
7:30:31 AM,1.653244,3.535859,4.163073,4.495063
7:30:31 AM,1.653244,3.535859,4.163073,4.495063
7:30:31 AM,1.653244,3.535859,4.163073,4.495063
7:30:31 AM,1.653244,3.535859,4.163073,4.495063
7:30:31 AM,1.653219,3.535859,4.163075,4.495046
7:30:31 AM,1.653219,3.535859,4.163075,4.495063
7:30:31 AM,1.653219,3.535859,4.163075,4.495063
7:30:31 AM,1.653219,3.535859,4.163073,4.495063
7:30:31 AM,1.653219,3.535859,4.16305,4.495063
7:30:31 AM,1.653219,3.535859,4.163073,4.495063
7:30:31 AM,1.653244,3.535859,4.163075,4.495063
7:30:31 AM,1.653244,3.535859,4.163097,4.495063
7:30:31 AM,1.653244,3.535859,4.163097,4.495063
7:30:31 AM,1.653244,3.535859,4.163073,4.495063
7:30:31 AM,1.653244,3.535859,4.163073,4.495063
7:30:31 AM,1.653244,3.535859,4.16305,4.495063
7:30:31 AM,1.653244,3.535859,4.163073,4.49508
7:30:31 AM,1.653244,3.535859,4.163073,4.49508
7:30:31 AM,1.653244,3.535885,4.163073,4.49508
7:30:31 AM,1.653244,3.535859,4.163073,4.49508
7:30:31 AM,1.653244,3.535859,4.163073,4.49508
7:30:31 AM,1.653244,3.535859,4.163073,4.495063
7:30:31 AM,1.653244,3.535859,4.163073,4.495063
7:30:31 AM,1.653244,3.535859,4.163073,4.495063
7:30:31 AM,1.653244,3.535859,4.163073,4.495063
7:30:31 AM,1.653244,3.535859,4.163073,4.495063
7:30:31 AM,1.653244,3.535833,4.163073,4.495063
7:30:31 AM,1.653244,3.535859,4.163073,4.495063
7:30:31 AM,1.653244,3.535859,4.163073,4.495063
7:30:31 AM,1.653244,3.535859,4.163097,4.495063
7:30:31 AM,1.653269,3.535859,4.163097,4.495063
7:30:31 AM,1.653269,3.535859,4.163073,4.495063
7:30:31 AM,1.653244,3.535859,4.163097,4.495063
7:30:31 AM,1.653269,3.535859,4.163097,4.495063
7:30:31 AM,1.653269,3.535859,4.163097,4.495063
7:30:31 AM,1.653269,3.535859,4.163075,4.495063
7:30:31 AM,1.653269,3.535859,4.163097,4.495063
7:30:31 AM,1.653269,3.535859,4.163075,4.495063
7:30:31 AM,1.653269,3.535859,4.163075,4.495063
7:30:31 AM,1.653269,3.535859,4.163075,4.495063
7:30:31 AM,1.653269,3.535859,4.163075,4.495063
7:30:31 AM,1.653269,3.535859,4.163097,4.495063
7:30:31 AM,1.653269,3.535859,4.163075,4.495063
7:30:31 AM,1.653269,3.535859,4.163075,4.495063
7:30:31 AM,1.653269,3.535859,4.16305,4.495063
7:30:31 AM,1.653269,3.535859,4.163073,4.495063
7:30:31 AM,1.653269,3.535859,4.163097,4.495063
7:30:31 AM,1.653244,3.535859,4.163075,4.495063
7:30:31 AM,1.653269,3.535859,4.163075,4.495063
7:30:31 AM,1.653269,3.535859,4.163073,4.495063
7:30:31 AM,1.653244,3.535859,4.163073,4.495063
7:30:31 AM,1.653244,3.535859,4.163073,4.495063
7:30:31 AM,1.653244,3.535859,4.163073,4.495063
7:30:31 AM,1.653244,3.535859,4.163073,4.495063
7:30:31 AM,1.653244,3.535859,4.163073,4.495063
7:30:31 AM,1.653244,3.535859,4.163073,4.495063
7:30:31 AM,1.653269,3.535859,4.163073,4.495063
7:30:31 AM,1.653244,3.535859,4.163073,4.495063
7:30:31 AM,1.653244,3.535859,4.163073,4.495063
7:30:31 AM,1.653244,3.535859,4.163073,4.495063
7:30:31 AM,1.653244,3.535859,4.163073,4.495063
7:30:31 AM,1.653244,3.535859,4.163073,4.495063
7:30:31 AM,1.653244,3.535859,4.163073,4.495063
7:30:31 AM,1.653244,3.535859,4.163073,4.495063
7:30:31 AM,1.653244,3.535859,4.163073,4.495063
7:30:31 AM,1.653244,3.535859,4.163073,4.495063
7:30:31 AM,1.653244,3.535859,4.163073,4.495063
7:30:31 AM,1.653244,3.535859,4.163073,4.495063
7:30:31 AM,1.653244,3.535859,4.16305,4.495063
7:30:31 AM,1.653244,3.535859,4.16305,4.495063
7:30:31 AM,1.653244,3.535859,4.16305,4.495063
7:30:31 AM,1.653244,3.535859,4.16305,4.495063
7:30:31 AM,1.653244,3.535859,4.163097,4.495063
7:30:31 AM,1.653244,3.535859,4.16305,4.495063
7:30:31 AM,1.653244,3.535859,4.16305,4.495063
7:30:31 AM,1.653269,3.535859,4.163073,4.495063
7:30:31 AM,1.653219,3.535859,4.163075,4.495046
7:30:31 AM,1.653219,3.535859,4.163075,4.495046
7:30:31 AM,1.653244,3.535885,4.163073,4.495046
7:30:31 AM,1.653244,3.535859,4.163075,4.495048
7:30:31 AM,1.653244,3.53589,4.163073,4.495046
7:30:31 AM,1.653269,3.53589,4.16305,4.495029
7:30:31 AM,1.653244,3.535916,4.163097,4.495046
7:30:31 AM,1.653219,3.535859,4.16305,4.495029
7:30:31 AM,1.653244,3.53589,4.163097,4.495029
7:30:31 AM,1.653219,3.53589,4.16305,4.495046
7:30:31 AM,1.653219,3.53589,4.163073,4.495046
7:30:31 AM,1.653244,3.535916,4.163073,4.495029
7:30:31 AM,1.653269,3.53589,4.16305,4.495046
7:30:31 AM,1.653244,3.53589,4.163097,4.495065
7:30:31 AM,1.653219,3.535859,4.163073,4.495029
7:30:31 AM,1.653219,3.53589,4.16305,4.495029
7:30:31 AM,1.653244,3.535859,4.16305,4.495048
7:30:31 AM,1.653219,3.535859,4.163073,4.495029
7:30:31 AM,1.653244,3.535859,4.163073,4.495048
7:30:31 AM,1.653219,3.535859,4.16305,4.495046
7:30:31 AM,1.653219,3.535859,4.163073,4.495029
7:30:31 AM,1.653219,3.53589,4.163073,4.495029
7:30:31 AM,1.653244,3.535859,4.163075,4.495046
7:30:31 AM,1.653244,3.535916,4.163073,4.495029
7:30:31 AM,1.653219,3.535859,4.163073,4.495029
7:30:31 AM,1.653219,3.535859,4.163075,4.495029
7:30:31 AM,1.653219,3.53589,4.16305,4.495029
7:30:31 AM,1.653219,3.53589,4.163073,4.495048
7:30:31 AM,1.653219,3.535859,4.163073,4.495029
7:30:31 AM,1.653219,3.535859,4.163073,4.495029
7:30:31 AM,1.653219,3.535859,4.163073,4.495046
7:30:31 AM,1.653219,3.535859,4.163073,4.495046
7:30:31 AM,1.653219,3.535859,4.163073,4.495029
7:30:31 AM,1.653219,3.535859,4.163073,4.495029
7:30:31 AM,1.653219,3.53589,4.163073,4.495029
7:30:31 AM,1.653219,3.53589,4.163073,4.495029
7:30:31 AM,1.653219,3.53589,4.163073,4.495065
7:30:31 AM,1.653244,3.535859,4.16305,4.495046
7:30:31 AM,1.653219,3.535859,4.163073,4.495029
7:30:31 AM,1.653219,3.53589,4.163075,4.495029
7:30:31 AM,1.653219,3.535916,4.16305,4.495029
7:30:31 AM,1.653269,3.53589,4.163075,4.495065
7:30:31 AM,1.653219,3.535885,4.16305,4.495046
7:30:31 AM,1.653244,3.53589,4.163073,4.495046
7:30:31 AM,1.653244,3.535885,4.163073,4.495029
7:30:31 AM,1.653244,3.535916,4.16305,4.495029
7:30:31 AM,1.653269,3.535859,4.163097,4.495048
7:30:31 AM,1.653219,3.535916,4.163073,4.495048
7:30:31 AM,1.653219,3.53589,4.16305,4.495029
7:30:31 AM,1.653244,3.535859,4.16305,4.495048
7:30:31 AM,1.653219,3.535859,4.16305,4.495046
7:30:31 AM,1.653244,3.535916,4.163073,4.495029
7:30:31 AM,1.653219,3.53589,4.163097,4.495029
7:30:31 AM,1.653219,3.535859,4.163075,4.495046
7:30:31 AM,1.653219,3.53589,4.163073,4.495029
7:30:31 AM,1.653219,3.53589,4.163073,4.495046
7:30:31 AM,1.653269,3.53589,4.163097,4.495046
7:30:31 AM,1.653244,3.535916,4.163073,4.495048
7:30:31 AM,1.653219,3.53589,4.16305,4.495046
7:30:31 AM,1.653244,3.535859,4.163075,4.495029
7:30:31 AM,1.653219,3.53589,4.163097,4.495046
7:30:31 AM,1.653244,3.53589,4.163097,4.495048
7:30:31 AM,1.653219,3.53589,4.16305,4.495065
7:30:31 AM,1.653219,3.535859,4.16305,4.495065
7:30:31 AM,1.653244,3.535859,4.163073,4.495029
7:30:31 AM,1.653244,3.53589,4.16305,4.495048
7:30:31 AM,1.653219,3.535916,4.163075,4.495065
7:30:31 AM,1.653219,3.535859,4.163073,4.495048
7:30:31 AM,1.653269,3.535885,4.163075,4.495029
7:30:31 AM,1.653244,3.53589,4.163073,4.495029
7:30:31 AM,1.653219,3.53589,4.163073,4.495046
7:30:31 AM,1.653219,3.535859,4.16305,4.495029
7:30:31 AM,1.653244,3.535859,4.163073,4.495029
7:30:31 AM,1.653244,3.535859,4.16305,4.495029
7:30:31 AM,1.653219,3.535859,4.163073,4.495029
7:30:31 AM,1.653244,3.53589,4.163097,4.495029
7:30:31 AM,1.653269,3.535916,4.16305,4.495046
7:30:31 AM,1.653269,3.535916,4.163073,4.495029
7:30:31 AM,1.653244,3.535885,4.16305,4.495065
7:30:31 AM,1.653244,3.53589,4.16305,4.495029
7:30:31 AM,1.653219,3.53589,4.163073,4.495029
7:30:31 AM,1.653244,3.53589,4.16305,4.495046
7:30:31 AM,1.653244,3.53589,4.163073,4.495029
7:30:31 AM,1.653219,3.53589,4.163097,4.495065
7:30:31 AM,1.653219,3.535916,4.163073,4.495029
7:30:31 AM,1.653219,3.53589,4.163073,4.495029
7:30:31 AM,1.653244,3.535859,4.163097,4.495046
7:30:31 AM,1.653244,3.535859,4.163073,4.495029
7:30:31 AM,1.653244,3.535859,4.163097,4.495029
7:30:31 AM,1.653219,3.53589,4.16305,4.495046
7:30:31 AM,1.653219,3.53589,4.163073,4.495029
7:30:31 AM,1.653219,3.53589,4.163075,4.495046
7:30:31 AM,1.653244,3.53589,4.16305,4.495046
7:30:31 AM,1.653244,3.535859,4.163073,4.495046
7:30:31 AM,1.653244,3.53589,4.16305,4.495046
7:30:31 AM,1.653269,3.535916,4.163073,4.495029
7:30:31 AM,1.653219,3.53589,4.163073,4.495065
7:30:31 AM,1.653244,3.53589,4.163097,4.495029
7:30:31 AM,1.653219,3.53589,4.163075,4.495029
7:30:31 AM,1.653244,3.53589,4.16305,4.495046
7:30:31 AM,1.653219,3.535859,4.163073,4.495029
7:30:31 AM,1.653219,3.53589,4.16305,4.495029
7:30:31 AM,1.653244,3.53589,4.163073,4.495029
7:30:32 AM,1.653244,3.535833,4.163073,4.495063
7:30:32 AM,1.653244,3.535833,4.163073,4.495063
7:30:32 AM,1.653244,3.535833,4.163073,4.495063
7:30:32 AM,1.653244,3.535833,4.163073,4.495063
7:30:32 AM,1.653244,3.535833,4.163073,4.495063
7:30:32 AM,1.653244,3.535833,4.163073,4.495063
7:30:32 AM,1.653244,3.535833,4.163073,4.495063
7:30:32 AM,1.653244,3.535802,4.163073,4.495063
7:30:32 AM,1.653244,3.535802,4.163073,4.495046
7:30:32 AM,1.653244,3.535802,4.163073,4.495063
7:30:32 AM,1.653244,3.535802,4.163073,4.495063
7:30:32 AM,1.653244,3.535802,4.163073,4.495063
7:30:32 AM,1.653244,3.535802,4.163073,4.495063
7:30:32 AM,1.653244,3.535833,4.163073,4.495063
7:30:32 AM,1.653244,3.535833,4.163073,4.495063
7:30:32 AM,1.653244,3.535829,4.163097,4.495063
7:30:32 AM,1.653244,3.535829,4.163073,4.495063
7:30:32 AM,1.653244,3.535859,4.163097,4.495063
7:30:32 AM,1.653244,3.535833,4.163075,4.495063
7:30:32 AM,1.653244,3.535859,4.163075,4.495063
7:30:32 AM,1.653244,3.535859,4.163075,4.495063
7:30:32 AM,1.653244,3.535833,4.163073,4.495063
7:30:32 AM,1.653244,3.535859,4.163075,4.495046
7:30:32 AM,1.653244,3.535833,4.163073,4.495063
7:30:32 AM,1.653269,3.535833,4.163073,4.495063
7:30:32 AM,1.653269,3.535859,4.163097,4.495063
7:30:32 AM,1.653244,3.535859,4.163097,4.495063
7:30:32 AM,1.653269,3.535833,4.163097,4.495046
7:30:32 AM,1.653244,3.535833,4.163073,4.495046
7:30:32 AM,1.653244,3.535833,4.163073,4.495046
7:30:32 AM,1.653244,3.535833,4.163097,4.495046
7:30:32 AM,1.653244,3.535833,4.163097,4.495046
7:30:32 AM,1.653244,3.535833,4.163097,4.495046
7:30:32 AM,1.653244,3.535833,4.163097,4.495046
7:30:32 AM,1.653269,3.535833,4.163097,4.495046
7:30:32 AM,1.653269,3.535833,4.163097,4.495046
7:30:32 AM,1.653294,3.535833,4.163097,4.495046
7:30:32 AM,1.653294,3.535859,4.163097,4.495063
7:30:32 AM,1.653269,3.535859,4.163097,4.495046
7:30:32 AM,1.653269,3.535859,4.163073,4.495063
7:30:32 AM,1.653269,3.535833,4.163073,4.495063
7:30:32 AM,1.653269,3.535833,4.163073,4.495063
7:30:32 AM,1.653269,3.535802,4.163073,4.495063
7:30:32 AM,1.653269,3.535802,4.163073,4.495063
7:30:32 AM,1.653244,3.535802,4.163073,4.495063
7:30:32 AM,1.653244,3.535833,4.163073,4.495063
7:30:32 AM,1.653244,3.535833,4.163073,4.495063
7:30:32 AM,1.653244,3.535859,4.163075,4.495046
7:30:32 AM,1.653244,3.535859,4.163075,4.495046
7:30:32 AM,1.653244,3.535859,4.163075,4.495046
7:30:32 AM,1.653244,3.535859,4.163073,4.495046
7:30:32 AM,1.653244,3.535859,4.163073,4.495046
7:30:32 AM,1.653244,3.535859,4.163073,4.495046
7:30:32 AM,1.653244,3.535859,4.163073,4.495046
7:30:32 AM,1.653244,3.535859,4.163073,4.495046
7:30:32 AM,1.653244,3.535885,4.163073,4.495046
7:30:32 AM,1.653244,3.53589,4.163073,4.495046
7:30:32 AM,1.653244,3.535859,4.163073,4.495046
7:30:32 AM,1.653244,3.535885,4.163073,4.495046
7:30:32 AM,1.653244,3.535916,4.163073,4.495046
7:30:32 AM,1.653244,3.535916,4.163073,4.495046
7:30:32 AM,1.653244,3.535885,4.163073,4.495046
7:30:32 AM,1.653244,3.535916,4.163073,4.495029
7:30:32 AM,1.653244,3.535916,4.163073,4.495046
7:30:32 AM,1.653244,3.535916,4.163073,4.495046
7:30:32 AM,1.653244,3.535916,4.163073,4.495046
7:30:32 AM,1.653244,3.535916,4.163073,4.495046
7:30:32 AM,1.653244,3.535916,4.163097,4.495029
7:30:32 AM,1.653244,3.535916,4.163097,4.495029
7:30:32 AM,1.653244,3.53589,4.163073,4.495029
7:30:32 AM,1.653244,3.53589,4.163073,4.495029
7:30:32 AM,1.653244,3.535859,4.163073,4.495046
7:30:32 AM,1.653244,3.535885,4.163073,4.495046
7:30:32 AM,1.653244,3.535859,4.163073,4.495046
7:30:32 AM,1.653244,3.535859,4.163073,4.495046
7:30:32 AM,1.653244,3.535859,4.163097,4.495063
7:30:32 AM,1.653244,3.535859,4.163097,4.495063
7:30:32 AM,1.653244,3.535859,4.163097,4.495063
7:30:32 AM,1.653244,3.535859,4.163097,4.495063
7:30:32 AM,1.653244,3.535859,4.163097,4.495063
7:30:32 AM,1.653244,3.535859,4.163097,4.495063
7:30:32 AM,1.653244,3.535859,4.163097,4.495063
7:30:32 AM,1.653244,3.535859,4.163097,4.495063
7:30:32 AM,1.653244,3.535859,4.163097,4.495063
7:30:32 AM,1.653244,3.535859,4.163073,4.495063
7:30:32 AM,1.653269,3.535859,4.163073,4.495063
7:30:32 AM,1.653244,3.535859,4.163073,4.495063
7:30:32 AM,1.653269,3.535859,4.163073,4.495063
7:30:32 AM,1.653244,3.535859,4.163073,4.495046
7:30:32 AM,1.653244,3.535859,4.163073,4.495046
7:30:32 AM,1.653244,3.535859,4.163073,4.495046
7:30:32 AM,1.653269,3.535859,4.163073,4.495046
7:30:32 AM,1.653244,3.535859,4.163073,4.495046
7:30:32 AM,1.653244,3.535859,4.163073,4.495046
7:30:32 AM,1.653244,3.535859,4.163073,4.495046
7:30:32 AM,1.653244,3.535885,4.163073,4.495046
7:30:32 AM,1.653244,3.535859,4.163073,4.495046
7:30:32 AM,1.653244,3.535859,4.163073,4.495063
7:30:32 AM,1.653244,3.535859,4.163073,4.495046
7:30:32 AM,1.653219,3.535859,4.163073,4.495048
7:30:32 AM,1.653219,3.535916,4.163095,4.495048
7:30:32 AM,1.653219,3.535885,4.163095,4.495046
7:30:32 AM,1.653219,3.535916,4.163095,4.495046
7:30:32 AM,1.653219,3.535885,4.163095,4.495029
7:30:32 AM,1.653219,3.535885,4.163119,4.495048
7:30:32 AM,1.653194,3.535916,4.163073,4.495048
7:30:32 AM,1.653194,3.535885,4.163095,4.495065
7:30:32 AM,1.653219,3.535916,4.163095,4.495048
7:30:32 AM,1.653219,3.535916,4.163095,4.495029
7:30:32 AM,1.653244,3.535885,4.163073,4.495048
7:30:32 AM,1.653219,3.535859,4.163095,4.495048
7:30:32 AM,1.653219,3.535916,4.163073,4.495046
7:30:32 AM,1.653219,3.535885,4.163095,4.495065
7:30:32 AM,1.65322,3.535942,4.163073,4.495029
7:30:32 AM,1.653219,3.535916,4.163073,4.495048
7:30:32 AM,1.653219,3.535916,4.163073,4.495048
7:30:32 AM,1.653219,3.535916,4.163073,4.495065
7:30:32 AM,1.653219,3.53589,4.163073,4.495065
7:30:32 AM,1.653219,3.535859,4.163073,4.495065
7:30:32 AM,1.65322,3.535859,4.163095,4.495048
7:30:32 AM,1.653219,3.535859,4.163095,4.495046
7:30:32 AM,1.653219,3.535885,4.163095,4.495048
7:30:32 AM,1.653194,3.535911,4.163095,4.495065
7:30:32 AM,1.653219,3.535885,4.163095,4.495065
7:30:32 AM,1.653219,3.535885,4.163049,4.495048
7:30:32 AM,1.653219,3.535916,4.163095,4.495046
7:30:32 AM,1.653219,3.535885,4.163073,4.495065
7:30:32 AM,1.653219,3.535885,4.163073,4.495065
7:30:32 AM,1.653219,3.535885,4.163073,4.495065
7:30:32 AM,1.653219,3.535885,4.163073,4.495065
7:30:32 AM,1.653219,3.535859,4.163073,4.495065
7:30:32 AM,1.653219,3.535859,4.163073,4.495065
7:30:32 AM,1.653219,3.535859,4.163073,4.495065
7:30:32 AM,1.653219,3.535859,4.163073,4.495065
7:30:32 AM,1.653219,3.535885,4.163073,4.495065
7:30:32 AM,1.653219,3.535885,4.163073,4.495065
7:30:32 AM,1.653219,3.535885,4.163095,4.495048
7:30:32 AM,1.653219,3.535885,4.163095,4.495048
7:30:32 AM,1.653219,3.535885,4.163095,4.495065
7:30:32 AM,1.653219,3.535916,4.163095,4.495046
7:30:32 AM,1.653194,3.535916,4.163071,4.495048
7:30:32 AM,1.653219,3.535916,4.163073,4.495065
7:30:32 AM,1.653219,3.535885,4.163119,4.495065
7:30:32 AM,1.653219,3.535885,4.163097,4.495029
7:30:32 AM,1.653219,3.535859,4.163049,4.495046
7:30:32 AM,1.653244,3.535885,4.163095,4.495065
7:30:32 AM,1.653219,3.535885,4.163095,4.495065
7:30:32 AM,1.653244,3.535885,4.163095,4.495048
7:30:32 AM,1.653219,3.535885,4.163073,4.495065
7:30:32 AM,1.653219,3.535916,4.163073,4.495048
7:30:32 AM,1.653219,3.535916,4.163073,4.495048
7:30:32 AM,1.653219,3.535885,4.163095,4.495065
7:30:32 AM,1.653219,3.535916,4.163095,4.495048
7:30:32 AM,1.653244,3.535916,4.163119,4.495048
7:30:32 AM,1.653219,3.53589,4.163097,4.495065
7:30:32 AM,1.653194,3.535885,4.163071,4.495048
7:30:32 AM,1.653219,3.535885,4.163073,4.495048
7:30:32 AM,1.653219,3.535916,4.163095,4.495029
7:30:32 AM,1.653219,3.535885,4.163119,4.495048
7:30:32 AM,1.653219,3.535885,4.163073,4.495048
7:30:32 AM,1.653219,3.535885,4.163073,4.495065
7:30:32 AM,1.653219,3.535885,4.163073,4.495065
7:30:32 AM,1.653219,3.535885,4.163049,4.495046
7:30:32 AM,1.653219,3.535942,4.163073,4.495046
7:30:32 AM,1.653194,3.535942,4.163073,4.495065
7:30:32 AM,1.653219,3.535916,4.163095,4.495046
7:30:32 AM,1.653219,3.535911,4.163073,4.495029
7:30:32 AM,1.653219,3.535885,4.163095,4.495048
7:30:32 AM,1.653219,3.535885,4.163095,4.495046
7:30:32 AM,1.653219,3.535916,4.163073,4.495065
7:30:32 AM,1.653219,3.535916,4.163095,4.495048
7:30:32 AM,1.653219,3.535859,4.163095,4.495048
7:30:32 AM,1.653194,3.535911,4.163071,4.495065
7:30:32 AM,1.653219,3.53589,4.163095,4.495046
7:30:32 AM,1.653219,3.535859,4.163073,4.495048
7:30:32 AM,1.653194,3.535885,4.163073,4.495048
7:30:32 AM,1.653219,3.535885,4.163073,4.495046
7:30:32 AM,1.653219,3.535916,4.163095,4.495065
7:30:32 AM,1.653219,3.535916,4.163119,4.495048
7:30:32 AM,1.653219,3.535885,4.163049,4.495065
7:30:32 AM,1.653219,3.535885,4.163119,4.495046
7:30:32 AM,1.653219,3.535911,4.163097,4.495048
7:30:32 AM,1.653219,3.535885,4.163071,4.495065
7:30:32 AM,1.653219,3.535916,4.163071,4.495048
7:30:32 AM,1.653219,3.535885,4.163073,4.495065
7:30:32 AM,1.653244,3.535916,4.163073,4.495065
7:30:32 AM,1.65322,3.535916,4.163073,4.495065
7:30:32 AM,1.653219,3.535942,4.163073,4.495048
7:30:32 AM,1.653244,3.535885,4.163097,4.495065
7:30:32 AM,1.653219,3.535916,4.163073,4.495048
7:30:32 AM,1.653244,3.535885,4.163073,4.495048
7:30:32 AM,1.653194,3.535885,4.163073,4.495048
7:30:32 AM,1.653219,3.535885,4.163073,4.495065
7:30:32 AM,1.653244,3.535885,4.163095,4.495048
7:30:32 AM,1.653219,3.535911,4.163073,4.495029
7:30:32 AM,1.653219,3.53589,4.163073,4.495048
7:30:32 AM,1.65322,3.535916,4.163073,4.495048
7:30:32 AM,1.653194,3.535885,4.163119,4.495048
7:30:32 AM,1.653194,3.535916,4.163073,4.495029
7:30:32 AM,1.653219,3.535885,4.163073,4.495065
7:30:33 AM,1.653219,3.535885,4.163073,4.495065
7:30:33 AM,1.653219,3.535859,4.16305,4.495048
7:30:33 AM,1.653219,3.535859,4.16305,4.495048
7:30:33 AM,1.653219,3.53589,4.16305,4.495048
7:30:33 AM,1.653219,3.53589,4.16305,4.495048
7:30:33 AM,1.653219,3.53589,4.163073,4.495048
7:30:33 AM,1.653219,3.53589,4.16305,4.495048
7:30:33 AM,1.653219,3.53589,4.16305,4.495048
7:30:33 AM,1.653219,3.53589,4.163073,4.495048
7:30:33 AM,1.653219,3.53589,4.163073,4.495048
7:30:33 AM,1.653219,3.53589,4.163073,4.495048
7:30:33 AM,1.653219,3.53589,4.163073,4.495048
7:30:33 AM,1.653219,3.53589,4.163073,4.495048
7:30:33 AM,1.653219,3.53589,4.163073,4.495048
7:30:33 AM,1.653219,3.53589,4.163073,4.495048
7:30:33 AM,1.653219,3.53589,4.163073,4.495048
7:30:33 AM,1.653219,3.53589,4.163073,4.495048
7:30:33 AM,1.653219,3.53589,4.163073,4.495048
7:30:33 AM,1.653219,3.53589,4.163073,4.495048
7:30:33 AM,1.653219,3.53589,4.163073,4.495048
7:30:33 AM,1.653219,3.535859,4.163073,4.495048
7:30:33 AM,1.653219,3.53589,4.163073,4.495048
7:30:33 AM,1.653219,3.53589,4.16305,4.495048
7:30:33 AM,1.653219,3.53589,4.163073,4.495048
7:30:33 AM,1.653219,3.535859,4.16305,4.495048
7:30:33 AM,1.653219,3.535859,4.16305,4.495029
7:30:33 AM,1.653219,3.53589,4.163073,4.495029
7:30:33 AM,1.653219,3.53589,4.163073,4.495029
7:30:33 AM,1.653219,3.53589,4.163073,4.495029
7:30:33 AM,1.653219,3.53589,4.163073,4.495029
7:30:33 AM,1.653244,3.53589,4.163073,4.495029
7:30:33 AM,1.653244,3.53589,4.163073,4.495029
7:30:33 AM,1.653244,3.53589,4.163073,4.495029
7:30:33 AM,1.653219,3.53589,4.163073,4.495029
7:30:33 AM,1.653219,3.53589,4.163073,4.495029
7:30:33 AM,1.653219,3.53589,4.163073,4.495029
7:30:33 AM,1.653244,3.53589,4.163073,4.495029
7:30:33 AM,1.653244,3.53589,4.163073,4.495029
7:30:33 AM,1.653244,3.53589,4.16305,4.495029
7:30:33 AM,1.653244,3.535916,4.163073,4.495029
7:30:33 AM,1.653244,3.535859,4.16305,4.495029
7:30:33 AM,1.653244,3.535859,4.163073,4.495029
7:30:33 AM,1.653244,3.535859,4.16305,4.495029
7:30:33 AM,1.653244,3.535859,4.16305,4.495029
7:30:33 AM,1.653219,3.535859,4.163073,4.495048
7:30:33 AM,1.653219,3.535859,4.16305,4.495048
7:30:33 AM,1.653219,3.535859,4.16305,4.495048
7:30:33 AM,1.653219,3.535859,4.16305,4.495048
7:30:33 AM,1.653219,3.535885,4.163073,4.495065
7:30:33 AM,1.653219,3.53589,4.163073,4.495048
7:30:33 AM,1.653219,3.53589,4.163073,4.495048
7:30:33 AM,1.653219,3.535859,4.163073,4.495048
7:30:33 AM,1.653219,3.535859,4.163073,4.495048
7:30:33 AM,1.653219,3.535859,4.163073,4.495048
7:30:33 AM,1.653219,3.535859,4.163073,4.495048
7:30:33 AM,1.653219,3.535859,4.163073,4.495048
7:30:33 AM,1.653219,3.535859,4.16305,4.495065
7:30:33 AM,1.653219,3.535859,4.163073,4.495065
7:30:33 AM,1.653219,3.535859,4.163073,4.495065
7:30:33 AM,1.653219,3.535859,4.163073,4.495065
7:30:33 AM,1.653219,3.535859,4.163073,4.495048
7:30:33 AM,1.653219,3.535859,4.163073,4.495065
7:30:33 AM,1.653219,3.535859,4.163073,4.495065
7:30:33 AM,1.653219,3.535859,4.163073,4.495065
7:30:33 AM,1.653219,3.535859,4.163073,4.495065
7:30:33 AM,1.653219,3.535859,4.163073,4.495048
7:30:33 AM,1.653219,3.535859,4.163073,4.495048
7:30:33 AM,1.653219,3.535859,4.163073,4.495065
7:30:33 AM,1.653219,3.535859,4.163073,4.495065
7:30:33 AM,1.653219,3.535859,4.163073,4.495065
7:30:33 AM,1.653219,3.535885,4.163073,4.495065
7:30:33 AM,1.653219,3.535885,4.163073,4.495065
7:30:33 AM,1.653219,3.535859,4.163073,4.495048
7:30:33 AM,1.653219,3.53589,4.163073,4.495048
7:30:33 AM,1.653219,3.535859,4.163073,4.495048
7:30:33 AM,1.653219,3.535859,4.16305,4.495048
7:30:33 AM,1.653219,3.53589,4.163073,4.495048
7:30:33 AM,1.653219,3.53589,4.16305,4.495048
7:30:33 AM,1.653219,3.53589,4.16305,4.495048
7:30:33 AM,1.653219,3.53589,4.16305,4.495048
7:30:33 AM,1.653219,3.53589,4.16305,4.495048
7:30:33 AM,1.653219,3.53589,4.16305,4.495048
7:30:33 AM,1.653219,3.535859,4.16305,4.495048
7:30:33 AM,1.653219,3.535859,4.16305,4.495048
7:30:33 AM,1.653219,3.535859,4.16305,4.495048
7:30:33 AM,1.653219,3.535859,4.163073,4.495065
7:30:33 AM,1.653219,3.535859,4.16305,4.495065
7:30:33 AM,1.653219,3.535859,4.163073,4.495065
7:30:33 AM,1.653219,3.535859,4.16305,4.495065
7:30:33 AM,1.653219,3.535859,4.16305,4.495065
7:30:33 AM,1.653219,3.535859,4.16305,4.495065
7:30:33 AM,1.653219,3.535859,4.16305,4.495065
7:30:33 AM,1.653219,3.535859,4.16305,4.495065
7:30:33 AM,1.653219,3.535859,4.16305,4.495048
7:30:33 AM,1.653219,3.535859,4.16305,4.495065
7:30:33 AM,1.653219,3.535859,4.16305,4.495048
7:30:33 AM,1.653219,3.535859,4.16305,4.495048
7:30:33 AM,1.653219,3.535859,4.163073,4.495048
7:30:33 AM,1.653219,3.535911,4.163049,4.495048
7:30:33 AM,1.65322,3.535885,4.163073,4.495083
7:30:33 AM,1.653219,3.535916,4.163073,4.495065
7:30:33 AM,1.653194,3.535885,4.163095,4.495065
7:30:33 AM,1.653194,3.535833,4.163073,4.495048
7:30:33 AM,1.653194,3.535859,4.163119,4.495065
7:30:33 AM,1.653194,3.535859,4.163073,4.495065
7:30:33 AM,1.653194,3.535859,4.163095,4.495065
7:30:33 AM,1.653194,3.535859,4.163073,4.495046
7:30:33 AM,1.653194,3.535859,4.163097,4.495029
7:30:33 AM,1.653244,3.535859,4.163119,4.495048
7:30:33 AM,1.653194,3.535859,4.163097,4.495065
7:30:33 AM,1.653194,3.535859,4.163095,4.495065
7:30:33 AM,1.653194,3.535859,4.163095,4.495065
7:30:33 AM,1.653194,3.535885,4.163119,4.495065
7:30:33 AM,1.653194,3.535859,4.163095,4.495048
7:30:33 AM,1.653194,3.535859,4.163073,4.495065
7:30:33 AM,1.653194,3.535859,4.163073,4.495065
7:30:33 AM,1.653194,3.53589,4.163095,4.495065
7:30:33 AM,1.653219,3.535859,4.163073,4.495083
7:30:33 AM,1.65322,3.535859,4.163095,4.495065
7:30:33 AM,1.653194,3.53589,4.163073,4.495046
7:30:33 AM,1.653219,3.535859,4.163095,4.495046
7:30:33 AM,1.653194,3.535833,4.163095,4.495065
7:30:33 AM,1.653194,3.535859,4.163071,4.495065
7:30:33 AM,1.65322,3.53589,4.163119,4.495065
7:30:33 AM,1.653194,3.535885,4.163073,4.495085
7:30:33 AM,1.653194,3.535859,4.163095,4.495065
7:30:33 AM,1.653194,3.535859,4.163095,4.495065
7:30:33 AM,1.653194,3.535859,4.163073,4.495065
7:30:33 AM,1.653194,3.535859,4.163095,4.495065
7:30:33 AM,1.653194,3.535885,4.163073,4.495065
7:30:33 AM,1.653219,3.535859,4.163095,4.495065
7:30:33 AM,1.653219,3.53589,4.163095,4.495065
7:30:33 AM,1.653194,3.535859,4.163095,4.495048
7:30:33 AM,1.653194,3.53589,4.163119,4.495065
7:30:33 AM,1.653219,3.535859,4.163049,4.495085
7:30:33 AM,1.65322,3.535833,4.163073,4.495065
7:30:33 AM,1.65322,3.535859,4.163097,4.495065
7:30:33 AM,1.653194,3.535859,4.163097,4.495048
7:30:33 AM,1.653219,3.535859,4.163119,4.495046
7:30:33 AM,1.653244,3.535859,4.163095,4.495065
7:30:33 AM,1.653194,3.535859,4.163095,4.495065
7:30:33 AM,1.653194,3.535859,4.163073,4.495065
7:30:33 AM,1.65322,3.535859,4.163073,4.495065
7:30:33 AM,1.653194,3.53589,4.163095,4.495083
7:30:33 AM,1.653194,3.535885,4.163095,4.495065
7:30:33 AM,1.653194,3.53589,4.163095,4.495083
7:30:33 AM,1.653194,3.535833,4.163095,4.495065
7:30:33 AM,1.653244,3.535859,4.163095,4.495065
7:30:33 AM,1.653194,3.535859,4.163073,4.495046
7:30:33 AM,1.653244,3.535859,4.163073,4.495065
7:30:33 AM,1.653244,3.535885,4.163095,4.495065
7:30:33 AM,1.653219,3.535859,4.163095,4.495065
7:30:33 AM,1.653194,3.535859,4.163095,4.495085
7:30:33 AM,1.653194,3.535859,4.163095,4.495048
7:30:33 AM,1.653194,3.535885,4.163095,4.495065
7:30:33 AM,1.653194,3.535859,4.163119,4.495083
7:30:33 AM,1.653194,3.535859,4.163073,4.495065
7:30:33 AM,1.653194,3.535864,4.163073,4.495065
7:30:33 AM,1.653244,3.535859,4.163073,4.495065
7:30:33 AM,1.653194,3.535833,4.163095,4.495065
7:30:33 AM,1.65322,3.535859,4.163095,4.495065
7:30:33 AM,1.65322,3.535859,4.163119,4.495065
7:30:33 AM,1.653194,3.535859,4.163095,4.495065
7:30:33 AM,1.65322,3.53589,4.163095,4.495065
7:30:33 AM,1.653194,3.535859,4.163095,4.495048
7:30:33 AM,1.65322,3.535859,4.163095,4.495046
7:30:33 AM,1.653219,3.535859,4.163073,4.495065
7:30:33 AM,1.653194,3.53589,4.163095,4.495065
7:30:33 AM,1.653194,3.535859,4.163073,4.495065
7:30:33 AM,1.65322,3.535885,4.163073,4.495065
7:30:33 AM,1.65322,3.535885,4.163073,4.495048
7:30:33 AM,1.653244,3.53589,4.163119,4.495083
7:30:33 AM,1.653194,3.535859,4.163095,4.495065
7:30:33 AM,1.653194,3.535859,4.163073,4.495085
7:30:33 AM,1.653194,3.535885,4.163119,4.495065
7:30:33 AM,1.653194,3.535885,4.163073,4.495046
7:30:33 AM,1.653194,3.53589,4.163073,4.495065
7:30:33 AM,1.653219,3.535885,4.163095,4.495065
7:30:33 AM,1.653194,3.535859,4.163073,4.495065
7:30:33 AM,1.65322,3.535859,4.163073,4.495048
7:30:33 AM,1.653194,3.535859,4.163073,4.495065
7:30:33 AM,1.65322,3.535859,4.163073,4.495065
7:30:33 AM,1.65322,3.535859,4.163095,4.495048
7:30:33 AM,1.653194,3.535916,4.163095,4.495046
7:30:33 AM,1.653194,3.535859,4.163095,4.495046
7:30:33 AM,1.653244,3.535859,4.163095,4.495046
7:30:33 AM,1.653194,3.535859,4.163095,4.495065
7:30:33 AM,1.653194,3.535859,4.163097,4.495083
7:30:33 AM,1.653194,3.535859,4.163095,4.495046
7:30:33 AM,1.653194,3.535859,4.163073,4.495048
7:30:33 AM,1.653194,3.535859,4.163095,4.495029
7:30:33 AM,1.653194,3.535859,4.163095,4.495065
7:30:33 AM,1.65322,3.53589,4.163095,4.495065
7:30:33 AM,1.653219,3.53589,4.163095,4.495029
7:30:33 AM,1.653219,3.535859,4.163095,4.495065
7:30:33 AM,1.653194,3.535859,4.163073,4.495048
7:30:33 AM,1.653194,3.535885,4.163073,4.495065
7:30:33 AM,1.653194,3.535859,4.163095,4.495065
7:30:33 AM,1.653194,3.535859,4.163095,4.495065
7:30:33 AM,1.653194,3.535859,4.163073,4.495065
7:30:34 AM,1.653219,3.535916,4.163095,4.495046
7:30:34 AM,1.653219,3.535916,4.163095,4.495046
7:30:34 AM,1.653219,3.535916,4.163095,4.495046
7:30:34 AM,1.653219,3.535916,4.163095,4.495046
7:30:34 AM,1.653219,3.535916,4.163095,4.495065
7:30:34 AM,1.653219,3.535916,4.163095,4.495065
7:30:34 AM,1.653219,3.535916,4.163095,4.495065
7:30:34 AM,1.653219,3.535916,4.163095,4.495065
7:30:34 AM,1.653219,3.535916,4.163095,4.495065
7:30:34 AM,1.653219,3.535916,4.163095,4.495065
7:30:34 AM,1.653244,3.535916,4.163095,4.495065
7:30:34 AM,1.653244,3.535916,4.163118,4.495065
7:30:34 AM,1.653244,3.535916,4.163118,4.495065
7:30:34 AM,1.653244,3.535916,4.163118,4.495065
7:30:34 AM,1.653244,3.535916,4.163118,4.495065
7:30:34 AM,1.653244,3.535916,4.163118,4.495065
7:30:34 AM,1.653244,3.535916,4.163118,4.495065
7:30:34 AM,1.653244,3.535916,4.163118,4.495065
7:30:34 AM,1.653244,3.535916,4.163118,4.495065
7:30:34 AM,1.653244,3.535916,4.163095,4.495048
7:30:34 AM,1.653244,3.535916,4.163118,4.495048
7:30:34 AM,1.653219,3.535916,4.163095,4.495046
7:30:34 AM,1.653244,3.535916,4.163118,4.495048
7:30:34 AM,1.653244,3.535942,4.163095,4.495046
7:30:34 AM,1.653219,3.535942,4.163095,4.495065
7:30:34 AM,1.653219,3.535916,4.163073,4.495065
7:30:34 AM,1.653219,3.535916,4.163073,4.495065
7:30:34 AM,1.653219,3.535916,4.163095,4.495048
7:30:34 AM,1.653219,3.535916,4.163095,4.495048
7:30:34 AM,1.653219,3.535916,4.163095,4.495048
7:30:34 AM,1.653219,3.535916,4.163095,4.495048
7:30:34 AM,1.653219,3.535916,4.163095,4.495048
7:30:34 AM,1.653219,3.535916,4.163095,4.495048
7:30:34 AM,1.653219,3.535916,4.163095,4.495048
7:30:34 AM,1.653219,3.535916,4.163095,4.495065
7:30:34 AM,1.653219,3.535916,4.163095,4.495048
7:30:34 AM,1.653219,3.535916,4.163095,4.495029
7:30:34 AM,1.653219,3.535916,4.163095,4.495048
7:30:34 AM,1.653219,3.535916,4.163095,4.495065
7:30:34 AM,1.653219,3.535916,4.163095,4.495048
7:30:34 AM,1.653244,3.535942,4.163095,4.495065
7:30:34 AM,1.653244,3.535942,4.163095,4.495046
7:30:34 AM,1.653244,3.535942,4.163095,4.495065
7:30:34 AM,1.653244,3.535942,4.163095,4.495065
7:30:34 AM,1.653219,3.535942,4.163095,4.495065
7:30:34 AM,1.653219,3.535942,4.163095,4.495065
7:30:34 AM,1.653219,3.535916,4.163095,4.495065
7:30:34 AM,1.65322,3.535859,4.163073,4.495085
7:30:34 AM,1.653244,3.535916,4.163118,4.495048
7:30:34 AM,1.653244,3.535916,4.163118,4.495048
7:30:34 AM,1.65322,3.535885,4.163095,4.495065
7:30:34 AM,1.65322,3.535916,4.163095,4.495065
7:30:34 AM,1.65322,3.535885,4.163095,4.495065
7:30:34 AM,1.653194,3.535885,4.163095,4.495065
7:30:34 AM,1.653194,3.535885,4.163095,4.495065
7:30:34 AM,1.653194,3.535885,4.163095,4.495065
7:30:34 AM,1.653194,3.535885,4.163095,4.495065
7:30:34 AM,1.653194,3.535885,4.163095,4.495065
7:30:34 AM,1.653194,3.535916,4.163095,4.495065
7:30:34 AM,1.653194,3.535916,4.163095,4.495065
7:30:34 AM,1.653194,3.535916,4.163095,4.495065
7:30:34 AM,1.653194,3.535885,4.163095,4.495065
7:30:34 AM,1.653194,3.535885,4.163095,4.495065
7:30:34 AM,1.653194,3.535885,4.163095,4.495065
7:30:34 AM,1.653194,3.535885,4.163095,4.495065
7:30:34 AM,1.653194,3.535885,4.163095,4.495065
7:30:34 AM,1.653194,3.535885,4.163095,4.495065
7:30:34 AM,1.653194,3.535885,4.163095,4.495065
7:30:34 AM,1.653194,3.535885,4.163095,4.495065
7:30:34 AM,1.653194,3.535885,4.163095,4.495065
7:30:34 AM,1.653194,3.535885,4.163073,4.495065
7:30:34 AM,1.65322,3.535916,4.163095,4.495065
7:30:34 AM,1.653244,3.535916,4.163118,4.495048
7:30:34 AM,1.65322,3.535916,4.163095,4.495065
7:30:34 AM,1.65322,3.535916,4.163095,4.495065
7:30:34 AM,1.653244,3.535916,4.163095,4.495065
7:30:34 AM,1.653244,3.535916,4.163118,4.495065
7:30:34 AM,1.653244,3.535916,4.163118,4.495065
7:30:34 AM,1.653244,3.535916,4.163118,4.495065
7:30:34 AM,1.653244,3.535916,4.163118,4.495065
7:30:34 AM,1.653244,3.535916,4.163095,4.495065
7:30:34 AM,1.653244,3.535916,4.163118,4.495065
7:30:34 AM,1.653244,3.535916,4.163095,4.495065
7:30:34 AM,1.653244,3.535916,4.163118,4.495065
7:30:34 AM,1.653244,3.535916,4.163118,4.495065
7:30:34 AM,1.653244,3.535916,4.163118,4.495065
7:30:34 AM,1.653244,3.535916,4.163118,4.495065
7:30:34 AM,1.653244,3.535916,4.163118,4.495065
7:30:34 AM,1.653244,3.535916,4.163118,4.495065
7:30:34 AM,1.653244,3.535916,4.163118,4.495065
7:30:34 AM,1.65322,3.535916,4.163118,4.495065
7:30:34 AM,1.65322,3.535916,4.163118,4.495065
7:30:34 AM,1.65322,3.535916,4.163095,4.495065
7:30:34 AM,1.65322,3.535916,4.163095,4.495065
7:30:34 AM,1.65322,3.535916,4.163095,4.495065
7:30:34 AM,1.65322,3.535916,4.163095,4.495065
7:30:34 AM,1.65322,3.535916,4.163095,4.495065
7:30:34 AM,1.653244,3.53589,4.163119,4.495048
7:30:34 AM,1.653194,3.535859,4.163095,4.495065
7:30:34 AM,1.653194,3.535859,4.163073,4.495065
7:30:34 AM,1.653244,3.535885,4.163095,4.495063
7:30:34 AM,1.65322,3.535859,4.163095,4.495063
7:30:34 AM,1.65322,3.535859,4.163095,4.495083
7:30:34 AM,1.653219,3.53589,4.163095,4.495083
7:30:34 AM,1.65322,3.53589,4.163095,4.495063
7:30:34 AM,1.653194,3.535916,4.163095,4.495046
7:30:34 AM,1.653244,3.535859,4.163095,4.495083
7:30:34 AM,1.653244,3.535859,4.163095,4.495065
7:30:34 AM,1.65322,3.535885,4.163093,4.495065
7:30:34 AM,1.65327,3.535859,4.163118,4.495063
7:30:34 AM,1.653194,3.535916,4.163118,4.495046
7:30:34 AM,1.653244,3.535885,4.163118,4.495063
7:30:34 AM,1.653244,3.535859,4.163118,4.495046
7:30:34 AM,1.65327,3.53589,4.163095,4.495065
7:30:34 AM,1.653244,3.535916,4.163071,4.495065
7:30:34 AM,1.653244,3.535859,4.163095,4.495065
7:30:34 AM,1.653244,3.53589,4.163095,4.495083
7:30:34 AM,1.653244,3.535859,4.163095,4.495046
7:30:34 AM,1.65322,3.535859,4.163118,4.495063
7:30:34 AM,1.65322,3.53589,4.163071,4.495083
7:30:34 AM,1.653244,3.53589,4.163118,4.495065
7:30:34 AM,1.653244,3.535859,4.163119,4.495046
7:30:34 AM,1.653244,3.535859,4.163095,4.495063
7:30:34 AM,1.653194,3.535885,4.163095,4.495063
7:30:34 AM,1.653244,3.535916,4.163095,4.495065
7:30:34 AM,1.653244,3.53589,4.163118,4.495063
7:30:34 AM,1.65322,3.53589,4.163119,4.495046
7:30:34 AM,1.653244,3.53589,4.163118,4.495063
7:30:34 AM,1.653244,3.535859,4.163095,4.495065
7:30:34 AM,1.653244,3.53589,4.163095,4.495063
7:30:34 AM,1.65322,3.53589,4.163095,4.495083
7:30:34 AM,1.653244,3.53589,4.163095,4.495063
7:30:34 AM,1.653244,3.535859,4.163118,4.495046
7:30:34 AM,1.653244,3.535916,4.163095,4.495063
7:30:34 AM,1.653244,3.53589,4.163095,4.495065
7:30:34 AM,1.65322,3.53589,4.163095,4.495063
7:30:34 AM,1.653244,3.535859,4.163095,4.495046
7:30:34 AM,1.653244,3.53589,4.163095,4.495063
7:30:34 AM,1.653244,3.535859,4.163095,4.495046
7:30:34 AM,1.653244,3.53589,4.163118,4.495046
7:30:34 AM,1.65322,3.535859,4.163095,4.495063
7:30:34 AM,1.653244,3.535916,4.163095,4.495063
7:30:34 AM,1.653244,3.535885,4.163095,4.495046
7:30:34 AM,1.65322,3.535859,4.163119,4.495046
7:30:34 AM,1.653244,3.535916,4.163095,4.495065
7:30:34 AM,1.653219,3.53589,4.163118,4.495046
7:30:34 AM,1.653244,3.535916,4.163095,4.495083
7:30:34 AM,1.653219,3.535859,4.163118,4.495063
7:30:34 AM,1.65327,3.53589,4.163118,4.495065
7:30:34 AM,1.653244,3.53589,4.163095,4.495063
7:30:34 AM,1.653244,3.535916,4.163118,4.495083
7:30:34 AM,1.65322,3.53589,4.163142,4.495046
7:30:34 AM,1.65322,3.53589,4.163095,4.495063
7:30:34 AM,1.653244,3.535885,4.163118,4.495063
7:30:34 AM,1.653244,3.535859,4.163118,4.495046
7:30:34 AM,1.653244,3.535859,4.163095,4.495063
7:30:34 AM,1.653244,3.53589,4.163095,4.495083
7:30:34 AM,1.653244,3.53589,4.163071,4.495046
7:30:34 AM,1.653244,3.535885,4.163071,4.495063
7:30:34 AM,1.65327,3.53589,4.163095,4.495046
7:30:34 AM,1.65327,3.535859,4.163095,4.495046
7:30:34 AM,1.65322,3.535885,4.163071,4.495063
7:30:34 AM,1.653244,3.535916,4.163118,4.495083
7:30:34 AM,1.65327,3.535859,4.163118,4.495083
7:30:34 AM,1.653244,3.535859,4.163118,4.495046
7:30:34 AM,1.653244,3.535916,4.163095,4.495063
7:30:34 AM,1.65327,3.53589,4.163118,4.495083
7:30:34 AM,1.653244,3.53589,4.163071,4.495063
7:30:34 AM,1.653194,3.535859,4.163073,4.495065
7:30:34 AM,1.653194,3.535859,4.163073,4.495065
7:30:34 AM,1.653194,3.535859,4.163095,4.495065
7:30:34 AM,1.65322,3.535859,4.163095,4.495063
7:30:34 AM,1.653244,3.535916,4.163118,4.495083
7:30:34 AM,1.653244,3.53589,4.163118,4.495063
7:30:34 AM,1.653244,3.535859,4.163118,4.495065
7:30:34 AM,1.653244,3.53589,4.163095,4.495065
7:30:34 AM,1.65322,3.53589,4.163118,4.495083
7:30:34 AM,1.653244,3.53589,4.163071,4.495083
7:30:34 AM,1.653244,3.53589,4.163095,4.495046
7:30:34 AM,1.653219,3.53589,4.163119,4.495046
7:30:34 AM,1.65322,3.535859,4.163142,4.495063
7:30:34 AM,1.653244,3.535885,4.163071,4.495065
7:30:34 AM,1.65322,3.535859,4.163118,4.495083
7:30:34 AM,1.65322,3.53589,4.163118,4.495063
7:30:34 AM,1.653244,3.535885,4.163095,4.495046
7:30:34 AM,1.653219,3.535885,4.163142,4.495065
7:30:34 AM,1.653245,3.535859,4.163118,4.495063
7:30:34 AM,1.653244,3.53589,4.163118,4.495063
7:30:34 AM,1.653244,3.535916,4.163095,4.495065
7:30:34 AM,1.653244,3.53589,4.163095,4.495065
7:30:34 AM,1.65322,3.53589,4.163093,4.495083
7:30:34 AM,1.65322,3.535859,4.163118,4.495065
7:30:34 AM,1.65322,3.53589,4.163118,4.495046
7:30:34 AM,1.653244,3.535859,4.163095,4.495083
7:30:34 AM,1.653245,3.53589,4.163095,4.495046
7:30:34 AM,1.653194,3.535885,4.163095,4.495063
7:30:34 AM,1.653244,3.535859,4.163093,4.495083
7:30:34 AM,1.65322,3.535859,4.163095,4.495083
7:30:34 AM,1.653245,3.535859,4.163118,4.495063
7:30:35 AM,1.653194,3.535859,4.163073,4.495065
7:30:35 AM,1.653244,3.535859,4.163095,4.495065
7:30:35 AM,1.653194,3.535859,4.163073,4.495065
7:30:35 AM,1.653194,3.535859,4.163073,4.495065
7:30:35 AM,1.653194,3.535829,4.163073,4.495065
7:30:35 AM,1.653194,3.535829,4.163073,4.495065
7:30:35 AM,1.653194,3.535829,4.163073,4.495065
7:30:35 AM,1.653194,3.535829,4.163095,4.495065
7:30:35 AM,1.653194,3.535829,4.163095,4.495065
7:30:35 AM,1.653194,3.535829,4.163095,4.495065
7:30:35 AM,1.653194,3.535829,4.163095,4.495065
7:30:35 AM,1.653194,3.535829,4.163095,4.495065
7:30:35 AM,1.653194,3.535829,4.163073,4.495065
7:30:35 AM,1.653194,3.535829,4.163073,4.495065
7:30:35 AM,1.653194,3.535859,4.163073,4.495065
7:30:35 AM,1.653194,3.535859,4.163073,4.495065
7:30:35 AM,1.653194,3.535859,4.163073,4.495065
7:30:35 AM,1.653194,3.535859,4.163073,4.495065
7:30:35 AM,1.653194,3.535859,4.163073,4.495065
7:30:35 AM,1.653194,3.535859,4.163073,4.495065
7:30:35 AM,1.653194,3.535859,4.163073,4.495065
7:30:35 AM,1.653194,3.535859,4.163073,4.495065
7:30:35 AM,1.653194,3.535859,4.163073,4.495065
7:30:35 AM,1.653194,3.535829,4.163073,4.495085
7:30:35 AM,1.653194,3.535859,4.163073,4.495065
7:30:35 AM,1.653194,3.535859,4.163073,4.495067
7:30:35 AM,1.653194,3.535859,4.163073,4.495048
7:30:35 AM,1.65322,3.535859,4.163118,4.495083
7:30:35 AM,1.653194,3.535859,4.163073,4.495065
7:30:35 AM,1.653194,3.535859,4.163073,4.495065
7:30:35 AM,1.653194,3.535859,4.163073,4.495065
7:30:35 AM,1.653194,3.535859,4.163073,4.495065
7:30:35 AM,1.653194,3.535859,4.163073,4.495065
7:30:35 AM,1.653194,3.535859,4.163073,4.495065
7:30:35 AM,1.653194,3.535859,4.163073,4.495065
7:30:35 AM,1.653194,3.535859,4.163073,4.495065
7:30:35 AM,1.653194,3.535859,4.163073,4.495065
7:30:35 AM,1.653194,3.535859,4.163073,4.495065
7:30:35 AM,1.653194,3.535859,4.163073,4.495065
7:30:35 AM,1.653194,3.535859,4.163073,4.495065
7:30:35 AM,1.653194,3.535859,4.163073,4.495065
7:30:35 AM,1.653194,3.535829,4.163073,4.495065
7:30:35 AM,1.653194,3.535859,4.163073,4.495085
7:30:35 AM,1.653194,3.535859,4.163073,4.495085
7:30:35 AM,1.653194,3.535829,4.163073,4.495085
7:30:35 AM,1.653194,3.535829,4.163073,4.495085
7:30:35 AM,1.653194,3.535829,4.163073,4.495085
7:30:35 AM,1.653194,3.535829,4.163073,4.495065
7:30:35 AM,1.653194,3.535859,4.163073,4.495048
7:30:35 AM,1.653194,3.535859,4.163073,4.495065
7:30:35 AM,1.653194,3.535859,4.163073,4.495065
7:30:35 AM,1.653194,3.535859,4.163073,4.495065
7:30:35 AM,1.653244,3.53589,4.163095,4.495065
7:30:35 AM,1.653244,3.53589,4.163095,4.495065
7:30:35 AM,1.653244,3.53589,4.163095,4.495065
7:30:35 AM,1.653244,3.53589,4.163095,4.495065
7:30:35 AM,1.653244,3.53589,4.163095,4.495065
7:30:35 AM,1.653244,3.53589,4.163095,4.495065
7:30:35 AM,1.653244,3.53589,4.163095,4.495083
7:30:35 AM,1.653244,3.53589,4.163095,4.495065
7:30:35 AM,1.653194,3.535859,4.163073,4.495065
7:30:35 AM,1.653244,3.53589,4.163095,4.495065
7:30:35 AM,1.653244,3.53589,4.163095,4.495065
7:30:35 AM,1.653244,3.53589,4.163118,4.495065
7:30:35 AM,1.653244,3.53589,4.163118,4.495046
7:30:35 AM,1.653244,3.53589,4.163118,4.495046
7:30:35 AM,1.653244,3.53589,4.163118,4.495046
7:30:35 AM,1.653244,3.53589,4.163118,4.495046
7:30:35 AM,1.653219,3.53589,4.163118,4.495063
7:30:35 AM,1.653244,3.53589,4.163095,4.495063
7:30:35 AM,1.653244,3.535859,4.163095,4.495046
7:30:35 AM,1.653244,3.53589,4.163093,4.495083
7:30:35 AM,1.65322,3.53589,4.163095,4.495063
7:30:35 AM,1.653244,3.53589,4.163095,4.495065
7:30:35 AM,1.653244,3.53589,4.163095,4.495065
7:30:35 AM,1.653244,3.53589,4.163095,4.495065
7:30:35 AM,1.653244,3.53589,4.163095,4.495065
7:30:35 AM,1.653194,3.535859,4.163073,4.495065
7:30:35 AM,1.653244,3.53589,4.163095,4.495065
7:30:35 AM,1.653194,3.535859,4.163073,4.495065
7:30:35 AM,1.653219,3.535859,4.163073,4.495065
7:30:35 AM,1.653219,3.535859,4.163073,4.495065
7:30:35 AM,1.653219,3.535859,4.163073,4.495065
7:30:35 AM,1.653194,3.535859,4.163073,4.495065
7:30:35 AM,1.653219,3.535859,4.163073,4.495065
7:30:35 AM,1.653219,3.535859,4.163073,4.495065
7:30:35 AM,1.653219,3.535859,4.163073,4.495065
7:30:35 AM,1.653219,3.535859,4.163073,4.495065
7:30:35 AM,1.653194,3.535859,4.163073,4.495065
7:30:35 AM,1.653219,3.53589,4.163073,4.495065
7:30:35 AM,1.653219,3.535859,4.163073,4.495065
7:30:35 AM,1.653219,3.53589,4.163095,4.495065
7:30:35 AM,1.653219,3.53589,4.163095,4.495065
7:30:35 AM,1.653219,3.53589,4.163095,4.495065
7:30:35 AM,1.653219,3.53589,4.163095,4.495065
7:30:35 AM,1.653219,3.53589,4.163073,4.495065
7:30:35 AM,1.653219,3.53589,4.163073,4.495065
7:30:35 AM,1.653219,3.53589,4.163073,4.495065
7:30:35 AM,1.653219,3.53589,4.163073,4.495065
7:30:35 AM,1.653219,3.53589,4.163095,4.495065
7:30:35 AM,1.653194,3.53589,4.163075,4.495063
7:30:35 AM,1.653194,3.535916,4.163075,4.49508
7:30:35 AM,1.653194,3.535855,4.163075,4.495083
7:30:35 AM,1.653194,3.535885,4.163099,4.49508
7:30:35 AM,1.653194,3.535885,4.163097,4.495083
7:30:35 AM,1.653244,3.535916,4.163075,4.495063
7:30:35 AM,1.653219,3.535885,4.163075,4.49508
7:30:35 AM,1.653194,3.535916,4.163099,4.495063
7:30:35 AM,1.653219,3.535885,4.163075,4.49508
7:30:35 AM,1.65322,3.535885,4.163052,4.495083
7:30:35 AM,1.653219,3.535855,4.163099,4.495063
7:30:35 AM,1.653219,3.535916,4.163121,4.4951
7:30:35 AM,1.653219,3.535885,4.163075,4.4951
7:30:35 AM,1.653219,3.535885,4.163075,4.49508
7:30:35 AM,1.653194,3.535885,4.163075,4.4951
7:30:35 AM,1.65322,3.535885,4.163075,4.49508
7:30:35 AM,1.65322,3.53589,4.163075,4.495063
7:30:35 AM,1.653219,3.535885,4.163097,4.495083
7:30:35 AM,1.65322,3.535859,4.163075,4.49508
7:30:35 AM,1.653219,3.535916,4.163075,4.495063
7:30:35 AM,1.653194,3.535916,4.163052,4.495063
7:30:35 AM,1.653194,3.535885,4.163097,4.49508
7:30:35 AM,1.653219,3.535885,4.163075,4.49508
7:30:35 AM,1.653194,3.535885,4.163075,4.49508
7:30:35 AM,1.653219,3.535885,4.163075,4.49508
7:30:35 AM,1.653194,3.535859,4.163052,4.4951
7:30:35 AM,1.653219,3.53589,4.163099,4.495063
7:30:35 AM,1.653194,3.535885,4.163075,4.495083
7:30:35 AM,1.653244,3.535859,4.163075,4.4951
7:30:35 AM,1.653244,3.535885,4.163075,4.495083
7:30:35 AM,1.653219,3.535859,4.163075,4.495063
7:30:35 AM,1.653244,3.535885,4.163075,4.4951
7:30:35 AM,1.653244,3.535916,4.163075,4.495063
7:30:35 AM,1.653219,3.535885,4.163075,4.495083
7:30:35 AM,1.653244,3.535885,4.163075,4.495083
7:30:35 AM,1.653194,3.535859,4.163099,4.495063
7:30:35 AM,1.653219,3.535885,4.163075,4.49508
7:30:35 AM,1.653194,3.535859,4.163097,4.4951
7:30:35 AM,1.653244,3.535855,4.163075,4.49508
7:30:35 AM,1.65322,3.535885,4.163075,4.495083
7:30:35 AM,1.653194,3.535859,4.163052,4.4951
7:30:35 AM,1.653194,3.535859,4.163075,4.4951
7:30:35 AM,1.65322,3.535885,4.163099,4.4951
7:30:35 AM,1.653194,3.535916,4.163075,4.49508
7:30:35 AM,1.653219,3.535885,4.163075,4.495083
7:30:35 AM,1.653194,3.535916,4.163075,4.495083
7:30:35 AM,1.653219,3.535885,4.163075,4.49508
7:30:35 AM,1.653219,3.535859,4.163097,4.495063
7:30:35 AM,1.653244,3.535885,4.163075,4.49508
7:30:35 AM,1.653194,3.535885,4.163075,4.4951
7:30:35 AM,1.653194,3.535885,4.163075,4.495063
7:30:35 AM,1.653194,3.535885,4.163075,4.495063
7:30:35 AM,1.653244,3.535859,4.163075,4.49508
7:30:35 AM,1.653194,3.535885,4.163075,4.49508
7:30:35 AM,1.653219,3.535916,4.163075,4.495083
7:30:35 AM,1.65322,3.535885,4.163075,4.495083
7:30:35 AM,1.653219,3.535855,4.163075,4.49508
7:30:35 AM,1.653219,3.535885,4.163075,4.4951
7:30:35 AM,1.65322,3.535855,4.163075,4.49508
7:30:35 AM,1.653194,3.535885,4.163052,4.495083
7:30:35 AM,1.653219,3.535885,4.163075,4.4951
7:30:35 AM,1.653219,3.535859,4.163075,4.495063
7:30:35 AM,1.653219,3.535855,4.163097,4.49508
7:30:35 AM,1.653194,3.535859,4.163075,4.49508
7:30:35 AM,1.653194,3.535859,4.163075,4.495063
7:30:35 AM,1.653219,3.535916,4.163097,4.49508
7:30:35 AM,1.653244,3.535916,4.163075,4.495063
7:30:35 AM,1.653219,3.535859,4.163075,4.495083
7:30:35 AM,1.653219,3.535885,4.163075,4.49508
7:30:35 AM,1.653194,3.535885,4.163075,4.49508
7:30:35 AM,1.653219,3.535885,4.163075,4.4951
7:30:35 AM,1.653194,3.535859,4.163075,4.4951
7:30:35 AM,1.653194,3.535885,4.163075,4.495083
7:30:35 AM,1.653244,3.535885,4.163121,4.49508
7:30:35 AM,1.653219,3.53589,4.163097,4.495063
7:30:35 AM,1.653194,3.535855,4.163075,4.495083
7:30:35 AM,1.653194,3.535859,4.163075,4.495063
7:30:35 AM,1.653194,3.535885,4.163097,4.4951
7:30:35 AM,1.653194,3.535855,4.163075,4.49508
7:30:35 AM,1.653219,3.535885,4.163099,4.495063
7:30:35 AM,1.653244,3.535859,4.163075,4.495083
7:30:35 AM,1.653219,3.535916,4.163097,4.4951
7:30:35 AM,1.653194,3.535855,4.163075,4.49508
7:30:35 AM,1.653194,3.53589,4.163075,4.49508
7:30:35 AM,1.653194,3.535829,4.163121,4.49508
7:30:35 AM,1.653194,3.535859,4.163075,4.4951
7:30:35 AM,1.65322,3.535859,4.163075,4.495083
7:30:35 AM,1.653244,3.535885,4.163121,4.495083
7:30:35 AM,1.653244,3.535859,4.163075,4.49508
7:30:35 AM,1.653194,3.535885,4.163075,4.49508
7:30:35 AM,1.653194,3.535885,4.163052,4.495063
7:30:35 AM,1.653219,3.535885,4.163075,4.495083
7:30:35 AM,1.653219,3.535859,4.163075,4.49508
7:30:35 AM,1.653244,3.53589,4.163075,4.495083
7:30:35 AM,1.65322,3.535859,4.163075,4.495063
7:30:35 AM,1.65322,3.535885,4.163075,4.4951
7:30:35 AM,1.653219,3.535859,4.163075,4.495063
7:30:35 AM,1.653244,3.53589,4.163073,4.495063
7:30:35 AM,1.653219,3.535859,4.163075,4.495063
7:30:35 AM,1.653244,3.53589,4.163073,4.495063
7:30:35 AM,1.653244,3.53589,4.163095,4.495063
7:30:36 AM,1.653244,3.53589,4.163073,4.495063
7:30:36 AM,1.653244,3.53589,4.163073,4.495063
7:30:36 AM,1.653244,3.53589,4.163073,4.495063
7:30:36 AM,1.653244,3.53589,4.163073,4.495063
7:30:36 AM,1.653244,3.53589,4.163073,4.495063
7:30:36 AM,1.653244,3.53589,4.163073,4.495063
7:30:36 AM,1.653244,3.53589,4.163073,4.495063
7:30:36 AM,1.653244,3.53589,4.163095,4.495063
7:30:36 AM,1.653244,3.53589,4.163073,4.495063
7:30:36 AM,1.65322,3.53589,4.163073,4.495063
7:30:36 AM,1.65322,3.53589,4.163073,4.495063
7:30:36 AM,1.65322,3.53589,4.163073,4.495063
7:30:36 AM,1.65322,3.53589,4.163073,4.495063
7:30:36 AM,1.653244,3.53589,4.163073,4.495063
7:30:36 AM,1.653244,3.53589,4.163073,4.495063
7:30:36 AM,1.653244,3.53589,4.163073,4.495063
7:30:36 AM,1.653244,3.53589,4.163073,4.495063
7:30:36 AM,1.653244,3.53589,4.163073,4.495063
7:30:36 AM,1.65322,3.53589,4.163073,4.495063
7:30:36 AM,1.653244,3.53589,4.163095,4.495063
7:30:36 AM,1.653244,3.53589,4.163095,4.495063
7:30:36 AM,1.653244,3.53589,4.163095,4.495063
7:30:36 AM,1.653194,3.535885,4.163097,4.495083
7:30:36 AM,1.653244,3.53589,4.163095,4.495063
7:30:36 AM,1.653244,3.53589,4.163095,4.495063
7:30:36 AM,1.653244,3.535859,4.163095,4.495063
7:30:36 AM,1.653244,3.535859,4.163095,4.495063
7:30:36 AM,1.653244,3.535859,4.163095,4.495063
7:30:36 AM,1.653244,3.535859,4.163095,4.495063
7:30:36 AM,1.653244,3.535859,4.163095,4.495063
7:30:36 AM,1.653244,3.535859,4.163095,4.495063
7:30:36 AM,1.653244,3.535859,4.163095,4.495063
7:30:36 AM,1.653244,3.53589,4.163095,4.495063
7:30:36 AM,1.653244,3.53589,4.163095,4.495063
7:30:36 AM,1.653244,3.53589,4.163095,4.495063
7:30:36 AM,1.653244,3.53589,4.163095,4.495063
7:30:36 AM,1.653244,3.53589,4.163095,4.495063
7:30:36 AM,1.653244,3.53589,4.163095,4.495063
7:30:36 AM,1.65322,3.53589,4.163095,4.495063
7:30:36 AM,1.653244,3.53589,4.163095,4.495063
7:30:36 AM,1.653244,3.53589,4.163095,4.495063
7:30:36 AM,1.653244,3.53589,4.163095,4.495063
7:30:36 AM,1.653244,3.53589,4.163095,4.495063
7:30:36 AM,1.653244,3.53589,4.163073,4.495063
7:30:36 AM,1.653244,3.53589,4.163073,4.495063
7:30:36 AM,1.653244,3.53589,4.163073,4.495063
7:30:36 AM,1.653244,3.53589,4.163073,4.495063
7:30:36 AM,1.653244,3.535859,4.163075,4.495063
7:30:36 AM,1.653244,3.535859,4.163075,4.495063
7:30:36 AM,1.653244,3.535859,4.163075,4.495063
7:30:36 AM,1.653244,3.535859,4.163075,4.495063
7:30:36 AM,1.653244,3.535859,4.163075,4.495063
7:30:36 AM,1.653219,3.535859,4.163075,4.495063
7:30:36 AM,1.653219,3.535859,4.163075,4.495063
7:30:36 AM,1.653219,3.535859,4.163075,4.495063
7:30:36 AM,1.653219,3.535859,4.163075,4.495063
7:30:36 AM,1.653219,3.535859,4.163075,4.495063
7:30:36 AM,1.653219,3.535859,4.163075,4.495063
7:30:36 AM,1.653219,3.535859,4.163075,4.495063
7:30:36 AM,1.653219,3.535885,4.163075,4.495063
7:30:36 AM,1.653219,3.535859,4.163075,4.495063
7:30:36 AM,1.653219,3.535859,4.163075,4.495063
7:30:36 AM,1.653219,3.535859,4.163075,4.495063
7:30:36 AM,1.653219,3.535859,4.163075,4.495063
7:30:36 AM,1.653219,3.535859,4.163075,4.495063
7:30:36 AM,1.653219,3.535859,4.163075,4.495063
7:30:36 AM,1.653219,3.535859,4.163075,4.495063
7:30:36 AM,1.653219,3.535859,4.163075,4.495063
7:30:36 AM,1.653244,3.535859,4.163097,4.495063
7:30:36 AM,1.653219,3.535859,4.163075,4.495063
7:30:36 AM,1.653244,3.535859,4.163097,4.495063
7:30:36 AM,1.653244,3.535859,4.163073,4.495063
7:30:36 AM,1.653244,3.53589,4.163073,4.495063
7:30:36 AM,1.653244,3.535859,4.163073,4.495063
7:30:36 AM,1.653244,3.535859,4.163073,4.495063
7:30:36 AM,1.653244,3.535859,4.163073,4.495063
7:30:36 AM,1.653244,3.535859,4.163073,4.495063
7:30:36 AM,1.653244,3.53589,4.163073,4.495063
7:30:36 AM,1.653244,3.535859,4.163073,4.495063
7:30:36 AM,1.653244,3.535859,4.163073,4.495063
7:30:36 AM,1.653244,3.535859,4.163073,4.495063
7:30:36 AM,1.653244,3.535859,4.163073,4.495063
7:30:36 AM,1.653244,3.535859,4.163073,4.495063
7:30:36 AM,1.653244,3.535859,4.163073,4.495063
7:30:36 AM,1.653244,3.535859,4.163073,4.495063
7:30:36 AM,1.653244,3.535859,4.163073,4.495063
7:30:36 AM,1.653244,3.535885,4.163073,4.495063
7:30:36 AM,1.653244,3.535885,4.163073,4.495063
7:30:36 AM,1.653244,3.535885,4.163073,4.495063
7:30:36 AM,1.653244,3.535859,4.163097,4.495063
7:30:36 AM,1.653244,3.535859,4.163073,4.495063
7:30:36 AM,1.653244,3.535859,4.163073,4.495063
7:30:36 AM,1.653244,3.535859,4.163097,4.495063
7:30:36 AM,1.653244,3.535859,4.163097,4.495063
7:30:36 AM,1.653219,3.535859,4.163075,4.4951
7:30:36 AM,1.653194,3.535859,4.163075,4.4951
7:30:36 AM,1.653219,3.535885,4.163099,4.495083
7:30:36 AM,1.653194,3.535885,4.163075,4.4951
7:30:36 AM,1.653194,3.535885,4.163052,4.495063
7:30:36 AM,1.653194,3.535859,4.163097,4.495046
7:30:36 AM,1.653194,3.535859,4.163075,4.495046
7:30:36 AM,1.653194,3.535859,4.163075,4.495046
7:30:36 AM,1.653194,3.535859,4.163075,4.495046
7:30:36 AM,1.653194,3.535859,4.163075,4.495046
7:30:36 AM,1.653194,3.535859,4.163075,4.495046
7:30:36 AM,1.653194,3.535859,4.163075,4.495046
7:30:36 AM,1.653194,3.535859,4.163075,4.495046
7:30:36 AM,1.653194,3.535859,4.163075,4.495046
7:30:36 AM,1.653194,3.535859,4.163075,4.495046
7:30:36 AM,1.653194,3.535859,4.163097,4.495046
7:30:36 AM,1.653194,3.535859,4.163097,4.495046
7:30:36 AM,1.653194,3.535859,4.163097,4.495046
7:30:36 AM,1.653194,3.535859,4.163075,4.495046
7:30:36 AM,1.653194,3.535859,4.163075,4.495046
7:30:36 AM,1.653194,3.535859,4.163075,4.495046
7:30:36 AM,1.653194,3.535859,4.163097,4.495046
7:30:36 AM,1.653194,3.535859,4.163097,4.495046
7:30:36 AM,1.653194,3.535859,4.163097,4.495046
7:30:36 AM,1.653194,3.535859,4.163097,4.495046
7:30:36 AM,1.653194,3.535859,4.163097,4.495046
7:30:36 AM,1.653194,3.535859,4.163075,4.495046
7:30:36 AM,1.653194,3.535859,4.163097,4.495046
7:30:36 AM,1.653194,3.535859,4.163097,4.495063
7:30:36 AM,1.653194,3.535859,4.163097,4.495063
7:30:36 AM,1.653194,3.535859,4.163075,4.495046
7:30:36 AM,1.653194,3.535859,4.163075,4.495046
7:30:36 AM,1.653194,3.535859,4.163075,4.495046
7:30:36 AM,1.653194,3.535859,4.16305,4.495046
7:30:36 AM,1.653194,3.535859,4.163075,4.495046
7:30:36 AM,1.653194,3.535859,4.163073,4.495063
7:30:36 AM,1.653194,3.535859,4.163073,4.495063
7:30:36 AM,1.653194,3.535859,4.163097,4.495063
7:30:36 AM,1.653194,3.535859,4.163073,4.495063
7:30:36 AM,1.653194,3.535859,4.163073,4.495063
7:30:36 AM,1.653194,3.535859,4.163073,4.495063
7:30:36 AM,1.653194,3.535859,4.163073,4.495063
7:30:36 AM,1.653194,3.535859,4.163073,4.495046
7:30:36 AM,1.653194,3.535859,4.163097,4.495063
7:30:36 AM,1.653194,3.535859,4.163097,4.495063
7:30:36 AM,1.653194,3.535859,4.163097,4.495063
7:30:36 AM,1.653194,3.53589,4.163097,4.495063
7:30:36 AM,1.653194,3.53589,4.163097,4.495063
7:30:36 AM,1.653194,3.535859,4.163097,4.495063
7:30:36 AM,1.653194,3.535859,4.163097,4.495063
7:30:36 AM,1.653194,3.535859,4.163097,4.495063
7:30:36 AM,1.653219,3.535859,4.163097,4.495046
7:30:36 AM,1.653219,3.535859,4.163097,4.495046
7:30:36 AM,1.653219,3.535859,4.163097,4.495046
7:30:36 AM,1.653219,3.535859,4.163097,4.495063
7:30:36 AM,1.653219,3.535885,4.163075,4.495083
7:30:36 AM,1.653219,3.535885,4.163075,4.495063
7:30:36 AM,1.653219,3.535885,4.163075,4.495083
7:30:36 AM,1.653219,3.535859,4.163075,4.495063
7:30:36 AM,1.653219,3.535859,4.163075,4.495083
7:30:36 AM,1.653219,3.535859,4.163075,4.495083
7:30:36 AM,1.653219,3.535859,4.163075,4.495083
7:30:36 AM,1.653219,3.535859,4.163075,4.495083
7:30:36 AM,1.653219,3.535859,4.163075,4.495063
7:30:36 AM,1.653219,3.535859,4.163075,4.495063
7:30:36 AM,1.653219,3.535859,4.163075,4.495063
7:30:36 AM,1.653219,3.535885,4.163075,4.495083
7:30:36 AM,1.653219,3.535885,4.163075,4.495063
7:30:36 AM,1.653219,3.535885,4.163075,4.495063
7:30:36 AM,1.653219,3.535885,4.163075,4.495063
7:30:36 AM,1.653194,3.535885,4.163075,4.495063
7:30:36 AM,1.653194,3.535885,4.163075,4.495063
7:30:36 AM,1.653194,3.535859,4.163073,4.495029
7:30:36 AM,1.653244,3.535916,4.163073,4.495046
7:30:36 AM,1.653244,3.535859,4.16305,4.495046
7:30:36 AM,1.653194,3.535859,4.163073,4.495046
7:30:36 AM,1.653219,3.535885,4.163075,4.495083
7:30:36 AM,1.653194,3.535859,4.163075,4.495046
7:30:36 AM,1.653219,3.535885,4.163075,4.495083
7:30:36 AM,1.653219,3.535859,4.163075,4.495083
7:30:36 AM,1.653219,3.535859,4.163097,4.495063
7:30:36 AM,1.653219,3.535859,4.163097,4.495063
7:30:36 AM,1.653219,3.535859,4.163097,4.495063
7:30:36 AM,1.653219,3.535859,4.163097,4.495063
7:30:36 AM,1.653219,3.535859,4.163097,4.495063
7:30:36 AM,1.653219,3.535859,4.163097,4.495063
7:30:36 AM,1.653219,3.535885,4.163097,4.495083
7:30:36 AM,1.653219,3.535885,4.163097,4.495083
7:30:36 AM,1.653219,3.535885,4.163097,4.495083
7:30:36 AM,1.653219,3.535885,4.163097,4.495083
7:30:36 AM,1.653219,3.535885,4.163097,4.495083
7:30:36 AM,1.653219,3.535885,4.163097,4.495083
7:30:36 AM,1.653219,3.535885,4.163097,4.495083
7:30:36 AM,1.653219,3.535885,4.163097,4.495083
7:30:36 AM,1.653219,3.535885,4.163097,4.495083
7:30:36 AM,1.653219,3.535885,4.163097,4.495083
7:30:36 AM,1.653219,3.535885,4.163097,4.495083
7:30:36 AM,1.653219,3.535859,4.163097,4.495083
7:30:36 AM,1.653219,3.535885,4.163097,4.495083
7:30:36 AM,1.653219,3.535885,4.163097,4.495083
7:30:36 AM,1.653219,3.535885,4.163097,4.495083
7:30:36 AM,1.653219,3.535885,4.163075,4.495083
7:30:36 AM,1.653194,3.535859,4.16305,4.495046
7:30:36 AM,1.653219,3.53589,4.163097,4.495046
7:30:36 AM,1.653194,3.535859,4.16305,4.495046
7:30:36 AM,1.653219,3.53589,4.163097,4.495046
7:30:37 AM,1.653219,3.535885,4.16305,4.495046
7:30:37 AM,1.653244,3.535916,4.163075,4.495046
7:30:37 AM,1.653244,3.535885,4.163073,4.495026
7:30:37 AM,1.653219,3.535859,4.163097,4.495046
7:30:37 AM,1.653244,3.53589,4.16305,4.495046
7:30:37 AM,1.653194,3.535859,4.163097,4.495046
7:30:37 AM,1.653219,3.535916,4.163073,4.495063
7:30:37 AM,1.653194,3.535916,4.16305,4.495026
7:30:37 AM,1.653244,3.53589,4.163073,4.495026
7:30:37 AM,1.65322,3.53589,4.163075,4.495046
7:30:37 AM,1.65322,3.53589,4.163075,4.495046
7:30:37 AM,1.65322,3.535885,4.163073,4.495029
7:30:37 AM,1.653219,3.535859,4.163097,4.495029
7:30:37 AM,1.653219,3.535859,4.163073,4.495029
7:30:37 AM,1.653244,3.535916,4.163075,4.495046
7:30:37 AM,1.653219,3.535859,4.163097,4.495029
7:30:37 AM,1.653244,3.535859,4.163073,4.495046
7:30:37 AM,1.653244,3.53589,4.163073,4.495046
7:30:37 AM,1.653194,3.53589,4.163073,4.495029
7:30:37 AM,1.65322,3.53589,4.163073,4.495026
7:30:37 AM,1.653194,3.535859,4.163097,4.495026
7:30:37 AM,1.653244,3.535859,4.16305,4.495046
7:30:37 AM,1.65322,3.535916,4.16305,4.495046
7:30:37 AM,1.65322,3.53589,4.163075,4.495046
7:30:37 AM,1.653194,3.535859,4.163075,4.495046
7:30:37 AM,1.653244,3.535859,4.163073,4.495046
7:30:37 AM,1.653244,3.53589,4.16305,4.495046
7:30:37 AM,1.653244,3.535859,4.163073,4.495046
7:30:37 AM,1.653219,3.53589,4.163097,4.495046
7:30:37 AM,1.653219,3.535916,4.163073,4.495029
7:30:37 AM,1.65322,3.535859,4.163073,4.495046
7:30:37 AM,1.653244,3.535885,4.163075,4.495029
7:30:37 AM,1.653219,3.535859,4.163097,4.495026
7:30:37 AM,1.653219,3.53589,4.163073,4.495046
7:30:37 AM,1.653244,3.535916,4.163075,4.495026
7:30:37 AM,1.653244,3.53589,4.16305,4.495046
7:30:37 AM,1.653244,3.535859,4.163073,4.495046
7:30:37 AM,1.653244,3.535885,4.163097,4.495026
7:30:37 AM,1.65322,3.535859,4.16305,4.495046
7:30:37 AM,1.65322,3.535859,4.163097,4.495046
7:30:37 AM,1.653219,3.535859,4.163097,4.495026
7:30:37 AM,1.653244,3.535859,4.163075,4.495046
7:30:37 AM,1.65322,3.535859,4.163097,4.495046
7:30:37 AM,1.653244,3.53589,4.163097,4.495026
7:30:37 AM,1.653244,3.53589,4.163073,4.495044
7:30:37 AM,1.653244,3.53589,4.163097,4.495046
7:30:37 AM,1.653194,3.53589,4.163097,4.495029
7:30:37 AM,1.653194,3.535859,4.163073,4.495009
7:30:37 AM,1.65322,3.535916,4.163075,4.495046
7:30:37 AM,1.65322,3.53589,4.163097,4.495046
7:30:37 AM,1.65322,3.53589,4.163073,4.495046
7:30:37 AM,1.653219,3.535859,4.163097,4.495026
7:30:37 AM,1.653244,3.53589,4.16305,4.495046
7:30:37 AM,1.65322,3.535859,4.16305,4.495026
7:30:37 AM,1.653244,3.535859,4.163073,4.495029
7:30:37 AM,1.65322,3.535916,4.163075,4.495029
7:30:37 AM,1.65322,3.535916,4.163097,4.495046
7:30:37 AM,1.653244,3.535859,4.163097,4.495026
7:30:37 AM,1.653244,3.535859,4.163073,4.495046
7:30:37 AM,1.653194,3.535859,4.163097,4.495029
7:30:37 AM,1.653219,3.535859,4.16305,4.495046
7:30:37 AM,1.653219,3.535859,4.163073,4.495009
7:30:37 AM,1.65322,3.535859,4.16305,4.495026
7:30:37 AM,1.653244,3.53589,4.163073,4.495046
7:30:37 AM,1.65322,3.535885,4.163097,4.495046
7:30:37 AM,1.653194,3.53589,4.163075,4.495026
7:30:37 AM,1.653194,3.535859,4.163073,4.495046
7:30:37 AM,1.65322,3.535859,4.163075,4.495026
7:30:37 AM,1.653244,3.535859,4.163073,4.495046
7:30:37 AM,1.65322,3.535859,4.163097,4.495046
7:30:37 AM,1.653194,3.535859,4.163073,4.495046
7:30:37 AM,1.653194,3.53589,4.163097,4.495029
7:30:37 AM,1.653194,3.535859,4.163073,4.495046
7:30:37 AM,1.65322,3.53589,4.16305,4.495029
7:30:37 AM,1.65322,3.535885,4.163073,4.495026
7:30:37 AM,1.653244,3.535885,4.163073,4.495046
7:30:37 AM,1.65322,3.535916,4.163097,4.495046
7:30:37 AM,1.653244,3.535885,4.163073,4.495046
7:30:37 AM,1.65322,3.535859,4.163073,4.495046
7:30:37 AM,1.65322,3.535859,4.16305,4.495046
7:30:37 AM,1.653194,3.535885,4.163073,4.495046
7:30:37 AM,1.65322,3.535916,4.163097,4.495046
7:30:37 AM,1.653194,3.535859,4.16305,4.495046
7:30:37 AM,1.653244,3.535916,4.163073,4.495029
7:30:37 AM,1.653219,3.535885,4.163075,4.495046
7:30:37 AM,1.653219,3.535859,4.163097,4.495046
7:30:37 AM,1.653219,3.535916,4.163073,4.495046
7:30:37 AM,1.653194,3.535916,4.163097,4.495009
7:30:37 AM,1.653219,3.535859,4.163073,4.495026
7:30:37 AM,1.653244,3.535859,4.16305,4.495026
7:30:37 AM,1.653219,3.535885,4.163073,4.495026
7:30:37 AM,1.653219,3.535916,4.163073,4.495046
7:30:37 AM,1.653219,3.535885,4.16305,4.495026
7:30:37 AM,1.653244,3.535885,4.163097,4.495029
7:30:37 AM,1.65322,3.53589,4.163073,4.495046
7:30:37 AM,1.653194,3.535859,4.163073,4.495026
7:30:37 AM,1.653194,3.535916,4.163073,4.495026
7:30:37 AM,1.653244,3.535859,4.163073,4.495046
7:30:37 AM,1.653244,3.535916,4.163075,4.495026
7:30:37 AM,1.653219,3.535855,4.163073,4.495046
7:30:37 AM,1.653219,3.535885,4.163073,4.495046
7:30:37 AM,1.653219,3.535885,4.163073,4.495046
7:30:37 AM,1.653219,3.535885,4.163073,4.495046
7:30:37 AM,1.653219,3.535885,4.163073,4.495046
7:30:37 AM,1.653219,3.535885,4.163073,4.495046
7:30:37 AM,1.653219,3.535885,4.163073,4.495046
7:30:37 AM,1.653219,3.535885,4.163073,4.495046
7:30:37 AM,1.653219,3.535885,4.163073,4.495046
7:30:37 AM,1.653244,3.535911,4.163073,4.495046
7:30:37 AM,1.653244,3.535911,4.163073,4.495046
7:30:37 AM,1.653244,3.535911,4.163073,4.495046
7:30:37 AM,1.653244,3.535911,4.163073,4.495046
7:30:37 AM,1.653244,3.535911,4.163073,4.495046
7:30:37 AM,1.653244,3.535911,4.163073,4.495046
7:30:37 AM,1.653244,3.535911,4.163073,4.495046
7:30:37 AM,1.653244,3.535911,4.163073,4.495046
7:30:37 AM,1.653244,3.535911,4.163073,4.495046
7:30:37 AM,1.653244,3.535911,4.163073,4.495046
7:30:37 AM,1.653219,3.535855,4.163073,4.495046
7:30:37 AM,1.653219,3.535911,4.163073,4.495046
7:30:37 AM,1.653219,3.535885,4.163073,4.495046
7:30:37 AM,1.653219,3.535881,4.163049,4.495046
7:30:37 AM,1.653219,3.535885,4.163073,4.495046
7:30:37 AM,1.653219,3.535855,4.163049,4.495046
7:30:37 AM,1.653219,3.535855,4.163049,4.495046
7:30:37 AM,1.653219,3.535881,4.163049,4.495046
7:30:37 AM,1.653244,3.535911,4.163073,4.495046
7:30:37 AM,1.653219,3.535881,4.163049,4.495046
7:30:37 AM,1.653219,3.535881,4.163049,4.495046
7:30:37 AM,1.653219,3.535881,4.163049,4.495046
7:30:37 AM,1.653219,3.535855,4.163049,4.495046
7:30:37 AM,1.653219,3.535855,4.163049,4.495046
7:30:37 AM,1.653219,3.535885,4.163049,4.495046
7:30:37 AM,1.653219,3.535885,4.163073,4.495046
7:30:37 AM,1.653219,3.535885,4.163049,4.495046
7:30:37 AM,1.653219,3.535885,4.163049,4.495046
7:30:37 AM,1.653219,3.535885,4.163073,4.495046
7:30:37 AM,1.653219,3.535885,4.163073,4.495046
7:30:37 AM,1.653219,3.535885,4.163073,4.495046
7:30:37 AM,1.653219,3.535885,4.163073,4.495046
7:30:37 AM,1.653219,3.535885,4.163073,4.495046
7:30:37 AM,1.653219,3.535885,4.163073,4.495046
7:30:37 AM,1.653219,3.535885,4.163073,4.495046
7:30:37 AM,1.653219,3.535885,4.163073,4.495046
7:30:37 AM,1.653219,3.535885,4.163073,4.495046
7:30:37 AM,1.653219,3.535911,4.163049,4.495046
7:30:37 AM,1.653244,3.535911,4.163073,4.495046
7:30:37 AM,1.653244,3.535885,4.16305,4.495046
7:30:37 AM,1.653244,3.535911,4.163073,4.495046
7:30:37 AM,1.653244,3.535885,4.16305,4.495046
7:30:37 AM,1.653244,3.535885,4.16305,4.495046
7:30:37 AM,1.653244,3.535885,4.16305,4.495046
7:30:37 AM,1.653244,3.535885,4.16305,4.495046
7:30:37 AM,1.653244,3.535885,4.163073,4.495046
7:30:37 AM,1.653244,3.535885,4.163075,4.495046
7:30:37 AM,1.653244,3.535885,4.163075,4.495046
7:30:37 AM,1.653244,3.535885,4.163075,4.495046
7:30:37 AM,1.653244,3.535885,4.163075,4.495046
7:30:37 AM,1.653244,3.535885,4.163075,4.495046
7:30:37 AM,1.653244,3.535885,4.16305,4.495046
7:30:37 AM,1.653244,3.535885,4.163075,4.495046
7:30:37 AM,1.653244,3.535885,4.163073,4.495046
7:30:37 AM,1.653244,3.535885,4.163073,4.495046
7:30:37 AM,1.65322,3.535885,4.163073,4.495046
7:30:37 AM,1.65322,3.535885,4.163073,4.495046
7:30:37 AM,1.65322,3.535885,4.163073,4.495046
7:30:37 AM,1.653219,3.535855,4.163049,4.495046
7:30:37 AM,1.65322,3.535885,4.163073,4.495046
7:30:37 AM,1.65322,3.535859,4.163073,4.495046
7:30:37 AM,1.65322,3.535859,4.163073,4.495046
7:30:37 AM,1.653244,3.535859,4.163073,4.495046
7:30:37 AM,1.653244,3.535885,4.163075,4.495046
7:30:37 AM,1.653244,3.535911,4.163073,4.495046
7:30:37 AM,1.653244,3.535885,4.163075,4.495046
7:30:37 AM,1.653244,3.535885,4.16305,4.495046
7:30:37 AM,1.653244,3.535911,4.163073,4.495046
7:30:37 AM,1.653244,3.535885,4.163073,4.495046
7:30:37 AM,1.653244,3.535885,4.16305,4.495046
7:30:37 AM,1.653244,3.535885,4.163073,4.495046
7:30:37 AM,1.653244,3.535885,4.16305,4.495046
7:30:37 AM,1.65322,3.535885,4.16305,4.495046
7:30:37 AM,1.65322,3.535885,4.16305,4.495046
7:30:37 AM,1.65322,3.535885,4.16305,4.495046
7:30:37 AM,1.65322,3.535885,4.16305,4.495046
7:30:37 AM,1.653244,3.535885,4.16305,4.495046
7:30:37 AM,1.653244,3.535885,4.163075,4.495046
7:30:37 AM,1.653244,3.535885,4.16305,4.495046
7:30:37 AM,1.653244,3.535885,4.163073,4.495046
7:30:37 AM,1.653244,3.535885,4.163073,4.495046
7:30:37 AM,1.653244,3.535885,4.16305,4.495046
7:30:37 AM,1.653244,3.535885,4.16305,4.495046
7:30:37 AM,1.653244,3.535885,4.16305,4.495046
7:30:37 AM,1.653244,3.535885,4.16305,4.495046
7:30:37 AM,1.653244,3.535885,4.163073,4.495046
7:30:37 AM,1.653244,3.535885,4.163073,4.495046
7:30:37 AM,1.653244,3.535885,4.163073,4.495046
7:30:37 AM,1.653244,3.535885,4.163073,4.495046
7:30:37 AM,1.653244,3.535885,4.163073,4.495046
7:30:37 AM,1.653219,3.535855,4.163049,4.495046
7:30:38 AM,1.653194,3.535855,4.163049,4.495046
7:30:38 AM,1.653219,3.535855,4.163049,4.495046
7:30:38 AM,1.653219,3.535885,4.163049,4.495029
7:30:38 AM,1.653219,3.535855,4.163071,4.495046
7:30:38 AM,1.653244,3.535855,4.163095,4.495009
7:30:38 AM,1.653219,3.535885,4.163073,4.495029
7:30:38 AM,1.653244,3.535855,4.163071,4.495029
7:30:38 AM,1.653244,3.535855,4.163073,4.495046
7:30:38 AM,1.653194,3.535855,4.163095,4.495048
7:30:38 AM,1.653219,3.535885,4.163073,4.495046
7:30:38 AM,1.653219,3.535855,4.163049,4.495026
7:30:38 AM,1.653219,3.535855,4.163049,4.495046
7:30:38 AM,1.653219,3.535855,4.163095,4.495046
7:30:38 AM,1.653219,3.535855,4.163095,4.495029
7:30:38 AM,1.653219,3.535885,4.163049,4.495029
7:30:38 AM,1.653194,3.535885,4.163073,4.495029
7:30:38 AM,1.653219,3.535885,4.163095,4.495046
7:30:38 AM,1.653219,3.535885,4.163049,4.495029
7:30:38 AM,1.653219,3.535855,4.163073,4.495046
7:30:38 AM,1.653219,3.535855,4.163073,4.495046
7:30:38 AM,1.653244,3.535855,4.163049,4.495046
7:30:38 AM,1.653219,3.535855,4.163073,4.495046
7:30:38 AM,1.653219,3.535855,4.163049,4.495046
7:30:38 AM,1.653194,3.535911,4.163071,4.495046
7:30:38 AM,1.653194,3.535855,4.163071,4.495029
7:30:38 AM,1.653194,3.535885,4.163095,4.495029
7:30:38 AM,1.653194,3.535855,4.163071,4.495029
7:30:38 AM,1.653244,3.535859,4.163073,4.495046
7:30:38 AM,1.65322,3.53589,4.163073,4.495046
7:30:38 AM,1.653194,3.535881,4.163049,4.495029
7:30:38 AM,1.653194,3.535885,4.163095,4.495046
7:30:38 AM,1.653194,3.535885,4.163073,4.495009
7:30:38 AM,1.653219,3.535855,4.163073,4.495026
7:30:38 AM,1.653219,3.535911,4.163071,4.495046
7:30:38 AM,1.653219,3.535885,4.163071,4.495046
7:30:38 AM,1.653219,3.535885,4.163071,4.495029
7:30:38 AM,1.653219,3.535885,4.163049,4.495026
7:30:38 AM,1.653244,3.535855,4.163073,4.495029
7:30:38 AM,1.653219,3.535881,4.163095,4.495046
7:30:38 AM,1.653219,3.535881,4.163071,4.495046
7:30:38 AM,1.653219,3.535885,4.163095,4.495046
7:30:38 AM,1.653219,3.535855,4.163071,4.495046
7:30:38 AM,1.653219,3.535855,4.163049,4.495046
7:30:38 AM,1.653219,3.535881,4.163073,4.495029
7:30:38 AM,1.653219,3.535855,4.163071,4.495046
7:30:38 AM,1.653194,3.535855,4.163095,4.495029
7:30:38 AM,1.653219,3.535881,4.163049,4.495046
7:30:38 AM,1.653194,3.535885,4.163071,4.495029
7:30:38 AM,1.653194,3.535855,4.163071,4.495029
7:30:38 AM,1.653219,3.535885,4.163071,4.495046
7:30:38 AM,1.653219,3.535855,4.163095,4.495046
7:30:38 AM,1.653219,3.535885,4.163095,4.495029
7:30:38 AM,1.653219,3.535855,4.163071,4.495046
7:30:38 AM,1.653219,3.535881,4.163049,4.495029
7:30:38 AM,1.653219,3.535855,4.163073,4.495046
7:30:38 AM,1.653219,3.535885,4.163095,4.495046
7:30:38 AM,1.653219,3.535855,4.163095,4.495029
7:30:38 AM,1.653219,3.535885,4.163095,4.495029
7:30:38 AM,1.653219,3.535855,4.163071,4.495046
7:30:38 AM,1.653219,3.535855,4.163073,4.495046
7:30:38 AM,1.653219,3.535885,4.163071,4.495046
7:30:38 AM,1.653219,3.535855,4.163049,4.495046
7:30:38 AM,1.653194,3.535885,4.163073,4.495026
7:30:38 AM,1.653219,3.535855,4.163095,4.495029
7:30:38 AM,1.653194,3.535855,4.163049,4.495029
7:30:38 AM,1.653244,3.535885,4.163071,4.495029
7:30:38 AM,1.653219,3.535881,4.163095,4.495046
7:30:38 AM,1.653219,3.535855,4.163073,4.495029
7:30:38 AM,1.653219,3.535885,4.163071,4.495029
7:30:38 AM,1.653219,3.535855,4.163071,4.495046
7:30:38 AM,1.653219,3.535855,4.163095,4.495046
7:30:38 AM,1.653194,3.535885,4.163073,4.495026
7:30:38 AM,1.653219,3.535885,4.163095,4.495029
7:30:38 AM,1.653219,3.535855,4.163073,4.495046
7:30:38 AM,1.653194,3.535855,4.163049,4.495046
7:30:38 AM,1.653219,3.535911,4.163073,4.495046
7:30:38 AM,1.653219,3.535885,4.163071,4.495026
7:30:38 AM,1.653194,3.535881,4.163049,4.495029
7:30:38 AM,1.653219,3.535911,4.163071,4.495046
7:30:38 AM,1.653219,3.535855,4.163049,4.495046
7:30:38 AM,1.653219,3.535855,4.163095,4.495046
7:30:38 AM,1.653244,3.535885,4.163071,4.495029
7:30:38 AM,1.653219,3.535855,4.163071,4.495046
7:30:38 AM,1.653219,3.535855,4.163095,4.495046
7:30:38 AM,1.653219,3.535885,4.163071,4.495026
7:30:38 AM,1.653244,3.535885,4.163071,4.495026
7:30:38 AM,1.653219,3.535855,4.163095,4.495046
7:30:38 AM,1.653194,3.535911,4.163073,4.495046
7:30:38 AM,1.653219,3.535855,4.163095,4.495029
7:30:38 AM,1.653219,3.535855,4.163095,4.495046
7:30:38 AM,1.653219,3.535881,4.163071,4.495046
7:30:38 AM,1.653244,3.535855,4.163049,4.495026
7:30:38 AM,1.653194,3.535855,4.163073,4.495046
7:30:38 AM,1.653194,3.535855,4.163049,4.495046
7:30:38 AM,1.653219,3.535855,4.163049,4.495046
7:30:38 AM,1.653194,3.535885,4.163095,4.495046
7:30:38 AM,1.653219,3.535855,4.163071,4.495046
7:30:38 AM,1.653219,3.535885,4.163095,4.495029
7:30:38 AM,1.653194,3.535885,4.163095,4.495046
7:30:38 AM,1.653219,3.535881,4.163073,4.495029
7:30:38 AM,1.653219,3.535885,4.163097,4.495083
7:30:38 AM,1.653244,3.535885,4.163095,4.495046
7:30:38 AM,1.65322,3.535855,4.163097,4.495083
7:30:38 AM,1.653219,3.535855,4.163095,4.495046
7:30:38 AM,1.653244,3.535855,4.163097,4.495046
7:30:38 AM,1.653244,3.535885,4.163073,4.495083
7:30:38 AM,1.653219,3.535911,4.163119,4.495046
7:30:38 AM,1.653219,3.535881,4.163097,4.495065
7:30:38 AM,1.653219,3.535911,4.163073,4.495046
7:30:38 AM,1.653219,3.535855,4.163095,4.495063
7:30:38 AM,1.653219,3.535885,4.163097,4.495046
7:30:38 AM,1.653219,3.535885,4.163095,4.495063
7:30:38 AM,1.65322,3.535911,4.163097,4.495065
7:30:38 AM,1.653194,3.535885,4.163119,4.495046
7:30:38 AM,1.653194,3.535855,4.163119,4.495046
7:30:38 AM,1.653244,3.535885,4.163095,4.495063
7:30:38 AM,1.653194,3.535855,4.163095,4.495046
7:30:38 AM,1.653219,3.535855,4.163097,4.495063
7:30:38 AM,1.653219,3.535881,4.163119,4.495046
7:30:38 AM,1.65322,3.535881,4.163097,4.495065
7:30:38 AM,1.653219,3.535885,4.163073,4.495063
7:30:38 AM,1.65322,3.535855,4.163119,4.495065
7:30:38 AM,1.653194,3.535885,4.163119,4.495046
7:30:38 AM,1.65322,3.535885,4.163073,4.495063
7:30:38 AM,1.653194,3.535855,4.163073,4.495063
7:30:38 AM,1.653219,3.535855,4.163119,4.495063
7:30:38 AM,1.653219,3.535885,4.163119,4.495046
7:30:38 AM,1.653194,3.535885,4.163097,4.495083
7:30:38 AM,1.653244,3.535855,4.163119,4.495063
7:30:38 AM,1.653219,3.535855,4.163097,4.495063
7:30:38 AM,1.653219,3.535885,4.163119,4.495046
7:30:38 AM,1.653219,3.535885,4.163119,4.495046
7:30:38 AM,1.653219,3.535885,4.163119,4.495046
7:30:38 AM,1.653219,3.535885,4.163119,4.495046
7:30:38 AM,1.653219,3.535885,4.163119,4.495046
7:30:38 AM,1.653219,3.535885,4.163119,4.495046
7:30:38 AM,1.653219,3.535855,4.163119,4.495046
7:30:38 AM,1.653219,3.535885,4.163097,4.495063
7:30:38 AM,1.653219,3.535881,4.163097,4.495083
7:30:38 AM,1.653219,3.535855,4.163073,4.495046
7:30:38 AM,1.653219,3.535881,4.163119,4.495083
7:30:38 AM,1.653219,3.535855,4.163097,4.495083
7:30:38 AM,1.653194,3.535885,4.163097,4.495063
7:30:38 AM,1.653244,3.535911,4.163095,4.495065
7:30:38 AM,1.653219,3.535885,4.163095,4.495046
7:30:38 AM,1.65322,3.535881,4.163119,4.495063
7:30:38 AM,1.653244,3.535885,4.163119,4.495046
7:30:38 AM,1.653244,3.535855,4.163097,4.495063
7:30:38 AM,1.653219,3.535885,4.163095,4.495063
7:30:38 AM,1.653219,3.535885,4.163073,4.495046
7:30:38 AM,1.653194,3.535855,4.163095,4.495063
7:30:38 AM,1.653194,3.535855,4.163097,4.495065
7:30:38 AM,1.653219,3.535855,4.163119,4.495046
7:30:38 AM,1.653194,3.535885,4.163119,4.495065
7:30:38 AM,1.653194,3.535855,4.163095,4.495063
7:30:38 AM,1.653244,3.535881,4.163119,4.495065
7:30:38 AM,1.653219,3.535885,4.163095,4.495046
7:30:38 AM,1.653219,3.535885,4.163073,4.495063
7:30:38 AM,1.65322,3.535855,4.163073,4.495046
7:30:38 AM,1.653194,3.535855,4.163095,4.495046
7:30:38 AM,1.653219,3.535885,4.163095,4.495046
7:30:38 AM,1.653219,3.535855,4.163095,4.495046
7:30:38 AM,1.653219,3.535885,4.163097,4.495065
7:30:38 AM,1.653219,3.535885,4.163119,4.495065
7:30:38 AM,1.653219,3.535911,4.163073,4.495063
7:30:38 AM,1.653244,3.535855,4.163119,4.495046
7:30:38 AM,1.653244,3.535911,4.163095,4.495046
7:30:38 AM,1.653244,3.535885,4.163119,4.495063
7:30:38 AM,1.653219,3.535885,4.163119,4.495065
7:30:38 AM,1.653194,3.535911,4.163097,4.495083
7:30:38 AM,1.653244,3.535855,4.163095,4.495065
7:30:38 AM,1.653244,3.535855,4.163097,4.495083
7:30:38 AM,1.653219,3.535855,4.163073,4.495063
7:30:38 AM,1.653194,3.535881,4.163073,4.495065
7:30:38 AM,1.653244,3.535855,4.163073,4.495046
7:30:38 AM,1.653219,3.535885,4.163119,4.495065
7:30:38 AM,1.653219,3.535885,4.163095,4.495065
7:30:38 AM,1.653219,3.535885,4.163095,4.495046
7:30:38 AM,1.65322,3.535855,4.163119,4.495046
7:30:38 AM,1.653219,3.535881,4.163095,4.495046
7:30:38 AM,1.653219,3.535885,4.163097,4.495046
7:30:38 AM,1.653244,3.535885,4.163095,4.495063
7:30:38 AM,1.653194,3.535855,4.163095,4.495063
7:30:38 AM,1.653219,3.535855,4.163097,4.495046
7:30:38 AM,1.653219,3.535885,4.163095,4.495046
7:30:38 AM,1.653194,3.535855,4.163119,4.495063
7:30:38 AM,1.653244,3.535885,4.163095,4.495063
7:30:38 AM,1.653244,3.535911,4.163097,4.495083
7:30:38 AM,1.653194,3.535885,4.163073,4.495083
7:30:38 AM,1.653194,3.535855,4.163097,4.495046
7:30:38 AM,1.653219,3.535885,4.163119,4.495063
7:30:38 AM,1.653219,3.535855,4.163095,4.495046
7:30:38 AM,1.653219,3.535911,4.163097,4.495063
7:30:38 AM,1.653219,3.535885,4.163097,4.495063
7:30:38 AM,1.653219,3.535911,4.163095,4.495046
7:30:38 AM,1.653219,3.535855,4.163073,4.495083
7:30:38 AM,1.653244,3.535885,4.163073,4.495046
7:30:38 AM,1.653219,3.535885,4.163097,4.495065
7:30:38 AM,1.653194,3.535885,4.163073,4.495063
7:30:38 AM,1.653219,3.535911,4.163073,4.495065
7:30:38 AM,1.653219,3.535911,4.163073,4.495046
7:30:39 AM,1.653219,3.535885,4.163097,4.495046
7:30:39 AM,1.653219,3.535855,4.163119,4.495046
7:30:39 AM,1.653219,3.535855,4.163119,4.495046
7:30:39 AM,1.653219,3.535855,4.163095,4.495026
7:30:39 AM,1.653219,3.535855,4.163095,4.495026
7:30:39 AM,1.653219,3.535855,4.163095,4.495026
7:30:39 AM,1.653219,3.535855,4.163095,4.495026
7:30:39 AM,1.653219,3.535855,4.163095,4.495026
7:30:39 AM,1.653219,3.535855,4.163095,4.495026
7:30:39 AM,1.653219,3.535855,4.163095,4.495026
7:30:39 AM,1.653219,3.535855,4.163073,4.495026
7:30:39 AM,1.653244,3.535855,4.163073,4.495026
7:30:39 AM,1.653219,3.535855,4.163095,4.495026
7:30:39 AM,1.653244,3.535855,4.163073,4.495026
7:30:39 AM,1.653219,3.535855,4.163095,4.495026
7:30:39 AM,1.653244,3.535855,4.163073,4.495026
7:30:39 AM,1.653244,3.535855,4.163073,4.495026
7:30:39 AM,1.653244,3.535855,4.163073,4.495026
7:30:39 AM,1.653244,3.535855,4.163073,4.495026
7:30:39 AM,1.653244,3.535855,4.163073,4.495026
7:30:39 AM,1.653244,3.535855,4.163073,4.495026
7:30:39 AM,1.653244,3.535855,4.163073,4.495026
7:30:39 AM,1.653244,3.535855,4.163073,4.495046
7:30:39 AM,1.653219,3.535855,4.163073,4.495026
7:30:39 AM,1.653219,3.535855,4.163095,4.495026
7:30:39 AM,1.653219,3.535855,4.163095,4.495026
7:30:39 AM,1.653219,3.535855,4.163095,4.495026
7:30:39 AM,1.653219,3.535911,4.163095,4.495063
7:30:39 AM,1.653219,3.535855,4.163095,4.495046
7:30:39 AM,1.653219,3.535855,4.163095,4.495046
7:30:39 AM,1.653219,3.535855,4.163073,4.495046
7:30:39 AM,1.653219,3.535855,4.163071,4.495046
7:30:39 AM,1.653219,3.535855,4.163095,4.495046
7:30:39 AM,1.653219,3.535855,4.163095,4.495046
7:30:39 AM,1.653219,3.535855,4.163095,4.495046
7:30:39 AM,1.653219,3.535855,4.163095,4.495046
7:30:39 AM,1.653219,3.535855,4.163095,4.495046
7:30:39 AM,1.653219,3.535855,4.163095,4.495046
7:30:39 AM,1.653219,3.535855,4.163095,4.495046
7:30:39 AM,1.653219,3.535855,4.163095,4.495046
7:30:39 AM,1.653219,3.535855,4.163095,4.495046
7:30:39 AM,1.653219,3.535855,4.163095,4.495026
7:30:39 AM,1.653219,3.535855,4.163095,4.495026
7:30:39 AM,1.653219,3.535855,4.163095,4.495026
7:30:39 AM,1.653219,3.535855,4.163095,4.495026
7:30:39 AM,1.653219,3.535855,4.163095,4.495026
7:30:39 AM,1.653219,3.535855,4.163095,4.495026
7:30:39 AM,1.653219,3.535855,4.163095,4.495026
7:30:39 AM,1.653219,3.535855,4.163119,4.495046
7:30:39 AM,1.653244,3.535855,4.163073,4.495046
7:30:39 AM,1.653244,3.535855,4.163073,4.495046
7:30:39 AM,1.653219,3.535855,4.163073,4.495046
7:30:39 AM,1.653219,3.535855,4.163095,4.495046
7:30:39 AM,1.653219,3.535855,4.163095,4.495046
7:30:39 AM,1.653219,3.535855,4.163095,4.495046
7:30:39 AM,1.653219,3.535855,4.163095,4.495029
7:30:39 AM,1.653219,3.535855,4.163095,4.495046
7:30:39 AM,1.653219,3.535855,4.163095,4.495046
7:30:39 AM,1.653219,3.535855,4.163095,4.495046
7:30:39 AM,1.653219,3.535855,4.163095,4.495046
7:30:39 AM,1.653219,3.535855,4.163095,4.495046
7:30:39 AM,1.653219,3.535855,4.163073,4.495046
7:30:39 AM,1.653219,3.535855,4.163095,4.495046
7:30:39 AM,1.653219,3.535855,4.163095,4.495046
7:30:39 AM,1.653219,3.535855,4.163119,4.495046
7:30:39 AM,1.653219,3.535855,4.163119,4.495046
7:30:39 AM,1.653219,3.535829,4.163119,4.495046
7:30:39 AM,1.653219,3.535829,4.163119,4.495046
7:30:39 AM,1.653219,3.535829,4.163119,4.495046
7:30:39 AM,1.653219,3.535855,4.163119,4.495046
7:30:39 AM,1.653219,3.535855,4.163119,4.495046
7:30:39 AM,1.653219,3.535855,4.163119,4.495046
7:30:39 AM,1.653219,3.535855,4.163095,4.495046
7:30:39 AM,1.653219,3.535855,4.163073,4.495046
7:30:39 AM,1.653219,3.535855,4.163073,4.495046
7:30:39 AM,1.653219,3.535855,4.163073,4.495046
7:30:39 AM,1.653219,3.535855,4.163073,4.495046
7:30:39 AM,1.653219,3.535855,4.163073,4.495046
7:30:39 AM,1.653219,3.535855,4.163073,4.495046
7:30:39 AM,1.653219,3.535855,4.163073,4.495046
7:30:39 AM,1.653219,3.535855,4.163073,4.495046
7:30:39 AM,1.653219,3.535855,4.163073,4.495029
7:30:39 AM,1.653219,3.535855,4.163073,4.495026
7:30:39 AM,1.653219,3.535855,4.163073,4.495026
7:30:39 AM,1.653219,3.535855,4.163073,4.495026
7:30:39 AM,1.653219,3.535855,4.163073,4.495046
7:30:39 AM,1.653219,3.535855,4.163073,4.495026
7:30:39 AM,1.653219,3.535855,4.163073,4.495026
7:30:39 AM,1.653219,3.535855,4.163073,4.495026
7:30:39 AM,1.653219,3.535855,4.163073,4.495046
7:30:39 AM,1.653219,3.535855,4.163073,4.495046
7:30:39 AM,1.653219,3.535855,4.163073,4.495046
7:30:39 AM,1.653219,3.535855,4.163073,4.495046
7:30:39 AM,1.653219,3.535855,4.163073,4.495046
7:30:39 AM,1.653219,3.535855,4.163073,4.495046
7:30:39 AM,1.653219,3.535855,4.163073,4.495046
7:30:39 AM,1.653219,3.535855,4.163073,4.495046
7:30:39 AM,1.653219,3.535855,4.163073,4.495026
7:30:39 AM,1.653219,3.535885,4.163119,4.495063
7:30:39 AM,1.653244,3.535772,4.163119,4.495083
7:30:39 AM,1.653244,3.535829,4.163073,4.495083
7:30:39 AM,1.653219,3.535885,4.163119,4.495046
7:30:39 AM,1.653244,3.535802,4.163073,4.495065
7:30:39 AM,1.653219,3.535885,4.163119,4.495083
7:30:39 AM,1.653219,3.535885,4.163119,4.495083
7:30:39 AM,1.653219,3.535885,4.163119,4.495083
7:30:39 AM,1.653219,3.535885,4.163119,4.495083
7:30:39 AM,1.653219,3.535885,4.163119,4.495083
7:30:39 AM,1.653219,3.535885,4.163119,4.495083
7:30:39 AM,1.653219,3.535885,4.163119,4.495083
7:30:39 AM,1.653219,3.535885,4.163119,4.495083
7:30:39 AM,1.653219,3.535859,4.163119,4.495083
7:30:39 AM,1.653219,3.535859,4.163097,4.495083
7:30:39 AM,1.653219,3.535859,4.163119,4.495083
7:30:39 AM,1.653244,3.535885,4.163119,4.495083
7:30:39 AM,1.653244,3.535885,4.163119,4.495083
7:30:39 AM,1.653244,3.535885,4.163142,4.4951
7:30:39 AM,1.653219,3.535885,4.163142,4.4951
7:30:39 AM,1.653219,3.535885,4.163142,4.495083
7:30:39 AM,1.653219,3.535885,4.163119,4.495083
7:30:39 AM,1.653219,3.535885,4.163119,4.495083
7:30:39 AM,1.653219,3.535885,4.163119,4.495083
7:30:39 AM,1.653219,3.535885,4.163119,4.495083
7:30:39 AM,1.653219,3.535885,4.163119,4.495083
7:30:39 AM,1.653219,3.535859,4.163097,4.495083
7:30:39 AM,1.653219,3.535859,4.163119,4.495083
7:30:39 AM,1.653219,3.535859,4.163119,4.495083
7:30:39 AM,1.653244,3.535829,4.163119,4.495083
7:30:39 AM,1.653244,3.535829,4.163119,4.495083
7:30:39 AM,1.653244,3.535829,4.163095,4.495083
7:30:39 AM,1.653244,3.535829,4.163095,4.495083
7:30:39 AM,1.653244,3.535829,4.163095,4.495083
7:30:39 AM,1.653244,3.535855,4.163095,4.495083
7:30:39 AM,1.653219,3.535829,4.163095,4.495083
7:30:39 AM,1.653219,3.535855,4.163095,4.495083
7:30:39 AM,1.653219,3.535855,4.163095,4.495083
7:30:39 AM,1.653219,3.535859,4.163119,4.495083
7:30:39 AM,1.653219,3.535859,4.163095,4.495083
7:30:39 AM,1.653219,3.535859,4.163095,4.495083
7:30:39 AM,1.653219,3.535859,4.163095,4.495083
7:30:39 AM,1.653219,3.535885,4.163095,4.495083
7:30:39 AM,1.653219,3.535885,4.163095,4.495083
7:30:39 AM,1.653219,3.535885,4.163119,4.495083
7:30:39 AM,1.653219,3.535859,4.163119,4.495083
7:30:39 AM,1.653219,3.535885,4.163119,4.495083
7:30:39 AM,1.653219,3.535885,4.163119,4.495083
7:30:39 AM,1.653219,3.535885,4.163119,4.495083
7:30:39 AM,1.653219,3.535885,4.163119,4.495083
7:30:39 AM,1.653219,3.535885,4.163119,4.495083
7:30:39 AM,1.653219,3.535885,4.163119,4.495083
7:30:39 AM,1.653219,3.535855,4.163119,4.495083
7:30:39 AM,1.653219,3.535885,4.163119,4.495083
7:30:39 AM,1.653194,3.535855,4.163095,4.495063
7:30:39 AM,1.653194,3.535855,4.163073,4.495063
7:30:39 AM,1.653194,3.535885,4.163097,4.495063
7:30:39 AM,1.653194,3.535855,4.163097,4.495063
7:30:39 AM,1.653194,3.535855,4.163073,4.495063
7:30:39 AM,1.653194,3.535885,4.163097,4.495063
7:30:39 AM,1.653194,3.535885,4.163119,4.495063
7:30:39 AM,1.653194,3.535885,4.163097,4.495063
7:30:39 AM,1.653194,3.535885,4.163119,4.495063
7:30:39 AM,1.653194,3.535885,4.163119,4.495063
7:30:39 AM,1.653194,3.535885,4.163119,4.495063
7:30:39 AM,1.653194,3.535885,4.163097,4.495063
7:30:39 AM,1.653219,3.535885,4.163097,4.495063
7:30:39 AM,1.653219,3.535885,4.163095,4.495063
7:30:39 AM,1.653219,3.535885,4.163119,4.495063
7:30:39 AM,1.653219,3.535885,4.163119,4.495063
7:30:39 AM,1.653219,3.535885,4.163119,4.495046
7:30:39 AM,1.653219,3.535885,4.163119,4.495063
7:30:39 AM,1.653219,3.535885,4.163119,4.495063
7:30:39 AM,1.653219,3.535885,4.163119,4.495063
7:30:39 AM,1.653219,3.535885,4.163119,4.495063
7:30:39 AM,1.653194,3.535855,4.163095,4.495063
7:30:39 AM,1.653244,3.535829,4.163119,4.495083
7:30:39 AM,1.653194,3.535855,4.163073,4.495063
7:30:39 AM,1.653194,3.535855,4.163095,4.495083
7:30:39 AM,1.653244,3.535855,4.163119,4.495083
7:30:39 AM,1.653244,3.535855,4.163119,4.495083
7:30:39 AM,1.653219,3.535855,4.163119,4.495083
7:30:39 AM,1.653244,3.535855,4.163119,4.495083
7:30:39 AM,1.653244,3.535855,4.163119,4.495083
7:30:39 AM,1.653219,3.535855,4.163119,4.495063
7:30:39 AM,1.653219,3.535855,4.163119,4.495083
7:30:39 AM,1.65322,3.535885,4.163119,4.495083
7:30:39 AM,1.65322,3.535885,4.163119,4.495083
7:30:39 AM,1.653244,3.535885,4.163119,4.495083
7:30:39 AM,1.653219,3.535885,4.163119,4.495083
7:30:39 AM,1.653219,3.535885,4.163119,4.495083
7:30:39 AM,1.653219,3.535885,4.163119,4.495083
7:30:39 AM,1.653219,3.535885,4.163119,4.495083
7:30:39 AM,1.653219,3.535885,4.163119,4.495083
7:30:39 AM,1.653194,3.535885,4.163119,4.495083
7:30:39 AM,1.653194,3.535885,4.163119,4.495083
7:30:39 AM,1.653194,3.535885,4.163095,4.495083
7:30:39 AM,1.653194,3.535885,4.163095,4.495083
7:30:39 AM,1.653194,3.535885,4.163095,4.495063
7:30:39 AM,1.653194,3.535885,4.163095,4.495083
7:30:39 AM,1.653194,3.535885,4.163119,4.495083
7:30:39 AM,1.653219,3.535855,4.163119,4.495046
7:30:40 AM,1.653244,3.535829,4.163119,4.495065
7:30:40 AM,1.653244,3.535829,4.163119,4.495065
7:30:40 AM,1.653244,3.535829,4.163119,4.495083
7:30:40 AM,1.653219,3.535829,4.163095,4.495083
7:30:40 AM,1.653269,3.535829,4.163095,4.495046
7:30:40 AM,1.653219,3.535802,4.163097,4.495065
7:30:40 AM,1.653269,3.535829,4.163095,4.495083
7:30:40 AM,1.653244,3.535798,4.163095,4.495083
7:30:40 AM,1.653244,3.535829,4.163119,4.495083
7:30:40 AM,1.653244,3.535829,4.163095,4.495065
7:30:40 AM,1.653219,3.535829,4.163073,4.495083
7:30:40 AM,1.653219,3.535798,4.163119,4.495065
7:30:40 AM,1.653219,3.535829,4.163119,4.495083
7:30:40 AM,1.653244,3.535802,4.163095,4.495065
7:30:40 AM,1.653244,3.535802,4.163095,4.495083
7:30:40 AM,1.653269,3.535802,4.163119,4.495063
7:30:40 AM,1.653269,3.535802,4.163119,4.495065
7:30:40 AM,1.653269,3.535829,4.163119,4.495046
7:30:40 AM,1.653244,3.535829,4.163073,4.495065
7:30:40 AM,1.653219,3.535829,4.163073,4.495046
7:30:40 AM,1.653244,3.535829,4.163119,4.495083
7:30:40 AM,1.653244,3.535829,4.163095,4.495065
7:30:40 AM,1.653244,3.535829,4.163097,4.495046
7:30:40 AM,1.653269,3.535802,4.163119,4.495046
7:30:40 AM,1.653244,3.535772,4.163073,4.495083
7:30:40 AM,1.653244,3.535829,4.163073,4.495083
7:30:40 AM,1.653244,3.535829,4.163119,4.495065
7:30:40 AM,1.653269,3.535829,4.163119,4.495083
7:30:40 AM,1.653244,3.535829,4.163097,4.495063
7:30:40 AM,1.653269,3.535802,4.163073,4.495065
7:30:40 AM,1.653219,3.535829,4.163097,4.495083
7:30:40 AM,1.653244,3.535802,4.163095,4.495065
7:30:40 AM,1.653244,3.535802,4.163095,4.495063
7:30:40 AM,1.653269,3.535802,4.163073,4.495063
7:30:40 AM,1.653244,3.535829,4.163095,4.495063
7:30:40 AM,1.653244,3.535829,4.163073,4.495083
7:30:40 AM,1.653244,3.535802,4.163119,4.495065
7:30:40 AM,1.653269,3.535802,4.163095,4.495046
7:30:40 AM,1.653244,3.535829,4.163097,4.495083
7:30:40 AM,1.653219,3.535802,4.163073,4.495063
7:30:40 AM,1.653244,3.535829,4.163119,4.495063
7:30:40 AM,1.653244,3.535829,4.163095,4.495083
7:30:40 AM,1.653244,3.535798,4.163097,4.495063
7:30:40 AM,1.653269,3.535802,4.163097,4.495083
7:30:40 AM,1.653244,3.535802,4.163073,4.495083
7:30:40 AM,1.653244,3.535829,4.163119,4.495083
7:30:40 AM,1.653244,3.535829,4.163119,4.495063
7:30:40 AM,1.653244,3.535829,4.163095,4.495065
7:30:40 AM,1.653244,3.535829,4.163119,4.495065
7:30:40 AM,1.653269,3.535802,4.163119,4.495063
7:30:40 AM,1.653244,3.535772,4.163073,4.495083
7:30:40 AM,1.653244,3.535829,4.163073,4.495083
7:30:40 AM,1.653219,3.535829,4.163119,4.495065
7:30:40 AM,1.653244,3.535829,4.163095,4.495083
7:30:40 AM,1.653244,3.535802,4.163095,4.495063
7:30:40 AM,1.653244,3.535829,4.163095,4.495083
7:30:40 AM,1.653244,3.535829,4.163073,4.495063
7:30:40 AM,1.653269,3.535829,4.163119,4.495065
7:30:40 AM,1.653244,3.535829,4.163119,4.495083
7:30:40 AM,1.653244,3.535802,4.163095,4.495083
7:30:40 AM,1.653219,3.535829,4.163097,4.495083
7:30:40 AM,1.653219,3.535829,4.163097,4.495065
7:30:40 AM,1.653244,3.535829,4.163119,4.495083
7:30:40 AM,1.653244,3.535829,4.163095,4.495065
7:30:40 AM,1.653244,3.535798,4.163097,4.495083
7:30:40 AM,1.653244,3.535829,4.163119,4.495065
7:30:40 AM,1.653244,3.535829,4.163095,4.495083
7:30:40 AM,1.653244,3.535829,4.163095,4.495065
7:30:40 AM,1.653244,3.535829,4.163095,4.495065
7:30:40 AM,1.653244,3.535829,4.163095,4.495065
7:30:40 AM,1.653244,3.535829,4.163095,4.495065
7:30:40 AM,1.653244,3.535829,4.163119,4.495065
7:30:40 AM,1.653219,3.535829,4.163095,4.495083
7:30:40 AM,1.653244,3.535829,4.163073,4.495083
7:30:40 AM,1.653244,3.535829,4.163119,4.495046
7:30:40 AM,1.653219,3.535829,4.163095,4.495046
7:30:40 AM,1.653219,3.535802,4.163095,4.495083
7:30:40 AM,1.653269,3.535829,4.163119,4.495046
7:30:40 AM,1.653269,3.535772,4.163073,4.495083
7:30:40 AM,1.653219,3.535802,4.163095,4.495083
7:30:40 AM,1.653244,3.535829,4.163119,4.495065
7:30:40 AM,1.653219,3.535829,4.163119,4.495065
7:30:40 AM,1.653269,3.535829,4.163119,4.495063
7:30:40 AM,1.653269,3.535829,4.163119,4.495063
7:30:40 AM,1.653244,3.535802,4.163095,4.495046
7:30:40 AM,1.653244,3.535829,4.163119,4.495063
7:30:40 AM,1.653269,3.535802,4.163097,4.495063
7:30:40 AM,1.653219,3.535829,4.163095,4.495083
7:30:40 AM,1.653269,3.535802,4.163073,4.495083
7:30:40 AM,1.653269,3.535829,4.163119,4.495065
7:30:40 AM,1.653219,3.535802,4.163073,4.495065
7:30:40 AM,1.653269,3.535802,4.163095,4.495046
7:30:40 AM,1.653269,3.535802,4.163073,4.495046
7:30:40 AM,1.653244,3.535802,4.163119,4.495083
7:30:40 AM,1.653244,3.535802,4.163095,4.495046
7:30:40 AM,1.653219,3.535829,4.163119,4.495083
7:30:40 AM,1.653269,3.535772,4.163073,4.495083
7:30:40 AM,1.653244,3.535802,4.163095,4.495083
7:30:40 AM,1.653244,3.535829,4.163073,4.495065
7:30:40 AM,1.653244,3.535885,4.163073,4.495083
7:30:40 AM,1.653244,3.535885,4.163095,4.495065
7:30:40 AM,1.653244,3.535885,4.163049,4.495063
7:30:40 AM,1.653244,3.535829,4.163073,4.495046
7:30:40 AM,1.653244,3.535829,4.163073,4.495046
7:30:40 AM,1.653244,3.535829,4.163073,4.495046
7:30:40 AM,1.653269,3.535829,4.163073,4.495046
7:30:40 AM,1.653269,3.535829,4.163073,4.495046
7:30:40 AM,1.653244,3.535829,4.163073,4.495046
7:30:40 AM,1.653244,3.535829,4.163073,4.495046
7:30:40 AM,1.653244,3.535829,4.16305,4.495063
7:30:40 AM,1.653244,3.535829,4.16305,4.495046
7:30:40 AM,1.653244,3.535829,4.163073,4.495046
7:30:40 AM,1.653219,3.535829,4.16305,4.495046
7:30:40 AM,1.653219,3.535829,4.163073,4.495046
7:30:40 AM,1.653244,3.535829,4.163073,4.495046
7:30:40 AM,1.653244,3.535829,4.163073,4.495046
7:30:40 AM,1.653244,3.535829,4.163073,4.495046
7:30:40 AM,1.653219,3.535829,4.163073,4.495046
7:30:40 AM,1.653219,3.535829,4.163073,4.495046
7:30:40 AM,1.653219,3.535829,4.163073,4.495046
7:30:40 AM,1.653219,3.535829,4.163073,4.495046
7:30:40 AM,1.653219,3.535829,4.163073,4.495046
7:30:40 AM,1.653219,3.535829,4.163073,4.495046
7:30:40 AM,1.653244,3.535829,4.16305,4.495046
7:30:40 AM,1.653244,3.535829,4.16305,4.495046
7:30:40 AM,1.653244,3.535829,4.163073,4.495046
7:30:40 AM,1.653244,3.535885,4.163073,4.495063
7:30:40 AM,1.653244,3.535885,4.163073,4.495063
7:30:40 AM,1.653244,3.535885,4.163073,4.495063
7:30:40 AM,1.653244,3.535885,4.163073,4.495063
7:30:40 AM,1.653244,3.535885,4.163073,4.495063
7:30:40 AM,1.653244,3.535885,4.163073,4.495063
7:30:40 AM,1.653244,3.535885,4.163073,4.495046
7:30:40 AM,1.653244,3.535885,4.163073,4.495046
7:30:40 AM,1.653244,3.535885,4.163073,4.495046
7:30:40 AM,1.653244,3.535885,4.163073,4.495046
7:30:40 AM,1.653269,3.535855,4.163073,4.495046
7:30:40 AM,1.653269,3.535885,4.163073,4.495046
7:30:40 AM,1.653269,3.535855,4.163073,4.495046
7:30:40 AM,1.653269,3.535855,4.163073,4.495046
7:30:40 AM,1.653269,3.535855,4.16305,4.495046
7:30:40 AM,1.653269,3.535855,4.163073,4.495046
7:30:40 AM,1.653269,3.535855,4.16305,4.495046
7:30:40 AM,1.653269,3.535855,4.16305,4.495046
7:30:40 AM,1.653269,3.535855,4.16305,4.495046
7:30:40 AM,1.653269,3.535855,4.16305,4.495063
7:30:40 AM,1.653269,3.535855,4.16305,4.495063
7:30:40 AM,1.653244,3.535802,4.163073,4.495046
7:30:40 AM,1.653219,3.535802,4.163073,4.495046
7:30:40 AM,1.653219,3.535802,4.163097,4.495046
7:30:40 AM,1.653219,3.535802,4.163097,4.495046
7:30:40 AM,1.653244,3.535829,4.163119,4.495046
7:30:40 AM,1.653244,3.535829,4.163119,4.495063
7:30:40 AM,1.653244,3.535829,4.163119,4.495065
7:30:40 AM,1.653269,3.535829,4.163119,4.495065
7:30:40 AM,1.653269,3.535829,4.163119,4.495063
7:30:40 AM,1.653269,3.535829,4.163119,4.495046
7:30:40 AM,1.653244,3.535829,4.163119,4.495046
7:30:40 AM,1.653244,3.535829,4.163119,4.495046
7:30:40 AM,1.653244,3.535829,4.163119,4.495046
7:30:40 AM,1.653244,3.535829,4.163119,4.495046
7:30:40 AM,1.653269,3.535829,4.163119,4.495046
7:30:40 AM,1.653269,3.535829,4.163119,4.495046
7:30:40 AM,1.653269,3.535829,4.163095,4.495046
7:30:40 AM,1.653269,3.535829,4.163095,4.495046
7:30:40 AM,1.653269,3.535829,4.163095,4.495065
7:30:40 AM,1.653244,3.535829,4.163119,4.495065
7:30:40 AM,1.653244,3.535829,4.163119,4.495046
7:30:40 AM,1.653269,3.535829,4.163097,4.495046
7:30:40 AM,1.653269,3.535829,4.163119,4.495065
7:30:40 AM,1.653269,3.535885,4.163073,4.495046
7:30:40 AM,1.653244,3.535885,4.163049,4.495048
7:30:40 AM,1.653244,3.535829,4.163119,4.495063
7:30:40 AM,1.653244,3.535885,4.163073,4.495046
7:30:40 AM,1.653244,3.535829,4.163119,4.495063
7:30:40 AM,1.653244,3.535829,4.163119,4.495063
7:30:40 AM,1.653219,3.535802,4.163097,4.495046
7:30:40 AM,1.653219,3.535802,4.163073,4.495046
7:30:40 AM,1.653219,3.535802,4.163073,4.495046
7:30:40 AM,1.653219,3.535802,4.163073,4.495046
7:30:40 AM,1.653219,3.535802,4.163073,4.495046
7:30:40 AM,1.653219,3.535802,4.163073,4.495046
7:30:40 AM,1.653219,3.535802,4.163073,4.495046
7:30:40 AM,1.653219,3.535802,4.163073,4.495046
7:30:40 AM,1.653219,3.535802,4.163073,4.495046
7:30:40 AM,1.653219,3.535802,4.163095,4.495046
7:30:40 AM,1.653219,3.535802,4.163095,4.495046
7:30:40 AM,1.653219,3.535802,4.163095,4.495046
7:30:40 AM,1.653244,3.535802,4.163095,4.495046
7:30:40 AM,1.653219,3.535829,4.163095,4.495046
7:30:40 AM,1.653219,3.535829,4.163073,4.495046
7:30:40 AM,1.653219,3.535829,4.163095,4.495046
7:30:40 AM,1.653219,3.535829,4.163073,4.495046
7:30:40 AM,1.653219,3.535829,4.163095,4.495046
7:30:40 AM,1.653219,3.535829,4.163095,4.495046
7:30:40 AM,1.653219,3.535829,4.163073,4.495063
7:30:40 AM,1.653219,3.535829,4.163097,4.495063
7:30:40 AM,1.653244,3.535829,4.163119,4.495063
7:30:40 AM,1.653244,3.535916,4.163049,4.495065
7:30:40 AM,1.653244,3.535885,4.163073,4.495046
7:30:41 AM,1.653244,3.535885,4.163073,4.495046
7:30:41 AM,1.653244,3.535916,4.163073,4.495029
7:30:41 AM,1.653219,3.535885,4.163073,4.495063
7:30:41 AM,1.653269,3.535885,4.163049,4.495065
7:30:41 AM,1.653244,3.53589,4.163049,4.495083
7:30:41 AM,1.653244,3.535885,4.163073,4.495046
7:30:41 AM,1.653244,3.535916,4.163071,4.495065
7:30:41 AM,1.653244,3.535916,4.163026,4.495063
7:30:41 AM,1.653244,3.535916,4.163049,4.495046
7:30:41 AM,1.653244,3.535916,4.163049,4.495065
7:30:41 AM,1.65322,3.535859,4.163095,4.495046
7:30:41 AM,1.653244,3.535885,4.163071,4.495048
7:30:41 AM,1.653244,3.535885,4.163073,4.495046
7:30:41 AM,1.653219,3.535916,4.163049,4.495065
7:30:41 AM,1.653244,3.535911,4.163049,4.495065
7:30:41 AM,1.653269,3.535885,4.163049,4.495065
7:30:41 AM,1.653244,3.535911,4.163073,4.495046
7:30:41 AM,1.653219,3.53589,4.163071,4.495046
7:30:41 AM,1.653219,3.535916,4.163049,4.495083
7:30:41 AM,1.653244,3.53589,4.163049,4.495065
7:30:41 AM,1.653269,3.535916,4.163049,4.495046
7:30:41 AM,1.653244,3.535885,4.163073,4.495065
7:30:41 AM,1.653219,3.535916,4.163073,4.495046
7:30:41 AM,1.653244,3.535916,4.163049,4.495065
7:30:41 AM,1.653244,3.535885,4.163049,4.495046
7:30:41 AM,1.653244,3.535885,4.163049,4.495063
7:30:41 AM,1.653219,3.535885,4.163073,4.495083
7:30:41 AM,1.653244,3.535916,4.163073,4.495065
7:30:41 AM,1.653244,3.535859,4.163073,4.495065
7:30:41 AM,1.653269,3.535916,4.16305,4.495065
7:30:41 AM,1.653244,3.535916,4.163073,4.495065
7:30:41 AM,1.653219,3.535916,4.163073,4.495046
7:30:41 AM,1.653219,3.535885,4.163073,4.495065
7:30:41 AM,1.653244,3.535911,4.163049,4.495029
7:30:41 AM,1.653244,3.535942,4.163071,4.495065
7:30:41 AM,1.653244,3.535916,4.163049,4.495046
7:30:41 AM,1.653269,3.535885,4.163071,4.495046
7:30:41 AM,1.653244,3.53589,4.163049,4.495065
7:30:41 AM,1.653244,3.535911,4.163049,4.495065
7:30:41 AM,1.653244,3.535916,4.163049,4.495065
7:30:41 AM,1.653244,3.535916,4.163049,4.495065
7:30:41 AM,1.653244,3.535885,4.163049,4.495063
7:30:41 AM,1.653219,3.535885,4.163049,4.495065
7:30:41 AM,1.653244,3.535916,4.163073,4.495065
7:30:41 AM,1.653244,3.535916,4.163049,4.495083
7:30:41 AM,1.653244,3.535916,4.163071,4.495065
7:30:41 AM,1.653269,3.535916,4.163049,4.495065
7:30:41 AM,1.653219,3.535916,4.163071,4.495065
7:30:41 AM,1.653244,3.535885,4.163073,4.495046
7:30:41 AM,1.653269,3.535885,4.163095,4.495048
7:30:41 AM,1.653244,3.535885,4.163026,4.495065
7:30:41 AM,1.653244,3.535916,4.163049,4.495065
7:30:41 AM,1.653244,3.535916,4.163049,4.495065
7:30:41 AM,1.653244,3.535916,4.163049,4.495065
7:30:41 AM,1.653244,3.535916,4.163049,4.495065
7:30:41 AM,1.653244,3.535916,4.163049,4.495065
7:30:41 AM,1.653244,3.535916,4.163049,4.495065
7:30:41 AM,1.653244,3.535885,4.163073,4.495065
7:30:41 AM,1.653244,3.535885,4.163073,4.495083
7:30:41 AM,1.653244,3.535885,4.163073,4.495083
7:30:41 AM,1.653244,3.535885,4.163073,4.495065
7:30:41 AM,1.653244,3.535885,4.163073,4.495065
7:30:41 AM,1.653244,3.535885,4.163073,4.495065
7:30:41 AM,1.653244,3.535885,4.163073,4.495065
7:30:41 AM,1.653244,3.535885,4.163073,4.495065
7:30:41 AM,1.653244,3.535885,4.163073,4.495065
7:30:41 AM,1.653244,3.535885,4.163073,4.495065
7:30:41 AM,1.653244,3.535885,4.163073,4.495065
7:30:41 AM,1.653244,3.535885,4.163073,4.495046
7:30:41 AM,1.653244,3.535885,4.163073,4.495046
7:30:41 AM,1.653244,3.535885,4.163073,4.495046
7:30:41 AM,1.653244,3.535885,4.163073,4.495046
7:30:41 AM,1.653244,3.535916,4.163049,4.495065
7:30:41 AM,1.653244,3.535885,4.163073,4.495046
7:30:41 AM,1.653244,3.535916,4.163049,4.495065
7:30:41 AM,1.653244,3.535916,4.163049,4.495065
7:30:41 AM,1.653244,3.535885,4.163071,4.495046
7:30:41 AM,1.653269,3.535916,4.163073,4.495065
7:30:41 AM,1.653244,3.535859,4.163049,4.495046
7:30:41 AM,1.653244,3.535916,4.163073,4.495065
7:30:41 AM,1.653244,3.535885,4.163049,4.495048
7:30:41 AM,1.653269,3.535916,4.163073,4.495065
7:30:41 AM,1.653244,3.535942,4.163071,4.495065
7:30:41 AM,1.653244,3.535916,4.163049,4.495046
7:30:41 AM,1.653244,3.535916,4.163095,4.495063
7:30:41 AM,1.653244,3.535916,4.163049,4.495065
7:30:41 AM,1.653244,3.535916,4.163073,4.495065
7:30:41 AM,1.653219,3.535916,4.163049,4.495046
7:30:41 AM,1.653244,3.535911,4.163049,4.495065
7:30:41 AM,1.653244,3.535916,4.163095,4.495046
7:30:41 AM,1.653269,3.535885,4.163049,4.495048
7:30:41 AM,1.653244,3.535916,4.163049,4.495063
7:30:41 AM,1.653244,3.535916,4.163049,4.495065
7:30:41 AM,1.653244,3.535916,4.163049,4.495046
7:30:41 AM,1.653244,3.535911,4.163073,4.495063
7:30:41 AM,1.653244,3.535916,4.163026,4.495083
7:30:41 AM,1.653219,3.535916,4.163049,4.495046
7:30:41 AM,1.653244,3.535885,4.163049,4.495065
7:30:41 AM,1.653244,3.535885,4.163049,4.495046
7:30:41 AM,1.653244,3.535942,4.163073,4.495063
7:30:41 AM,1.653244,3.535911,4.163095,4.495063
7:30:41 AM,1.653194,3.535911,4.163073,4.495065
7:30:41 AM,1.653244,3.535885,4.163073,4.495063
7:30:41 AM,1.65322,3.535885,4.163073,4.495063
7:30:41 AM,1.65322,3.535885,4.163073,4.495063
7:30:41 AM,1.65322,3.535885,4.163073,4.495063
7:30:41 AM,1.653244,3.535885,4.163073,4.495063
7:30:41 AM,1.653244,3.535885,4.163073,4.495063
7:30:41 AM,1.653244,3.535885,4.163073,4.495063
7:30:41 AM,1.653244,3.535911,4.163073,4.495063
7:30:41 AM,1.65322,3.535911,4.163073,4.495063
7:30:41 AM,1.653244,3.535885,4.163073,4.495063
7:30:41 AM,1.653244,3.535911,4.163073,4.495063
7:30:41 AM,1.653244,3.535885,4.163095,4.495046
7:30:41 AM,1.65322,3.535911,4.163073,4.495063
7:30:41 AM,1.65322,3.535942,4.163095,4.495046
7:30:41 AM,1.65322,3.535942,4.163073,4.495063
7:30:41 AM,1.653194,3.535911,4.163095,4.495046
7:30:41 AM,1.653244,3.535885,4.163049,4.495063
7:30:41 AM,1.653244,3.535911,4.163073,4.495063
7:30:41 AM,1.653244,3.535885,4.163073,4.495063
7:30:41 AM,1.65322,3.535911,4.163073,4.495063
7:30:41 AM,1.653244,3.535885,4.163095,4.495063
7:30:41 AM,1.653244,3.535885,4.163073,4.495063
7:30:41 AM,1.653244,3.535885,4.163073,4.495063
7:30:41 AM,1.653244,3.535885,4.163073,4.495063
7:30:41 AM,1.653244,3.535885,4.163095,4.495026
7:30:41 AM,1.653219,3.535885,4.163095,4.495046
7:30:41 AM,1.653219,3.535885,4.163095,4.495046
7:30:41 AM,1.653219,3.535885,4.163095,4.495046
7:30:41 AM,1.653219,3.535885,4.163095,4.495046
7:30:41 AM,1.653244,3.535885,4.163095,4.495026
7:30:41 AM,1.653244,3.535885,4.163095,4.495026
7:30:41 AM,1.653244,3.535885,4.163095,4.495026
7:30:41 AM,1.653244,3.535885,4.163095,4.495026
7:30:41 AM,1.653244,3.535885,4.163095,4.495026
7:30:41 AM,1.653244,3.535885,4.163095,4.495026
7:30:41 AM,1.653244,3.535885,4.163095,4.495026
7:30:41 AM,1.653244,3.535885,4.163095,4.495026
7:30:41 AM,1.653244,3.535885,4.163095,4.495026
7:30:41 AM,1.653244,3.535885,4.163095,4.495026
7:30:41 AM,1.653244,3.535885,4.163095,4.495026
7:30:41 AM,1.653244,3.535885,4.163073,4.495046
7:30:41 AM,1.653244,3.535885,4.163073,4.495026
7:30:41 AM,1.653244,3.535885,4.163073,4.495044
7:30:41 AM,1.653244,3.535885,4.163073,4.495044
7:30:41 AM,1.653244,3.535885,4.163073,4.495044
7:30:41 AM,1.65322,3.535885,4.163073,4.495083
7:30:41 AM,1.653194,3.535942,4.163073,4.495046
7:30:41 AM,1.653194,3.535911,4.163097,4.495065
7:30:41 AM,1.653194,3.535885,4.163073,4.495063
7:30:41 AM,1.653244,3.535911,4.163095,4.495063
7:30:41 AM,1.653244,3.535911,4.163095,4.495046
7:30:41 AM,1.653219,3.535911,4.163095,4.495063
7:30:41 AM,1.653219,3.535911,4.163095,4.495046
7:30:41 AM,1.653244,3.535885,4.163049,4.495046
7:30:41 AM,1.65322,3.535916,4.163095,4.495063
7:30:41 AM,1.65322,3.535911,4.163095,4.495065
7:30:41 AM,1.653244,3.535942,4.163095,4.495063
7:30:41 AM,1.653194,3.535885,4.163073,4.495083
7:30:41 AM,1.653219,3.535911,4.163073,4.495063
7:30:41 AM,1.653244,3.535942,4.163095,4.495063
7:30:41 AM,1.65322,3.535885,4.163073,4.495063
7:30:41 AM,1.65322,3.535916,4.163095,4.495083
7:30:41 AM,1.65322,3.535911,4.163095,4.495063
7:30:41 AM,1.653194,3.535942,4.163073,4.495046
7:30:41 AM,1.653244,3.535911,4.163049,4.495046
7:30:41 AM,1.65322,3.535911,4.163095,4.495063
7:30:41 AM,1.65322,3.535885,4.163049,4.495083
7:30:41 AM,1.65322,3.535942,4.163073,4.495046
7:30:41 AM,1.65322,3.535916,4.163095,4.495063
7:30:41 AM,1.653194,3.535916,4.163073,4.495063
7:30:41 AM,1.653244,3.535911,4.163073,4.495063
7:30:41 AM,1.653219,3.535885,4.163095,4.495046
7:30:41 AM,1.65322,3.535911,4.163095,4.495063
7:30:41 AM,1.653194,3.535885,4.163073,4.495083
7:30:41 AM,1.65322,3.535942,4.163049,4.495083
7:30:41 AM,1.653194,3.535885,4.163073,4.495063
7:30:41 AM,1.653194,3.535942,4.163073,4.495063
7:30:41 AM,1.65322,3.535911,4.163095,4.495083
7:30:41 AM,1.653244,3.535911,4.163095,4.495063
7:30:41 AM,1.653244,3.535911,4.163095,4.495063
7:30:41 AM,1.653244,3.535942,4.163097,4.495063
7:30:41 AM,1.653244,3.535942,4.163095,4.495063
7:30:41 AM,1.65322,3.535885,4.163095,4.495063
7:30:41 AM,1.653219,3.535911,4.163049,4.495083
7:30:41 AM,1.65322,3.535911,4.163073,4.495063
7:30:41 AM,1.65322,3.535911,4.163095,4.495063
7:30:41 AM,1.65322,3.535911,4.163071,4.495046
7:30:41 AM,1.653244,3.535942,4.163073,4.495063
7:30:41 AM,1.653244,3.535885,4.163073,4.495063
7:30:41 AM,1.653219,3.535942,4.163073,4.495063
7:30:41 AM,1.653244,3.535911,4.163095,4.495083
7:30:41 AM,1.65322,3.535942,4.163095,4.495044
7:30:41 AM,1.653244,3.535911,4.163073,4.495063
7:30:41 AM,1.653194,3.535911,4.163073,4.495063
7:30:41 AM,1.65322,3.535911,4.163073,4.495065
7:30:41 AM,1.653194,3.535911,4.163073,4.495063
7:30:41 AM,1.653219,3.535885,4.163095,4.495026
7:30:41 AM,1.653244,3.535885,4.163095,4.495026
7:30:42 AM,1.653194,3.535911,4.163095,4.495063
7:30:42 AM,1.653244,3.535916,4.163073,4.495065
7:30:42 AM,1.653244,3.535916,4.163073,4.495065
7:30:42 AM,1.653244,3.535916,4.163073,4.495065
7:30:42 AM,1.653244,3.535916,4.163073,4.495046
7:30:42 AM,1.653244,3.535916,4.163095,4.495046
7:30:42 AM,1.653244,3.535916,4.163073,4.495046
7:30:42 AM,1.653244,3.535916,4.163073,4.495046
7:30:42 AM,1.653244,3.535916,4.163073,4.495046
7:30:42 AM,1.653244,3.535916,4.163073,4.495046
7:30:42 AM,1.653244,3.535916,4.163095,4.495046
7:30:42 AM,1.653244,3.535916,4.163095,4.495029
7:30:42 AM,1.653244,3.535916,4.163095,4.495046
7:30:42 AM,1.653244,3.53589,4.163095,4.495029
7:30:42 AM,1.653244,3.53589,4.163073,4.495046
7:30:42 AM,1.653244,3.53589,4.163073,4.495046
7:30:42 AM,1.653244,3.53589,4.163095,4.495046
7:30:42 AM,1.653244,3.53589,4.163095,4.495046
7:30:42 AM,1.653244,3.535859,4.163095,4.495046
7:30:42 AM,1.653244,3.53589,4.163095,4.495046
7:30:42 AM,1.653244,3.535916,4.163095,4.495046
7:30:42 AM,1.653244,3.53589,4.163095,4.495046
7:30:42 AM,1.653244,3.535916,4.163049,4.495065
7:30:42 AM,1.653244,3.53589,4.163095,4.495046
7:30:42 AM,1.653244,3.535916,4.163049,4.495065
7:30:42 AM,1.653244,3.535942,4.163049,4.495065
7:30:42 AM,1.653244,3.535916,4.163049,4.495065
7:30:42 AM,1.653244,3.535916,4.163049,4.495065
7:30:42 AM,1.653244,3.535916,4.163049,4.495065
7:30:42 AM,1.653244,3.535916,4.163049,4.495065
7:30:42 AM,1.653244,3.535916,4.163073,4.495065
7:30:42 AM,1.653244,3.535916,4.163073,4.495065
7:30:42 AM,1.653244,3.535916,4.163073,4.495065
7:30:42 AM,1.653244,3.535916,4.163049,4.495065
7:30:42 AM,1.653244,3.535916,4.163073,4.495065
7:30:42 AM,1.653244,3.535916,4.163073,4.495065
7:30:42 AM,1.653244,3.535916,4.163073,4.495065
7:30:42 AM,1.653244,3.535942,4.163073,4.495065
7:30:42 AM,1.653244,3.535942,4.163073,4.495065
7:30:42 AM,1.653244,3.535916,4.163073,4.495065
7:30:42 AM,1.653244,3.535942,4.163073,4.495065
7:30:42 AM,1.653244,3.535916,4.163073,4.495065
7:30:42 AM,1.653244,3.535942,4.163049,4.495065
7:30:42 AM,1.653244,3.535916,4.163049,4.495065
7:30:42 AM,1.653244,3.535916,4.163049,4.495065
7:30:42 AM,1.653244,3.535916,4.163049,4.495065
7:30:42 AM,1.653244,3.535916,4.163049,4.495065
7:30:42 AM,1.653244,3.535942,4.163049,4.495065
7:30:42 AM,1.65322,3.535885,4.163119,4.495063
7:30:42 AM,1.653244,3.53589,4.163095,4.495046
7:30:42 AM,1.653244,3.53589,4.163095,4.495026
7:30:42 AM,1.653219,3.535885,4.163073,4.495026
7:30:42 AM,1.653219,3.535885,4.163073,4.495026
7:30:42 AM,1.653219,3.535885,4.163073,4.495026
7:30:42 AM,1.653219,3.535885,4.163073,4.495026
7:30:42 AM,1.653219,3.535885,4.163073,4.495026
7:30:42 AM,1.653219,3.535885,4.163073,4.495026
7:30:42 AM,1.653219,3.535885,4.163073,4.495026
7:30:42 AM,1.653219,3.535885,4.163073,4.495026
7:30:42 AM,1.653219,3.535885,4.163073,4.495026
7:30:42 AM,1.653219,3.535885,4.163073,4.495026
7:30:42 AM,1.653219,3.535885,4.163073,4.495026
7:30:42 AM,1.653219,3.535885,4.163095,4.495026
7:30:42 AM,1.653219,3.535885,4.163073,4.495026
7:30:42 AM,1.653219,3.535885,4.163073,4.495026
7:30:42 AM,1.653219,3.535885,4.163095,4.495026
7:30:42 AM,1.653219,3.535885,4.163095,4.495026
7:30:42 AM,1.653219,3.535885,4.163095,4.495026
7:30:42 AM,1.653244,3.535885,4.163095,4.495026
7:30:42 AM,1.653244,3.535885,4.163095,4.495026
7:30:42 AM,1.653244,3.535885,4.163095,4.495026
7:30:42 AM,1.653244,3.535885,4.163095,4.495026
7:30:42 AM,1.653244,3.535885,4.163073,4.495026
7:30:42 AM,1.653244,3.53589,4.163095,4.495026
7:30:42 AM,1.653244,3.535916,4.163073,4.495026
7:30:42 AM,1.65322,3.535916,4.163073,4.495026
7:30:42 AM,1.653244,3.53589,4.163095,4.495026
7:30:42 AM,1.653244,3.53589,4.163095,4.495026
7:30:42 AM,1.653244,3.535859,4.163095,4.495026
7:30:42 AM,1.653244,3.535859,4.163095,4.495026
7:30:42 AM,1.653244,3.53589,4.163095,4.495026
7:30:42 AM,1.653244,3.53589,4.163095,4.495026
7:30:42 AM,1.65322,3.53589,4.163095,4.495026
7:30:42 AM,1.65322,3.53589,4.163095,4.495026
7:30:42 AM,1.65322,3.53589,4.163095,4.495026
7:30:42 AM,1.653244,3.53589,4.163095,4.495026
7:30:42 AM,1.653244,3.53589,4.163095,4.495026
7:30:42 AM,1.65322,3.53589,4.163095,4.495026
7:30:42 AM,1.65322,3.53589,4.163095,4.495026
7:30:42 AM,1.65322,3.53589,4.163095,4.495046
7:30:42 AM,1.65322,3.535916,4.163095,4.495046
7:30:42 AM,1.65322,3.535916,4.163095,4.495046
7:30:42 AM,1.65322,3.535916,4.163095,4.495046
7:30:42 AM,1.65322,3.535885,4.163095,4.495026
7:30:42 AM,1.65322,3.535885,4.163095,4.495026
7:30:42 AM,1.65322,3.535885,4.163073,4.495046
7:30:42 AM,1.65322,3.535916,4.163073,4.495026
7:30:42 AM,1.653244,3.535916,4.163073,4.495026
7:30:42 AM,1.653244,3.535911,4.163073,4.495026
7:30:42 AM,1.65322,3.535911,4.163073,4.495063
7:30:42 AM,1.653194,3.535885,4.163073,4.495046
7:30:42 AM,1.65322,3.535916,4.163097,4.495063
7:30:42 AM,1.65322,3.53589,4.163097,4.495063
7:30:42 AM,1.65322,3.53589,4.163097,4.495063
7:30:42 AM,1.65322,3.53589,4.163097,4.495063
7:30:42 AM,1.65322,3.53589,4.163097,4.495063
7:30:42 AM,1.65322,3.53589,4.163097,4.495063
7:30:42 AM,1.65322,3.53589,4.163097,4.495063
7:30:42 AM,1.65322,3.53589,4.163097,4.495063
7:30:42 AM,1.65322,3.53589,4.163119,4.495063
7:30:42 AM,1.65322,3.535916,4.163097,4.495046
7:30:42 AM,1.65322,3.53589,4.163119,4.495063
7:30:42 AM,1.65322,3.53589,4.163119,4.495063
7:30:42 AM,1.65322,3.53589,4.163119,4.495063
7:30:42 AM,1.65322,3.53589,4.163119,4.495063
7:30:42 AM,1.65322,3.53589,4.163119,4.495063
7:30:42 AM,1.65322,3.53589,4.163119,4.495063
7:30:42 AM,1.65322,3.53589,4.163119,4.495063
7:30:42 AM,1.653245,3.53589,4.163119,4.495063
7:30:42 AM,1.65322,3.535916,4.163119,4.495063
7:30:42 AM,1.65322,3.53589,4.163119,4.495063
7:30:42 AM,1.65322,3.53589,4.163119,4.495063
7:30:42 AM,1.65322,3.535916,4.163097,4.495063
7:30:42 AM,1.65322,3.535916,4.163097,4.495063
7:30:42 AM,1.653195,3.535916,4.163097,4.495063
7:30:42 AM,1.65322,3.535916,4.163119,4.495063
7:30:42 AM,1.653195,3.535916,4.163097,4.495063
7:30:42 AM,1.653195,3.535916,4.163119,4.495063
7:30:42 AM,1.653195,3.535916,4.163119,4.495063
7:30:42 AM,1.65322,3.535916,4.163119,4.495063
7:30:42 AM,1.65322,3.535916,4.163119,4.495063
7:30:42 AM,1.65322,3.535916,4.163119,4.495063
7:30:42 AM,1.65322,3.535916,4.163119,4.495063
7:30:42 AM,1.653195,3.535916,4.163119,4.495063
7:30:42 AM,1.653195,3.535916,4.163119,4.495063
7:30:42 AM,1.653195,3.535916,4.163119,4.495063
7:30:42 AM,1.653195,3.535916,4.163119,4.495063
7:30:42 AM,1.653195,3.535916,4.163119,4.495063
7:30:42 AM,1.653195,3.535916,4.163119,4.495063
7:30:42 AM,1.653195,3.535916,4.163119,4.495063
7:30:42 AM,1.653195,3.535916,4.163097,4.495063
7:30:42 AM,1.653195,3.535916,4.163119,4.495063
7:30:42 AM,1.653195,3.535916,4.163097,4.495046
7:30:42 AM,1.653195,3.535916,4.163097,4.495063
7:30:42 AM,1.653195,3.535916,4.163097,4.495063
7:30:42 AM,1.653195,3.535916,4.163097,4.495063
7:30:42 AM,1.65322,3.53589,4.163119,4.495046
7:30:42 AM,1.65322,3.53589,4.163119,4.495046
7:30:42 AM,1.65322,3.53589,4.163119,4.495046
7:30:42 AM,1.65322,3.53589,4.163119,4.495046
7:30:42 AM,1.65322,3.535916,4.163095,4.495063
7:30:42 AM,1.65322,3.535916,4.163095,4.495063
7:30:42 AM,1.65322,3.535916,4.163095,4.495063
7:30:42 AM,1.65322,3.535916,4.163095,4.495063
7:30:42 AM,1.65322,3.535916,4.163095,4.495063
7:30:42 AM,1.65322,3.535916,4.163095,4.495046
7:30:42 AM,1.65322,3.535916,4.163095,4.495063
7:30:42 AM,1.65322,3.535942,4.163095,4.495063
7:30:42 AM,1.65322,3.535942,4.163095,4.495063
7:30:42 AM,1.65322,3.535942,4.163073,4.495063
7:30:42 AM,1.65322,3.535942,4.163073,4.495063
7:30:42 AM,1.65322,3.535942,4.163073,4.495063
7:30:42 AM,1.65322,3.535911,4.163073,4.495063
7:30:42 AM,1.65322,3.535942,4.163073,4.495063
7:30:42 AM,1.65322,3.535942,4.163073,4.495063
7:30:42 AM,1.65322,3.535911,4.163073,4.495063
7:30:42 AM,1.65322,3.535911,4.163073,4.495063
7:30:42 AM,1.65322,3.535911,4.163073,4.495063
7:30:42 AM,1.65322,3.535911,4.163073,4.495063
7:30:42 AM,1.65322,3.535911,4.163073,4.495063
7:30:42 AM,1.65322,3.535911,4.163095,4.495063
7:30:42 AM,1.65322,3.535916,4.163095,4.495046
7:30:42 AM,1.65322,3.535916,4.163073,4.495063
7:30:42 AM,1.65322,3.535916,4.163095,4.495046
7:30:42 AM,1.65322,3.535916,4.163095,4.495063
7:30:42 AM,1.65322,3.53589,4.163119,4.495046
7:30:42 AM,1.653245,3.53589,4.163119,4.495046
7:30:42 AM,1.65322,3.53589,4.163119,4.495046
7:30:42 AM,1.65322,3.53589,4.163119,4.495046
7:30:42 AM,1.65322,3.53589,4.163119,4.495046
7:30:42 AM,1.65322,3.53589,4.163119,4.495046
7:30:42 AM,1.65322,3.53589,4.163119,4.495046
7:30:42 AM,1.65322,3.53589,4.163119,4.495046
7:30:42 AM,1.65322,3.53589,4.163119,4.495046
7:30:42 AM,1.65322,3.53589,4.163119,4.495046
7:30:42 AM,1.65322,3.53589,4.163119,4.495046
7:30:42 AM,1.65322,3.53589,4.163119,4.495046
7:30:42 AM,1.65322,3.535859,4.163119,4.495046
7:30:42 AM,1.65322,3.535885,4.163119,4.495046
7:30:42 AM,1.65322,3.535916,4.163119,4.495046
7:30:42 AM,1.65322,3.535916,4.163119,4.495046
7:30:42 AM,1.65322,3.535916,4.163119,4.495046
7:30:42 AM,1.65322,3.535916,4.163119,4.495063
7:30:42 AM,1.65322,3.535916,4.163095,4.495046
7:30:42 AM,1.65322,3.535916,4.163095,4.495063
7:30:42 AM,1.65322,3.535916,4.163095,4.495063
7:30:42 AM,1.65322,3.535916,4.163095,4.495046
7:30:42 AM,1.65322,3.535885,4.163095,4.495063
7:30:42 AM,1.65322,3.535916,4.163073,4.495063
7:30:42 AM,1.65322,3.535916,4.163073,4.495063
7:30:43 AM,1.653195,3.535911,4.16305,4.495065
7:30:43 AM,1.65322,3.535942,4.163073,4.495065
7:30:43 AM,1.65322,3.535885,4.163073,4.495046
7:30:43 AM,1.653195,3.535942,4.163026,4.495065
7:30:43 AM,1.65322,3.535942,4.163026,4.495083
7:30:43 AM,1.653195,3.535942,4.163049,4.495046
7:30:43 AM,1.653195,3.535911,4.163049,4.495046
7:30:43 AM,1.653195,3.535916,4.163073,4.495063
7:30:43 AM,1.65322,3.535916,4.163073,4.495046
7:30:43 AM,1.653195,3.535916,4.163049,4.495083
7:30:43 AM,1.65322,3.535911,4.16305,4.495083
7:30:43 AM,1.653194,3.535942,4.163049,4.495046
7:30:43 AM,1.65322,3.535916,4.163073,4.495046
7:30:43 AM,1.65322,3.535911,4.163073,4.495046
7:30:43 AM,1.65322,3.535942,4.163073,4.495046
7:30:43 AM,1.653195,3.535916,4.16305,4.495029
7:30:43 AM,1.653194,3.535911,4.163026,4.495046
7:30:43 AM,1.653194,3.535885,4.16305,4.495048
7:30:43 AM,1.653195,3.535942,4.163073,4.495046
7:30:43 AM,1.65322,3.535942,4.163049,4.495046
7:30:43 AM,1.65322,3.535885,4.163073,4.495046
7:30:43 AM,1.653195,3.535911,4.163049,4.495046
7:30:43 AM,1.65322,3.535885,4.163049,4.495046
7:30:43 AM,1.653194,3.535885,4.163049,4.495063
7:30:43 AM,1.65322,3.535885,4.163049,4.495046
7:30:43 AM,1.653194,3.535885,4.16305,4.495046
7:30:43 AM,1.65322,3.535942,4.163026,4.495063
7:30:43 AM,1.653194,3.535942,4.163049,4.495029
7:30:43 AM,1.65322,3.535942,4.163073,4.495046
7:30:43 AM,1.65322,3.535885,4.163073,4.495046
7:30:43 AM,1.653194,3.535916,4.163049,4.495046
7:30:43 AM,1.65317,3.535885,4.16305,4.495029
7:30:43 AM,1.653194,3.535916,4.163073,4.495046
7:30:43 AM,1.653194,3.535885,4.163073,4.495046
7:30:43 AM,1.65322,3.535885,4.163073,4.495065
7:30:43 AM,1.65322,3.535911,4.163073,4.495065
7:30:43 AM,1.653194,3.535916,4.163049,4.495046
7:30:43 AM,1.653195,3.535916,4.163073,4.495065
7:30:43 AM,1.65317,3.535916,4.163073,4.495065
7:30:43 AM,1.65322,3.535942,4.163073,4.495065
7:30:43 AM,1.653194,3.535942,4.163073,4.495065
7:30:43 AM,1.65322,3.535942,4.163073,4.495046
7:30:43 AM,1.653194,3.535911,4.163073,4.495046
7:30:43 AM,1.65322,3.535885,4.163073,4.495046
7:30:43 AM,1.653194,3.535885,4.163073,4.495046
7:30:43 AM,1.65322,3.535916,4.163049,4.495048
7:30:43 AM,1.653195,3.535911,4.163049,4.495046
7:30:43 AM,1.653194,3.535942,4.163026,4.495046
7:30:43 AM,1.65322,3.535942,4.163049,4.495046
7:30:43 AM,1.65322,3.535885,4.163073,4.495065
7:30:43 AM,1.65322,3.535885,4.163073,4.495065
7:30:43 AM,1.65322,3.535916,4.163073,4.495065
7:30:43 AM,1.65322,3.535885,4.163073,4.495065
7:30:43 AM,1.65322,3.535885,4.163073,4.495065
7:30:43 AM,1.65322,3.535885,4.163073,4.495065
7:30:43 AM,1.65322,3.535916,4.163073,4.495065
7:30:43 AM,1.65322,3.535916,4.163073,4.495083
7:30:43 AM,1.65322,3.535916,4.163073,4.495065
7:30:43 AM,1.65322,3.535916,4.163073,4.495083
7:30:43 AM,1.65322,3.535916,4.163073,4.495065
7:30:43 AM,1.65322,3.535916,4.163073,4.495065
7:30:43 AM,1.65322,3.535916,4.163073,4.495065
7:30:43 AM,1.65322,3.535916,4.163073,4.495065
7:30:43 AM,1.65322,3.535916,4.163073,4.495065
7:30:43 AM,1.65322,3.535916,4.163073,4.495065
7:30:43 AM,1.65322,3.535916,4.163073,4.495065
7:30:43 AM,1.65322,3.535916,4.163073,4.495065
7:30:43 AM,1.65322,3.535916,4.163073,4.495065
7:30:43 AM,1.65322,3.535916,4.163097,4.495046
7:30:43 AM,1.65322,3.535916,4.163097,4.495046
7:30:43 AM,1.65322,3.535885,4.163073,4.495065
7:30:43 AM,1.65322,3.535916,4.163073,4.495063
7:30:43 AM,1.65322,3.535911,4.163073,4.495046
7:30:43 AM,1.65322,3.535916,4.163073,4.495046
7:30:43 AM,1.65322,3.535916,4.16305,4.495048
7:30:43 AM,1.65322,3.535911,4.16305,4.495063
7:30:43 AM,1.653195,3.535911,4.163073,4.495065
7:30:43 AM,1.653194,3.535885,4.163073,4.495046
7:30:43 AM,1.653194,3.535911,4.163073,4.495046
7:30:43 AM,1.65322,3.535885,4.163073,4.495046
7:30:43 AM,1.653195,3.535885,4.163073,4.495063
7:30:43 AM,1.65317,3.535916,4.163073,4.495046
7:30:43 AM,1.65322,3.535942,4.163073,4.495029
7:30:43 AM,1.65322,3.535885,4.163049,4.495048
7:30:43 AM,1.653195,3.535885,4.163073,4.495046
7:30:43 AM,1.65322,3.535911,4.163073,4.495046
7:30:43 AM,1.65322,3.535911,4.163073,4.495046
7:30:43 AM,1.65322,3.535942,4.163073,4.495046
7:30:43 AM,1.65322,3.535942,4.163073,4.495046
7:30:43 AM,1.65322,3.535942,4.163073,4.495046
7:30:43 AM,1.65322,3.535942,4.163073,4.495046
7:30:43 AM,1.65322,3.535916,4.163073,4.495046
7:30:43 AM,1.65322,3.535885,4.163073,4.495046
7:30:43 AM,1.65322,3.535916,4.163073,4.495046
7:30:43 AM,1.65322,3.535916,4.163073,4.495046
7:30:43 AM,1.65322,3.535911,4.163073,4.495046
7:30:43 AM,1.65322,3.535916,4.163073,4.495063
7:30:43 AM,1.65322,3.535911,4.163073,4.495063
7:30:43 AM,1.65322,3.535911,4.163073,4.495063
7:30:43 AM,1.65322,3.535885,4.163095,4.495029
7:30:43 AM,1.65322,3.535885,4.163095,4.495029
7:30:43 AM,1.65322,3.535885,4.163073,4.495029
7:30:43 AM,1.65322,3.535885,4.163073,4.495029
7:30:43 AM,1.65322,3.535885,4.163073,4.495029
7:30:43 AM,1.65322,3.535885,4.163073,4.495029
7:30:43 AM,1.65322,3.535885,4.163073,4.495029
7:30:43 AM,1.65322,3.535885,4.163073,4.495029
7:30:43 AM,1.65322,3.535885,4.163073,4.495029
7:30:43 AM,1.65322,3.535885,4.163073,4.495029
7:30:43 AM,1.65322,3.535916,4.163073,4.495029
7:30:43 AM,1.65322,3.535916,4.163073,4.495029
7:30:43 AM,1.65322,3.535916,4.163073,4.495029
7:30:43 AM,1.65322,3.535916,4.163073,4.495029
7:30:43 AM,1.65322,3.535916,4.163073,4.495029
7:30:43 AM,1.65322,3.535911,4.163073,4.495029
7:30:43 AM,1.65322,3.535885,4.163073,4.495029
7:30:43 AM,1.653194,3.535885,4.163073,4.495029
7:30:43 AM,1.653194,3.535885,4.163073,4.495029
7:30:43 AM,1.653194,3.535885,4.163073,4.495029
7:30:43 AM,1.653194,3.535885,4.163073,4.495029
7:30:43 AM,1.653194,3.535885,4.163095,4.495029
7:30:43 AM,1.653194,3.535885,4.163073,4.495029
7:30:43 AM,1.653194,3.535885,4.163095,4.495029
7:30:43 AM,1.653194,3.535885,4.163073,4.495029
7:30:43 AM,1.65322,3.535885,4.163073,4.495065
7:30:43 AM,1.65322,3.535885,4.163073,4.495065
7:30:43 AM,1.65322,3.535885,4.16305,4.495065
7:30:43 AM,1.65322,3.535885,4.163073,4.495065
7:30:43 AM,1.65322,3.535885,4.16305,4.495046
7:30:43 AM,1.65322,3.535885,4.16305,4.495029
7:30:43 AM,1.65322,3.535885,4.16305,4.495029
7:30:43 AM,1.65322,3.535885,4.163073,4.495046
7:30:43 AM,1.65322,3.535885,4.163073,4.495029
7:30:43 AM,1.65322,3.535885,4.163073,4.495029
7:30:43 AM,1.65322,3.535885,4.163073,4.495029
7:30:43 AM,1.65322,3.535885,4.163073,4.495029
7:30:43 AM,1.65322,3.535885,4.163073,4.495029
7:30:43 AM,1.65322,3.535885,4.163073,4.495029
7:30:43 AM,1.65322,3.535885,4.163073,4.495029
7:30:43 AM,1.65322,3.535885,4.163073,4.495029
7:30:43 AM,1.65322,3.535885,4.163073,4.495029
7:30:43 AM,1.65322,3.535885,4.163073,4.495029
7:30:43 AM,1.65322,3.535885,4.163073,4.495029
7:30:43 AM,1.65322,3.535885,4.163073,4.495029
7:30:43 AM,1.653194,3.535885,4.163073,4.495029
7:30:43 AM,1.653194,3.535885,4.163095,4.495029
7:30:43 AM,1.65322,3.535885,4.163073,4.495065
7:30:43 AM,1.653194,3.535885,4.163073,4.495029
7:30:43 AM,1.653194,3.535885,4.163073,4.495029
7:30:43 AM,1.653194,3.535911,4.163073,4.495046
7:30:43 AM,1.653194,3.535911,4.163073,4.495046
7:30:43 AM,1.653194,3.535911,4.163073,4.495046
7:30:43 AM,1.653194,3.535911,4.16305,4.495046
7:30:43 AM,1.653194,3.535911,4.163073,4.495046
7:30:43 AM,1.653194,3.535911,4.16305,4.495046
7:30:43 AM,1.653194,3.535911,4.163073,4.495046
7:30:43 AM,1.653194,3.535911,4.163073,4.495046
7:30:43 AM,1.653194,3.535911,4.163073,4.495046
7:30:43 AM,1.653194,3.535911,4.163073,4.495046
7:30:43 AM,1.653194,3.535911,4.16305,4.495046
7:30:43 AM,1.653194,3.535911,4.163073,4.495046
7:30:43 AM,1.653194,3.535911,4.163073,4.495046
7:30:43 AM,1.653194,3.535911,4.163073,4.495065
7:30:43 AM,1.65322,3.535911,4.163073,4.495046
7:30:43 AM,1.65322,3.535911,4.163073,4.495046
7:30:43 AM,1.65322,3.535911,4.163073,4.495046
7:30:43 AM,1.65322,3.535911,4.163073,4.495046
7:30:43 AM,1.65322,3.535911,4.163073,4.495046
7:30:43 AM,1.65322,3.535911,4.163073,4.495046
7:30:43 AM,1.65322,3.535916,4.163073,4.495083
7:30:43 AM,1.653194,3.535911,4.163073,4.495046
7:30:43 AM,1.653194,3.535885,4.163073,4.495029
7:30:43 AM,1.653194,3.535911,4.163073,4.495046
7:30:43 AM,1.653194,3.535911,4.163073,4.495046
7:30:43 AM,1.653194,3.535885,4.163073,4.495029
7:30:43 AM,1.653194,3.535885,4.163073,4.495046
7:30:43 AM,1.653194,3.535885,4.163073,4.495046
7:30:43 AM,1.653194,3.535885,4.163073,4.495046
7:30:43 AM,1.653194,3.535885,4.163073,4.495046
7:30:43 AM,1.653194,3.535885,4.163073,4.495046
7:30:43 AM,1.653194,3.535885,4.163073,4.495046
7:30:43 AM,1.653194,3.535885,4.163073,4.495046
7:30:43 AM,1.653194,3.535885,4.163073,4.495029
7:30:43 AM,1.653194,3.535885,4.163073,4.495046
7:30:43 AM,1.653194,3.535885,4.163073,4.495046
7:30:43 AM,1.653194,3.535885,4.163073,4.495046
7:30:43 AM,1.653219,3.535911,4.163073,4.495046
7:30:43 AM,1.653219,3.535885,4.163073,4.495046
7:30:43 AM,1.653194,3.535885,4.163073,4.495046
7:30:43 AM,1.653219,3.535911,4.163073,4.495046
7:30:43 AM,1.653219,3.535911,4.163073,4.495046
7:30:43 AM,1.653219,3.535911,4.163073,4.495046
7:30:43 AM,1.653194,3.535911,4.163073,4.495046
7:30:43 AM,1.653194,3.535911,4.163073,4.495046
7:30:43 AM,1.653194,3.535911,4.163073,4.495046
7:30:43 AM,1.653194,3.535911,4.163073,4.495046
7:30:43 AM,1.65322,3.535885,4.163073,4.495065
7:30:43 AM,1.653244,3.535911,4.163071,4.495083
7:30:43 AM,1.65322,3.535916,4.163073,4.495065
7:30:43 AM,1.65322,3.535911,4.163071,4.495065
7:30:44 AM,1.653244,3.535942,4.163073,4.495083
7:30:44 AM,1.653219,3.535911,4.163095,4.495085
7:30:44 AM,1.653194,3.535916,4.163095,4.495065
7:30:44 AM,1.653219,3.535911,4.163095,4.495065
7:30:44 AM,1.65322,3.535911,4.163095,4.495083
7:30:44 AM,1.653219,3.535885,4.163073,4.495065
7:30:44 AM,1.653244,3.535911,4.163095,4.495065
7:30:44 AM,1.65322,3.535911,4.163071,4.495085
7:30:44 AM,1.653219,3.535885,4.163071,4.495083
7:30:44 AM,1.653219,3.535911,4.163095,4.495083
7:30:44 AM,1.65322,3.535916,4.163095,4.495065
7:30:44 AM,1.653194,3.535911,4.163095,4.495083
7:30:44 AM,1.653244,3.535942,4.163095,4.495085
7:30:44 AM,1.653219,3.535911,4.163049,4.495085
7:30:44 AM,1.65322,3.535911,4.163073,4.495085
7:30:44 AM,1.653219,3.535885,4.163049,4.495083
7:30:44 AM,1.653244,3.535911,4.163073,4.495083
7:30:44 AM,1.653244,3.535916,4.163071,4.495065
7:30:44 AM,1.65322,3.535942,4.163073,4.495065
7:30:44 AM,1.65322,3.535911,4.163095,4.495102
7:30:44 AM,1.653194,3.535911,4.163095,4.495065
7:30:44 AM,1.653244,3.535942,4.163095,4.495083
7:30:44 AM,1.653194,3.535942,4.163073,4.495083
7:30:44 AM,1.65322,3.535916,4.163073,4.495083
7:30:44 AM,1.653219,3.535885,4.163071,4.495083
7:30:44 AM,1.653219,3.535885,4.163073,4.495085
7:30:44 AM,1.653244,3.535916,4.163071,4.495083
7:30:44 AM,1.65322,3.535942,4.163095,4.495085
7:30:44 AM,1.653244,3.535911,4.163095,4.495065
7:30:44 AM,1.653244,3.535911,4.163073,4.495085
7:30:44 AM,1.653244,3.535911,4.163073,4.495065
7:30:44 AM,1.653219,3.535916,4.163095,4.495085
7:30:44 AM,1.65322,3.535911,4.163049,4.495083
7:30:44 AM,1.653244,3.535911,4.163095,4.495083
7:30:44 AM,1.65322,3.535885,4.163095,4.495085
7:30:44 AM,1.65322,3.535885,4.163095,4.495065
7:30:44 AM,1.653219,3.535911,4.163073,4.495065
7:30:44 AM,1.653219,3.535885,4.163095,4.495065
7:30:44 AM,1.653244,3.535911,4.163073,4.495083
7:30:44 AM,1.653194,3.535911,4.163073,4.495065
7:30:44 AM,1.653194,3.535942,4.163071,4.495083
7:30:44 AM,1.653219,3.535911,4.163073,4.495083
7:30:44 AM,1.653194,3.535911,4.163073,4.495085
7:30:44 AM,1.653244,3.535942,4.163095,4.495065
7:30:44 AM,1.653244,3.535885,4.163095,4.495085
7:30:44 AM,1.653194,3.535911,4.163095,4.495102
7:30:44 AM,1.653244,3.535942,4.163071,4.495085
7:30:44 AM,1.653244,3.535911,4.163073,4.495065
7:30:44 AM,1.653219,3.535885,4.163095,4.495065
7:30:44 AM,1.65322,3.535885,4.163071,4.495065
7:30:44 AM,1.65322,3.535885,4.163071,4.495065
7:30:44 AM,1.65322,3.535885,4.163071,4.495065
7:30:44 AM,1.65322,3.535885,4.163049,4.495065
7:30:44 AM,1.65322,3.535885,4.163049,4.495065
7:30:44 AM,1.65322,3.535885,4.163049,4.495065
7:30:44 AM,1.65322,3.535885,4.163049,4.495065
7:30:44 AM,1.65322,3.535885,4.163049,4.495065
7:30:44 AM,1.65322,3.535916,4.163049,4.495065
7:30:44 AM,1.65322,3.535916,4.163049,4.495065
7:30:44 AM,1.653244,3.535916,4.163073,4.495065
7:30:44 AM,1.653244,3.535916,4.163073,4.495065
7:30:44 AM,1.653244,3.535916,4.163073,4.495065
7:30:44 AM,1.653244,3.535916,4.163073,4.495065
7:30:44 AM,1.653244,3.535916,4.163073,4.495065
7:30:44 AM,1.65322,3.535916,4.163073,4.495065
7:30:44 AM,1.65322,3.535916,4.163073,4.495065
7:30:44 AM,1.65322,3.535916,4.163073,4.495065
7:30:44 AM,1.65322,3.535916,4.163073,4.495065
7:30:44 AM,1.65322,3.535916,4.163073,4.495065
7:30:44 AM,1.65322,3.535916,4.163073,4.495065
7:30:44 AM,1.65322,3.535885,4.163071,4.495065
7:30:44 AM,1.653194,3.535885,4.163049,4.495065
7:30:44 AM,1.653194,3.535885,4.163049,4.495065
7:30:44 AM,1.653219,3.535885,4.163049,4.495065
7:30:44 AM,1.653194,3.535911,4.163073,4.495065
7:30:44 AM,1.65322,3.535911,4.163073,4.495085
7:30:44 AM,1.65322,3.535911,4.163095,4.495065
7:30:44 AM,1.65322,3.535911,4.163095,4.495065
7:30:44 AM,1.65322,3.535911,4.163095,4.495065
7:30:44 AM,1.65322,3.535911,4.163095,4.495065
7:30:44 AM,1.65322,3.535911,4.163095,4.495065
7:30:44 AM,1.65322,3.535911,4.163095,4.495065
7:30:44 AM,1.65322,3.535911,4.163095,4.495065
7:30:44 AM,1.653244,3.535911,4.163095,4.495065
7:30:44 AM,1.653194,3.535885,4.163071,4.495065
7:30:44 AM,1.65322,3.535911,4.163095,4.495065
7:30:44 AM,1.653244,3.535911,4.163095,4.495065
7:30:44 AM,1.65322,3.535911,4.163071,4.495065
7:30:44 AM,1.65322,3.535911,4.163071,4.495065
7:30:44 AM,1.65322,3.535885,4.163071,4.495065
7:30:44 AM,1.65322,3.535885,4.163071,4.495065
7:30:44 AM,1.65322,3.535885,4.163073,4.495065
7:30:44 AM,1.65322,3.535885,4.163049,4.495065
7:30:44 AM,1.653194,3.535885,4.163071,4.495065
7:30:44 AM,1.653194,3.535885,4.163049,4.495065
7:30:44 AM,1.653194,3.535885,4.163049,4.495065
7:30:44 AM,1.65322,3.535911,4.163095,4.495065
7:30:44 AM,1.65322,3.535916,4.163073,4.495065
7:30:44 AM,1.653194,3.535911,4.163095,4.495085
7:30:44 AM,1.653244,3.535829,4.163097,4.495063
7:30:44 AM,1.65322,3.535885,4.163073,4.495046
7:30:44 AM,1.65322,3.535885,4.163095,4.495046
7:30:44 AM,1.65322,3.535885,4.163095,4.495046
7:30:44 AM,1.65322,3.535859,4.163073,4.495046
7:30:44 AM,1.65322,3.535859,4.163073,4.495046
7:30:44 AM,1.65322,3.535859,4.163073,4.495046
7:30:44 AM,1.65322,3.535859,4.163073,4.495046
7:30:44 AM,1.65322,3.535859,4.163073,4.495046
7:30:44 AM,1.65322,3.535859,4.163073,4.495046
7:30:44 AM,1.65322,3.535859,4.163073,4.495046
7:30:44 AM,1.65322,3.535859,4.163073,4.495046
7:30:44 AM,1.65322,3.535859,4.163073,4.495046
7:30:44 AM,1.653244,3.535859,4.163073,4.495046
7:30:44 AM,1.653244,3.535859,4.163073,4.495063
7:30:44 AM,1.653244,3.53589,4.163073,4.495046
7:30:44 AM,1.65322,3.535859,4.163073,4.495063
7:30:44 AM,1.653244,3.535859,4.163095,4.495063
7:30:44 AM,1.653244,3.535885,4.163095,4.495063
7:30:44 AM,1.65322,3.535855,4.163073,4.495063
7:30:44 AM,1.653244,3.535829,4.163073,4.495046
7:30:44 AM,1.653244,3.535885,4.163073,4.495063
7:30:44 AM,1.65322,3.535885,4.163073,4.495046
7:30:44 AM,1.65322,3.535859,4.163097,4.495063
7:30:44 AM,1.65322,3.535885,4.163073,4.495046
7:30:44 AM,1.65322,3.535885,4.163095,4.495046
7:30:44 AM,1.65322,3.535885,4.163073,4.495046
7:30:44 AM,1.653244,3.535829,4.163097,4.495063
7:30:44 AM,1.65322,3.535885,4.163073,4.495046
7:30:44 AM,1.65322,3.535885,4.163073,4.495046
7:30:44 AM,1.65322,3.535859,4.163073,4.495046
7:30:44 AM,1.65322,3.535885,4.163073,4.495046
7:30:44 AM,1.65322,3.535885,4.163095,4.495046
7:30:44 AM,1.65322,3.535859,4.163095,4.495046
7:30:44 AM,1.65322,3.535859,4.163095,4.495046
7:30:44 AM,1.65322,3.535859,4.163095,4.495046
7:30:44 AM,1.65322,3.535885,4.163095,4.495046
7:30:44 AM,1.65322,3.535885,4.163095,4.495046
7:30:44 AM,1.65322,3.535859,4.163095,4.495046
7:30:44 AM,1.65322,3.535885,4.163095,4.495046
7:30:44 AM,1.65322,3.535885,4.163095,4.495046
7:30:44 AM,1.65322,3.535885,4.163095,4.495046
7:30:44 AM,1.65322,3.535885,4.163095,4.495046
7:30:44 AM,1.65322,3.535885,4.163095,4.495046
7:30:44 AM,1.65322,3.535885,4.163095,4.495046
7:30:44 AM,1.65322,3.535885,4.163095,4.495046
7:30:44 AM,1.65322,3.535885,4.163073,4.495046
7:30:44 AM,1.65322,3.535885,4.163095,4.495046
7:30:44 AM,1.65322,3.535885,4.163073,4.495046
7:30:44 AM,1.65327,3.535859,4.163073,4.495063
7:30:44 AM,1.653244,3.535859,4.163097,4.495046
7:30:44 AM,1.65322,3.535859,4.163073,4.495083
7:30:44 AM,1.653244,3.535859,4.163073,4.495063
7:30:44 AM,1.653244,3.535859,4.163073,4.495063
7:30:44 AM,1.653244,3.535885,4.163073,4.495046
7:30:44 AM,1.653244,3.535829,4.163073,4.495063
7:30:44 AM,1.653244,3.53589,4.163097,4.495046
7:30:44 AM,1.653244,3.535859,4.163097,4.495063
7:30:44 AM,1.653244,3.535885,4.163073,4.495046
7:30:44 AM,1.65327,3.53589,4.163119,4.495063
7:30:44 AM,1.653244,3.535859,4.163073,4.495063
7:30:44 AM,1.65322,3.535829,4.163097,4.495046
7:30:44 AM,1.65322,3.535885,4.163097,4.495063
7:30:44 AM,1.653244,3.535885,4.163073,4.495063
7:30:44 AM,1.653245,3.535859,4.163095,4.495046
7:30:44 AM,1.653244,3.535885,4.163073,4.495063
7:30:44 AM,1.65322,3.535859,4.163073,4.495046
7:30:44 AM,1.65322,3.535859,4.163097,4.495063
7:30:44 AM,1.653244,3.535829,4.163073,4.495063
7:30:44 AM,1.653244,3.535855,4.16305,4.495063
7:30:44 AM,1.65322,3.535885,4.163073,4.495063
7:30:44 AM,1.653245,3.535859,4.163073,4.495063
7:30:44 AM,1.653244,3.535885,4.163097,4.495063
7:30:44 AM,1.65322,3.535885,4.163073,4.495065
7:30:44 AM,1.653244,3.535859,4.163073,4.495046
7:30:44 AM,1.653244,3.535829,4.163073,4.495063
7:30:44 AM,1.65322,3.535859,4.163095,4.495044
7:30:44 AM,1.653244,3.535859,4.163073,4.495046
7:30:44 AM,1.65322,3.535885,4.163097,4.495063
7:30:44 AM,1.65322,3.535859,4.163097,4.495046
7:30:44 AM,1.653244,3.535885,4.163097,4.495065
7:30:44 AM,1.65322,3.535916,4.163073,4.495063
7:30:44 AM,1.65322,3.535885,4.163073,4.495044
7:30:44 AM,1.65322,3.535916,4.163073,4.495065
7:30:44 AM,1.65327,3.535859,4.163073,4.495063
7:30:44 AM,1.65322,3.535859,4.163073,4.495046
7:30:44 AM,1.653245,3.535859,4.163073,4.495063
7:30:44 AM,1.65322,3.535859,4.163073,4.495063
7:30:44 AM,1.653244,3.535885,4.163073,4.495063
7:30:44 AM,1.65327,3.535859,4.163073,4.495063
7:30:44 AM,1.653244,3.535859,4.163097,4.495063
7:30:44 AM,1.653244,3.53589,4.163097,4.495063
7:30:44 AM,1.65327,3.535885,4.163097,4.495063
7:30:44 AM,1.653244,3.535859,4.163073,4.495063
7:30:44 AM,1.653244,3.535885,4.163073,4.495063
7:30:44 AM,1.653244,3.535859,4.163097,4.495046
7:30:44 AM,1.653244,3.535885,4.163073,4.495063
7:30:44 AM,1.653244,3.535885,4.163073,4.495063
7:30:44 AM,1.653244,3.535911,4.163095,4.495065
7:30:44 AM,1.65322,3.535885,4.163073,4.495046
7:30:44 AM,1.65322,3.535885,4.163073,4.495046
7:30:45 AM,1.65322,3.535911,4.163071,4.495083
7:30:45 AM,1.65322,3.535911,4.163095,4.495083
7:30:45 AM,1.65322,3.535911,4.163071,4.495083
7:30:45 AM,1.65322,3.535911,4.163071,4.495083
7:30:45 AM,1.65322,3.535911,4.163071,4.495083
7:30:45 AM,1.65322,3.535911,4.163071,4.495083
7:30:45 AM,1.653194,3.535911,4.163071,4.495065
7:30:45 AM,1.653194,3.535911,4.163071,4.495083
7:30:45 AM,1.653194,3.535911,4.163071,4.495065
7:30:45 AM,1.653194,3.535911,4.163071,4.495065
7:30:45 AM,1.653194,3.535911,4.163071,4.495083
7:30:45 AM,1.653194,3.535911,4.163071,4.495065
7:30:45 AM,1.653194,3.535911,4.163071,4.495083
7:30:45 AM,1.653194,3.535911,4.163071,4.495065
7:30:45 AM,1.653194,3.535911,4.163071,4.495065
7:30:45 AM,1.653194,3.535911,4.163071,4.495046
7:30:45 AM,1.65322,3.535911,4.163071,4.495046
7:30:45 AM,1.65322,3.535911,4.163071,4.495046
7:30:45 AM,1.65322,3.535911,4.163071,4.495046
7:30:45 AM,1.65322,3.535911,4.163071,4.495046
7:30:45 AM,1.65322,3.535911,4.163071,4.495046
7:30:45 AM,1.65322,3.535911,4.163071,4.495065
7:30:45 AM,1.65322,3.535911,4.163071,4.495046
7:30:45 AM,1.65322,3.535911,4.163049,4.495065
7:30:45 AM,1.653194,3.535911,4.163073,4.495065
7:30:45 AM,1.653244,3.535911,4.163073,4.495065
7:30:45 AM,1.653244,3.535911,4.163073,4.495065
7:30:45 AM,1.65322,3.535911,4.163073,4.495065
7:30:45 AM,1.65322,3.535911,4.163073,4.495083
7:30:45 AM,1.65322,3.535911,4.163073,4.495083
7:30:45 AM,1.65322,3.535911,4.163073,4.495083
7:30:45 AM,1.65322,3.535911,4.163073,4.495083
7:30:45 AM,1.65322,3.535911,4.163073,4.495083
7:30:45 AM,1.65322,3.535911,4.163073,4.495083
7:30:45 AM,1.65322,3.535911,4.163073,4.495065
7:30:45 AM,1.65322,3.535911,4.163073,4.495083
7:30:45 AM,1.65322,3.535911,4.163073,4.495065
7:30:45 AM,1.65322,3.535911,4.163073,4.495065
7:30:45 AM,1.65322,3.535911,4.163073,4.495065
7:30:45 AM,1.653194,3.535911,4.163073,4.495065
7:30:45 AM,1.653194,3.535911,4.163073,4.495065
7:30:45 AM,1.653194,3.535911,4.163073,4.495065
7:30:45 AM,1.653194,3.535911,4.163073,4.495065
7:30:45 AM,1.653194,3.535911,4.163095,4.495065
7:30:45 AM,1.653194,3.535911,4.163095,4.495065
7:30:45 AM,1.653194,3.535911,4.163095,4.495065
7:30:45 AM,1.653194,3.535911,4.163073,4.495083
7:30:45 AM,1.65322,3.535885,4.163073,4.495046
7:30:45 AM,1.65322,3.535911,4.163071,4.495046
7:30:45 AM,1.65322,3.535911,4.163071,4.495046
7:30:45 AM,1.65322,3.535885,4.163095,4.495063
7:30:45 AM,1.65322,3.535885,4.163095,4.495063
7:30:45 AM,1.65322,3.535885,4.163095,4.495063
7:30:45 AM,1.65322,3.535885,4.163073,4.495046
7:30:45 AM,1.65322,3.535885,4.163073,4.495046
7:30:45 AM,1.65322,3.535885,4.163073,4.495046
7:30:45 AM,1.65322,3.535885,4.163073,4.495046
7:30:45 AM,1.65322,3.535885,4.163073,4.495046
7:30:45 AM,1.65322,3.535916,4.163073,4.495046
7:30:45 AM,1.65322,3.535885,4.163073,4.495046
7:30:45 AM,1.65322,3.535885,4.163073,4.495046
7:30:45 AM,1.65322,3.535885,4.163073,4.495046
7:30:45 AM,1.65322,3.535885,4.163073,4.495046
7:30:45 AM,1.65322,3.535885,4.163073,4.495046
7:30:45 AM,1.65322,3.535885,4.163073,4.495046
7:30:45 AM,1.65322,3.535885,4.163073,4.495046
7:30:45 AM,1.65322,3.535885,4.163073,4.495046
7:30:45 AM,1.65322,3.535885,4.163073,4.495046
7:30:45 AM,1.65322,3.535885,4.163073,4.495046
7:30:45 AM,1.65322,3.535885,4.163073,4.495046
7:30:45 AM,1.65322,3.535885,4.163073,4.495046
7:30:45 AM,1.65322,3.535885,4.163095,4.495046
7:30:45 AM,1.65322,3.535911,4.163071,4.495046
7:30:45 AM,1.65322,3.535885,4.163095,4.495046
7:30:45 AM,1.65322,3.535885,4.163071,4.495046
7:30:45 AM,1.65322,3.535911,4.163095,4.495046
7:30:45 AM,1.65322,3.535911,4.163095,4.495046
7:30:45 AM,1.65322,3.535911,4.163071,4.495046
7:30:45 AM,1.65322,3.535911,4.163071,4.495063
7:30:45 AM,1.65322,3.535911,4.163095,4.495046
7:30:45 AM,1.65322,3.535911,4.163095,4.495046
7:30:45 AM,1.65322,3.535911,4.163095,4.495046
7:30:45 AM,1.65322,3.535911,4.163095,4.495046
7:30:45 AM,1.65322,3.535911,4.163095,4.495046
7:30:45 AM,1.65322,3.535911,4.163095,4.495046
7:30:45 AM,1.65322,3.535911,4.163095,4.495046
7:30:45 AM,1.65322,3.535911,4.163095,4.495046
7:30:45 AM,1.65322,3.535911,4.163095,4.495046
7:30:45 AM,1.65322,3.535911,4.163095,4.495046
7:30:45 AM,1.65322,3.535911,4.163095,4.495046
7:30:45 AM,1.65322,3.535911,4.163095,4.495046
7:30:45 AM,1.65322,3.535911,4.163095,4.495046
7:30:45 AM,1.65322,3.535911,4.163095,4.495046
7:30:45 AM,1.65322,3.535911,4.163095,4.495046
7:30:45 AM,1.65322,3.535911,4.163095,4.495046
7:30:45 AM,1.65322,3.535911,4.163095,4.495046
7:30:45 AM,1.65322,3.535885,4.163073,4.495046
7:30:45 AM,1.65322,3.535859,4.163073,4.495063
7:30:45 AM,1.653244,3.535911,4.163095,4.495065
7:30:45 AM,1.653244,3.535859,4.163095,4.495046
7:30:45 AM,1.653244,3.535859,4.163071,4.495046
7:30:45 AM,1.653244,3.535859,4.163071,4.495046
7:30:45 AM,1.653244,3.535859,4.163071,4.495046
7:30:45 AM,1.653244,3.535859,4.163095,4.495046
7:30:45 AM,1.653244,3.535859,4.163095,4.495046
7:30:45 AM,1.653244,3.535859,4.163071,4.495046
7:30:45 AM,1.653244,3.535859,4.163095,4.495026
7:30:45 AM,1.653244,3.535859,4.163095,4.495026
7:30:45 AM,1.653244,3.535859,4.163095,4.495046
7:30:45 AM,1.653244,3.535859,4.163095,4.495026
7:30:45 AM,1.653244,3.535859,4.163095,4.495026
7:30:45 AM,1.653244,3.535859,4.163095,4.495046
7:30:45 AM,1.653244,3.535859,4.163118,4.495046
7:30:45 AM,1.653244,3.535859,4.163118,4.495046
7:30:45 AM,1.653244,3.535859,4.163118,4.495046
7:30:45 AM,1.653244,3.535859,4.163095,4.495046
7:30:45 AM,1.653244,3.535859,4.163095,4.495046
7:30:45 AM,1.653244,3.535859,4.163095,4.495046
7:30:45 AM,1.653244,3.535859,4.163095,4.495046
7:30:45 AM,1.653244,3.535859,4.163095,4.495046
7:30:45 AM,1.653244,3.535859,4.163095,4.495046
7:30:45 AM,1.653244,3.535859,4.163095,4.495046
7:30:45 AM,1.653244,3.535859,4.163095,4.495046
7:30:45 AM,1.653244,3.535859,4.163095,4.495046
7:30:45 AM,1.653244,3.535859,4.163095,4.495046
7:30:45 AM,1.653244,3.535859,4.163071,4.495046
7:30:45 AM,1.653244,3.535859,4.163071,4.495046
7:30:45 AM,1.653244,3.535859,4.163095,4.495046
7:30:45 AM,1.653244,3.535859,4.163095,4.495046
7:30:45 AM,1.653244,3.535859,4.163095,4.495046
7:30:45 AM,1.653244,3.535859,4.163095,4.495046
7:30:45 AM,1.653244,3.535859,4.163095,4.495046
7:30:45 AM,1.653244,3.535859,4.163095,4.495026
7:30:45 AM,1.653244,3.535859,4.163095,4.495026
7:30:45 AM,1.653244,3.535859,4.163095,4.495026
7:30:45 AM,1.653244,3.535859,4.163095,4.495026
7:30:45 AM,1.653244,3.535859,4.163095,4.495026
7:30:45 AM,1.653244,3.535859,4.163095,4.495026
7:30:45 AM,1.653244,3.535859,4.163095,4.495026
7:30:45 AM,1.653244,3.535833,4.163095,4.495026
7:30:45 AM,1.653244,3.535859,4.163095,4.495026
7:30:45 AM,1.653244,3.535859,4.163095,4.495026
7:30:45 AM,1.653244,3.535859,4.163095,4.495046
7:30:45 AM,1.653244,3.535859,4.163095,4.495026
7:30:45 AM,1.653244,3.535859,4.163095,4.495026
7:30:45 AM,1.653244,3.535859,4.163071,4.495026
7:30:45 AM,1.653244,3.535859,4.163095,4.495046
7:30:45 AM,1.653244,3.535859,4.163095,4.495046
7:30:45 AM,1.653244,3.535859,4.163095,4.495046
7:30:45 AM,1.653244,3.535859,4.163095,4.495046
7:30:45 AM,1.653244,3.535829,4.163073,4.495063
7:30:45 AM,1.653244,3.535859,4.163073,4.495063
7:30:45 AM,1.653244,3.535859,4.163073,4.495046
7:30:45 AM,1.653244,3.535859,4.163073,4.495063
7:30:45 AM,1.653244,3.535859,4.163073,4.495046
7:30:45 AM,1.653244,3.535859,4.163073,4.495046
7:30:45 AM,1.653244,3.535859,4.163073,4.495046
7:30:45 AM,1.653244,3.535859,4.163073,4.495063
7:30:45 AM,1.653244,3.535859,4.163073,4.495063
7:30:45 AM,1.653244,3.535859,4.163073,4.495046
7:30:45 AM,1.653244,3.535859,4.163073,4.495046
7:30:45 AM,1.653244,3.535859,4.163073,4.495046
7:30:45 AM,1.653244,3.535859,4.163073,4.495063
7:30:45 AM,1.653244,3.535885,4.163073,4.495063
7:30:45 AM,1.653244,3.535859,4.163073,4.495063
7:30:45 AM,1.653244,3.535859,4.163073,4.495046
7:30:45 AM,1.653244,3.535859,4.163073,4.495063
7:30:45 AM,1.653244,3.535859,4.163073,4.495063
7:30:45 AM,1.653244,3.535859,4.163073,4.495063
7:30:45 AM,1.653244,3.535859,4.163073,4.495063
7:30:45 AM,1.653244,3.535859,4.163073,4.495063
7:30:45 AM,1.653244,3.535859,4.163073,4.495046
7:30:45 AM,1.653244,3.535859,4.163073,4.495063
7:30:45 AM,1.653244,3.535859,4.163073,4.495063
7:30:45 AM,1.653244,3.535859,4.163073,4.495063
7:30:45 AM,1.653244,3.535859,4.163095,4.495046
7:30:45 AM,1.653244,3.535829,4.163073,4.495046
7:30:45 AM,1.653244,3.535829,4.163073,4.495046
7:30:45 AM,1.653244,3.535829,4.163073,4.495046
7:30:45 AM,1.653244,3.535829,4.163073,4.495046
7:30:45 AM,1.653244,3.535829,4.163073,4.495046
7:30:45 AM,1.653244,3.535859,4.163073,4.495046
7:30:45 AM,1.653244,3.535829,4.163073,4.495046
7:30:45 AM,1.653244,3.535829,4.163073,4.495046
7:30:45 AM,1.653244,3.535829,4.163073,4.495046
7:30:45 AM,1.653219,3.535859,4.163095,4.495046
7:30:45 AM,1.653244,3.535829,4.163073,4.495046
7:30:45 AM,1.653244,3.535829,4.163073,4.495046
7:30:45 AM,1.653244,3.535829,4.163073,4.495046
7:30:45 AM,1.653244,3.535829,4.163073,4.495046
7:30:45 AM,1.653244,3.535829,4.163073,4.495046
7:30:45 AM,1.653244,3.535829,4.163073,4.495046
7:30:45 AM,1.653244,3.535829,4.163073,4.495046
7:30:45 AM,1.653244,3.535829,4.163073,4.495046
7:30:45 AM,1.653244,3.535829,4.163073,4.495046
7:30:45 AM,1.653244,3.535859,4.163073,4.495046
7:30:45 AM,1.653244,3.535859,4.163073,4.495046
7:30:45 AM,1.653244,3.535829,4.163073,4.495046
7:30:45 AM,1.653219,3.535859,4.163118,4.495046
7:30:46 AM,1.653244,3.535859,4.163071,4.495026
7:30:46 AM,1.653219,3.535859,4.163095,4.495046
7:30:46 AM,1.653219,3.535859,4.163095,4.495046
7:30:46 AM,1.653219,3.535942,4.163073,4.495044
7:30:46 AM,1.653244,3.535885,4.163071,4.495044
7:30:46 AM,1.653194,3.535885,4.163071,4.495044
7:30:46 AM,1.653219,3.535885,4.163073,4.495044
7:30:46 AM,1.65322,3.535885,4.163095,4.495061
7:30:46 AM,1.653219,3.535885,4.163049,4.495044
7:30:46 AM,1.653219,3.535885,4.163095,4.495061
7:30:46 AM,1.653219,3.535885,4.163095,4.495044
7:30:46 AM,1.653244,3.535916,4.163073,4.495063
7:30:46 AM,1.653194,3.535885,4.163073,4.49508
7:30:46 AM,1.653194,3.535885,4.163073,4.495044
7:30:46 AM,1.653244,3.535916,4.163073,4.495061
7:30:46 AM,1.653194,3.535911,4.163073,4.495061
7:30:46 AM,1.653244,3.535885,4.163095,4.495063
7:30:46 AM,1.653219,3.535885,4.163095,4.495061
7:30:46 AM,1.653219,3.535885,4.163073,4.495044
7:30:46 AM,1.653244,3.535885,4.163073,4.495063
7:30:46 AM,1.653194,3.535885,4.163049,4.49508
7:30:46 AM,1.653194,3.535942,4.163071,4.495063
7:30:46 AM,1.653194,3.535885,4.163071,4.495063
7:30:46 AM,1.653244,3.535885,4.163073,4.495063
7:30:46 AM,1.653219,3.535885,4.163073,4.495063
7:30:46 AM,1.653194,3.535885,4.163073,4.495044
7:30:46 AM,1.653194,3.535885,4.163095,4.495063
7:30:46 AM,1.653194,3.535916,4.163095,4.495061
7:30:46 AM,1.653194,3.535885,4.163073,4.495044
7:30:46 AM,1.653194,3.535916,4.163095,4.495063
7:30:46 AM,1.653219,3.535885,4.163073,4.495044
7:30:46 AM,1.653194,3.535885,4.163095,4.495044
7:30:46 AM,1.653194,3.535885,4.163095,4.495063
7:30:46 AM,1.65322,3.535885,4.163095,4.495063
7:30:46 AM,1.653244,3.535885,4.163049,4.495061
7:30:46 AM,1.653194,3.535916,4.163071,4.495063
7:30:46 AM,1.653219,3.535911,4.163073,4.495063
7:30:46 AM,1.653219,3.535885,4.163049,4.495061
7:30:46 AM,1.653194,3.535885,4.163073,4.495061
7:30:46 AM,1.653194,3.535916,4.163049,4.495044
7:30:46 AM,1.653194,3.535885,4.163071,4.495061
7:30:46 AM,1.653194,3.535911,4.163049,4.495063
7:30:46 AM,1.653244,3.535916,4.163073,4.495063
7:30:46 AM,1.653194,3.535916,4.163073,4.49508
7:30:46 AM,1.653219,3.535885,4.163049,4.49508
7:30:46 AM,1.653194,3.535885,4.163071,4.495063
7:30:46 AM,1.653219,3.535885,4.163073,4.495061
7:30:46 AM,1.653244,3.535885,4.163073,4.495044
7:30:46 AM,1.65322,3.535885,4.163073,4.495044
7:30:46 AM,1.653244,3.535885,4.163073,4.495061
7:30:46 AM,1.653194,3.535916,4.163095,4.495044
7:30:46 AM,1.65322,3.535916,4.163073,4.495063
7:30:46 AM,1.653219,3.535885,4.163073,4.495044
7:30:46 AM,1.653244,3.535885,4.163095,4.495046
7:30:46 AM,1.653244,3.535885,4.163095,4.495046
7:30:46 AM,1.653244,3.535885,4.163095,4.495026
7:30:46 AM,1.653244,3.535885,4.163095,4.495026
7:30:46 AM,1.653244,3.535885,4.163095,4.495046
7:30:46 AM,1.653244,3.535859,4.163095,4.495046
7:30:46 AM,1.653244,3.535859,4.163095,4.495046
7:30:46 AM,1.653244,3.535859,4.163095,4.495046
7:30:46 AM,1.653244,3.535859,4.163095,4.495046
7:30:46 AM,1.653244,3.535859,4.163095,4.495046
7:30:46 AM,1.653244,3.535885,4.163095,4.495046
7:30:46 AM,1.653244,3.535859,4.163095,4.495046
7:30:46 AM,1.653244,3.535859,4.163071,4.495046
7:30:46 AM,1.653244,3.535859,4.163071,4.495046
7:30:46 AM,1.653244,3.535859,4.163095,4.495046
7:30:46 AM,1.653244,3.535859,4.163095,4.495046
7:30:46 AM,1.653244,3.535859,4.163095,4.495046
7:30:46 AM,1.653244,3.535859,4.163095,4.495046
7:30:46 AM,1.653244,3.535859,4.163095,4.495046
7:30:46 AM,1.653194,3.535885,4.163073,4.495063
7:30:46 AM,1.653219,3.535859,4.163071,4.495046
7:30:46 AM,1.653244,3.535885,4.163095,4.495063
7:30:46 AM,1.653244,3.535885,4.163095,4.495063
7:30:46 AM,1.653244,3.535859,4.163095,4.495046
7:30:46 AM,1.653219,3.535885,4.163095,4.495044
7:30:46 AM,1.653244,3.535885,4.163095,4.495063
7:30:46 AM,1.653244,3.535916,4.163073,4.49508
7:30:46 AM,1.653219,3.535911,4.163049,4.495044
7:30:46 AM,1.653194,3.535942,4.163073,4.495044
7:30:46 AM,1.653194,3.535885,4.163095,4.495044
7:30:46 AM,1.653194,3.535885,4.163073,4.495044
7:30:46 AM,1.653219,3.535916,4.163095,4.495044
7:30:46 AM,1.653219,3.535885,4.163073,4.495044
7:30:46 AM,1.653219,3.535885,4.163073,4.495044
7:30:46 AM,1.653219,3.535885,4.163073,4.495044
7:30:46 AM,1.653219,3.535885,4.163073,4.495063
7:30:46 AM,1.653219,3.535916,4.163073,4.495044
7:30:46 AM,1.653219,3.535885,4.163073,4.495063
7:30:46 AM,1.653219,3.535885,4.163095,4.495063
7:30:46 AM,1.653219,3.535885,4.163095,4.495063
7:30:46 AM,1.653219,3.535885,4.163095,4.495063
7:30:46 AM,1.653219,3.535885,4.163095,4.495063
7:30:46 AM,1.653219,3.535885,4.163095,4.495063
7:30:46 AM,1.653219,3.535885,4.163095,4.495063
7:30:46 AM,1.653219,3.535885,4.163095,4.495063
7:30:46 AM,1.653219,3.535885,4.163095,4.495063
7:30:46 AM,1.653219,3.535885,4.163073,4.495063
7:30:46 AM,1.653244,3.535855,4.163073,4.495063
7:30:46 AM,1.653244,3.535855,4.163073,4.495046
7:30:46 AM,1.653244,3.535855,4.163073,4.495063
7:30:46 AM,1.653244,3.535855,4.163073,4.495063
7:30:46 AM,1.653244,3.535829,4.163073,4.495063
7:30:46 AM,1.653244,3.535855,4.163073,4.495063
7:30:46 AM,1.653244,3.535855,4.163073,4.495063
7:30:46 AM,1.653244,3.535855,4.16305,4.495063
7:30:46 AM,1.653244,3.535855,4.163073,4.495063
7:30:46 AM,1.653244,3.535855,4.163073,4.495063
7:30:46 AM,1.653244,3.535855,4.163073,4.495063
7:30:46 AM,1.653244,3.535855,4.163073,4.495063
7:30:46 AM,1.653244,3.535855,4.163073,4.495063
7:30:46 AM,1.653244,3.535855,4.163073,4.495063
7:30:46 AM,1.653244,3.535855,4.163073,4.495063
7:30:46 AM,1.653244,3.535855,4.163073,4.495083
7:30:46 AM,1.653244,3.535855,4.163073,4.495063
7:30:46 AM,1.653244,3.535855,4.163073,4.495063
7:30:46 AM,1.653244,3.535855,4.163073,4.495063
7:30:46 AM,1.653244,3.535855,4.16305,4.495063
7:30:46 AM,1.653244,3.535855,4.163073,4.495065
7:30:46 AM,1.653244,3.535855,4.163073,4.495063
7:30:46 AM,1.653244,3.535855,4.16305,4.495063
7:30:46 AM,1.653244,3.535855,4.163073,4.495046
7:30:46 AM,1.653244,3.535855,4.163073,4.495063
7:30:46 AM,1.653219,3.535855,4.163073,4.495065
7:30:46 AM,1.653219,3.535829,4.163073,4.495046
7:30:46 AM,1.653219,3.535855,4.163073,4.495063
7:30:46 AM,1.653219,3.535829,4.163073,4.495046
7:30:46 AM,1.653244,3.535855,4.163073,4.495046
7:30:46 AM,1.653219,3.535855,4.163073,4.495046
7:30:46 AM,1.653219,3.535855,4.163073,4.495046
7:30:46 AM,1.653219,3.535855,4.163073,4.495046
7:30:46 AM,1.653219,3.535855,4.163073,4.495046
7:30:46 AM,1.653244,3.535855,4.163073,4.495046
7:30:46 AM,1.653244,3.535855,4.163073,4.495046
7:30:46 AM,1.653244,3.535855,4.163073,4.495046
7:30:46 AM,1.653244,3.535855,4.163073,4.495046
7:30:46 AM,1.653244,3.535855,4.163073,4.495063
7:30:46 AM,1.653244,3.535855,4.163073,4.495063
7:30:46 AM,1.653244,3.535855,4.163073,4.495063
7:30:46 AM,1.653244,3.535855,4.163073,4.495063
7:30:46 AM,1.653244,3.535855,4.163073,4.495063
7:30:46 AM,1.653244,3.535855,4.163073,4.495063
7:30:46 AM,1.653244,3.535855,4.163073,4.495063
7:30:46 AM,1.653244,3.535855,4.163073,4.495063
7:30:46 AM,1.653244,3.535855,4.163073,4.495063
7:30:46 AM,1.653244,3.535829,4.163095,4.495083
7:30:46 AM,1.653219,3.535855,4.163073,4.495063
7:30:46 AM,1.653244,3.535829,4.163073,4.495046
7:30:46 AM,1.653269,3.535855,4.163095,4.495063
7:30:46 AM,1.653244,3.535855,4.163073,4.495083
7:30:46 AM,1.653244,3.535829,4.163049,4.495065
7:30:46 AM,1.653244,3.535855,4.163073,4.495083
7:30:46 AM,1.653269,3.535855,4.163073,4.495046
7:30:46 AM,1.653269,3.535829,4.163095,4.495046
7:30:46 AM,1.653244,3.535855,4.163073,4.495046
7:30:46 AM,1.65327,3.535855,4.163073,4.495083
7:30:46 AM,1.653244,3.535829,4.163071,4.495046
7:30:46 AM,1.653244,3.535855,4.163073,4.495063
7:30:46 AM,1.653244,3.535855,4.163095,4.495083
7:30:46 AM,1.653244,3.535855,4.163049,4.495083
7:30:46 AM,1.653244,3.535829,4.163073,4.495046
7:30:46 AM,1.65327,3.535855,4.163049,4.495063
7:30:46 AM,1.653244,3.535829,4.163073,4.495083
7:30:46 AM,1.653244,3.535829,4.163095,4.495083
7:30:46 AM,1.653244,3.535855,4.163095,4.495063
7:30:46 AM,1.653244,3.535824,4.163049,4.495083
7:30:46 AM,1.653244,3.535855,4.163073,4.495065
7:30:46 AM,1.653244,3.535855,4.163095,4.495065
7:30:46 AM,1.653219,3.535829,4.163073,4.495046
7:30:46 AM,1.653244,3.535855,4.163095,4.495063
7:30:46 AM,1.653244,3.535855,4.163073,4.495083
7:30:46 AM,1.653244,3.535798,4.163073,4.495083
7:30:46 AM,1.653244,3.535829,4.163073,4.495083
7:30:46 AM,1.653244,3.535855,4.163049,4.495063
7:30:46 AM,1.653244,3.535855,4.163071,4.495083
7:30:46 AM,1.653244,3.535859,4.163073,4.495065
7:30:46 AM,1.653244,3.535824,4.163073,4.495083
7:30:46 AM,1.653294,3.535859,4.163095,4.495065
7:30:46 AM,1.653244,3.535855,4.163095,4.495046
7:30:46 AM,1.653244,3.535855,4.163049,4.495063
7:30:46 AM,1.653244,3.535855,4.163095,4.495065
7:30:46 AM,1.653244,3.535829,4.163095,4.495063
7:30:46 AM,1.653244,3.535855,4.163071,4.495063
7:30:46 AM,1.653244,3.535829,4.163073,4.495065
7:30:46 AM,1.653244,3.535824,4.163073,4.495063
7:30:46 AM,1.653244,3.535829,4.163073,4.495063
7:30:46 AM,1.653244,3.535855,4.163049,4.495046
7:30:46 AM,1.65327,3.535829,4.163071,4.495083
7:30:46 AM,1.653244,3.535855,4.163073,4.495083
7:30:46 AM,1.653244,3.535824,4.163073,4.495063
7:30:46 AM,1.653244,3.535855,4.163073,4.495083
7:30:46 AM,1.653269,3.535824,4.163071,4.495046
7:30:46 AM,1.653244,3.535855,4.163071,4.495063
7:30:46 AM,1.653244,3.535855,4.163073,4.495063
7:30:46 AM,1.653244,3.535855,4.163073,4.495046
7:30:46 AM,1.653244,3.535855,4.163071,4.495063
7:30:46 AM,1.653219,3.535855,4.163073,4.495063
7:30:46 AM,1.653194,3.535911,4.163073,4.495063
7:30:46 AM,1.653219,3.535885,4.163073,4.495044
7:30:47 AM,1.653219,3.535911,4.163073,4.495063
7:30:47 AM,1.653219,3.535911,4.163073,4.495063
7:30:47 AM,1.653219,3.535911,4.163073,4.495063
7:30:47 AM,1.653219,3.535911,4.163073,4.495063
7:30:47 AM,1.653219,3.535911,4.163073,4.495063
7:30:47 AM,1.653219,3.535911,4.163073,4.495063
7:30:47 AM,1.653219,3.535911,4.163073,4.495063
7:30:47 AM,1.653219,3.535911,4.163073,4.495063
7:30:47 AM,1.653219,3.535911,4.163073,4.495063
7:30:47 AM,1.653219,3.535911,4.163073,4.495063
7:30:47 AM,1.653219,3.535911,4.163073,4.49508
7:30:47 AM,1.653219,3.535911,4.163073,4.49508
7:30:47 AM,1.653219,3.535881,4.163073,4.49508
7:30:47 AM,1.653219,3.535881,4.163073,4.49508
7:30:47 AM,1.653219,3.535881,4.16305,4.49508
7:30:47 AM,1.653219,3.535911,4.163073,4.49508
7:30:47 AM,1.653194,3.535881,4.16305,4.495063
7:30:47 AM,1.653194,3.535911,4.16305,4.495063
7:30:47 AM,1.653194,3.535911,4.163049,4.495063
7:30:47 AM,1.653194,3.535911,4.163073,4.495063
7:30:47 AM,1.653194,3.535911,4.163049,4.495063
7:30:47 AM,1.653219,3.535911,4.163073,4.495063
7:30:47 AM,1.653219,3.535911,4.163073,4.495063
7:30:47 AM,1.653219,3.535911,4.163073,4.495063
7:30:47 AM,1.653194,3.535911,4.163073,4.495063
7:30:47 AM,1.653244,3.535855,4.163049,4.495083
7:30:47 AM,1.653244,3.535829,4.163071,4.495063
7:30:47 AM,1.653219,3.535885,4.163073,4.495044
7:30:47 AM,1.653219,3.535855,4.163073,4.495063
7:30:47 AM,1.653219,3.535885,4.163073,4.495044
7:30:47 AM,1.653219,3.535885,4.163073,4.495063
7:30:47 AM,1.653219,3.535885,4.163073,4.495063
7:30:47 AM,1.653219,3.535885,4.163073,4.495063
7:30:47 AM,1.653219,3.535885,4.163073,4.495063
7:30:47 AM,1.653219,3.535885,4.163073,4.495063
7:30:47 AM,1.653194,3.535911,4.163049,4.495063
7:30:47 AM,1.653219,3.535885,4.163073,4.495063
7:30:47 AM,1.653219,3.535885,4.163073,4.495063
7:30:47 AM,1.653219,3.535911,4.163073,4.495063
7:30:47 AM,1.653219,3.535911,4.163073,4.495063
7:30:47 AM,1.653219,3.535911,4.163073,4.495063
7:30:47 AM,1.653219,3.535911,4.163073,4.495063
7:30:47 AM,1.653219,3.535911,4.163073,4.495063
7:30:47 AM,1.653219,3.535911,4.163073,4.495063
7:30:47 AM,1.653219,3.535911,4.163073,4.495063
7:30:47 AM,1.653219,3.535911,4.163073,4.495063
7:30:47 AM,1.653194,3.535911,4.163073,4.495063
7:30:47 AM,1.653219,3.535885,4.163073,4.495063
7:30:47 AM,1.653194,3.535911,4.163049,4.495063
7:30:47 AM,1.653219,3.535911,4.163073,4.495063
7:30:47 AM,1.653219,3.535855,4.163073,4.495063
7:30:47 AM,1.653194,3.535855,4.163073,4.495063
7:30:47 AM,1.653194,3.535855,4.163073,4.495063
7:30:47 AM,1.653194,3.535855,4.16305,4.495063
7:30:47 AM,1.653194,3.535855,4.16305,4.495063
7:30:47 AM,1.653194,3.535855,4.16305,4.495063
7:30:47 AM,1.653194,3.535855,4.16305,4.495063
7:30:47 AM,1.653194,3.535855,4.16305,4.495063
7:30:47 AM,1.653219,3.535855,4.16305,4.495063
7:30:47 AM,1.653219,3.535855,4.16305,4.495063
7:30:47 AM,1.653219,3.535855,4.16305,4.495063
7:30:47 AM,1.653194,3.535855,4.16305,4.495063
7:30:47 AM,1.653219,3.535855,4.16305,4.495063
7:30:47 AM,1.653219,3.535855,4.163073,4.495063
7:30:47 AM,1.653219,3.535855,4.163073,4.495063
7:30:47 AM,1.653219,3.535855,4.163073,4.495063
7:30:47 AM,1.653219,3.535855,4.163073,4.495063
7:30:47 AM,1.653219,3.535855,4.163073,4.495063
7:30:47 AM,1.653219,3.535855,4.163073,4.495063
7:30:47 AM,1.653194,3.535911,4.163049,4.495063
7:30:47 AM,1.653219,3.535855,4.163073,4.495063
7:30:47 AM,1.653219,3.535855,4.163073,4.495063
7:30:47 AM,1.653219,3.535855,4.163073,4.495063
7:30:47 AM,1.653219,3.535855,4.163073,4.495063
7:30:47 AM,1.653194,3.535855,4.16305,4.495063
7:30:47 AM,1.653219,3.535855,4.16305,4.495063
7:30:47 AM,1.653194,3.535911,4.16305,4.495063
7:30:47 AM,1.653194,3.535911,4.163073,4.495063
7:30:47 AM,1.653194,3.535911,4.16305,4.495063
7:30:47 AM,1.653194,3.535911,4.16305,4.495063
7:30:47 AM,1.653194,3.535881,4.16305,4.495063
7:30:47 AM,1.653194,3.535911,4.16305,4.495063
7:30:47 AM,1.653194,3.535911,4.16305,4.495063
7:30:47 AM,1.653194,3.535911,4.16305,4.495063
7:30:47 AM,1.653194,3.535911,4.16305,4.495063
7:30:47 AM,1.653194,3.535911,4.16305,4.495063
7:30:47 AM,1.653194,3.535911,4.16305,4.495063
7:30:47 AM,1.653194,3.535881,4.163026,4.495063
7:30:47 AM,1.653194,3.535911,4.16305,4.495063
7:30:47 AM,1.653194,3.535881,4.16305,4.495063
7:30:47 AM,1.653194,3.535855,4.16305,4.495063
7:30:47 AM,1.653194,3.535855,4.16305,4.495063
7:30:47 AM,1.653194,3.535881,4.16305,4.495063
7:30:47 AM,1.653194,3.535881,4.16305,4.495063
7:30:47 AM,1.653194,3.535881,4.16305,4.495063
7:30:47 AM,1.653194,3.535881,4.16305,4.495063
7:30:47 AM,1.653194,3.535911,4.16305,4.495063
7:30:47 AM,1.653194,3.535881,4.16305,4.495063
7:30:47 AM,1.653194,3.535881,4.16305,4.495063
7:30:47 AM,1.65322,3.535829,4.163095,4.495065
7:30:47 AM,1.65322,3.535829,4.163095,4.495065
7:30:47 AM,1.65322,3.535859,4.163095,4.495065
7:30:47 AM,1.65322,3.535829,4.163073,4.495065
7:30:47 AM,1.65322,3.535829,4.163095,4.495065
7:30:47 AM,1.65322,3.535829,4.163073,4.495065
7:30:47 AM,1.65322,3.535829,4.163095,4.495065
7:30:47 AM,1.65322,3.535829,4.163095,4.495065
7:30:47 AM,1.65322,3.535829,4.163073,4.495065
7:30:47 AM,1.65322,3.535859,4.163095,4.495065
7:30:47 AM,1.65322,3.535885,4.163095,4.495065
7:30:47 AM,1.65322,3.535859,4.163095,4.495065
7:30:47 AM,1.65322,3.535859,4.163095,4.495065
7:30:47 AM,1.65322,3.535859,4.163095,4.495065
7:30:47 AM,1.65322,3.535859,4.163095,4.495065
7:30:47 AM,1.65322,3.535829,4.163095,4.495065
7:30:47 AM,1.65322,3.535885,4.163095,4.495065
7:30:47 AM,1.65322,3.535885,4.163095,4.495065
7:30:47 AM,1.65322,3.535885,4.163095,4.495065
7:30:47 AM,1.65322,3.535885,4.163095,4.495065
7:30:47 AM,1.65322,3.535829,4.163095,4.495065
7:30:47 AM,1.65322,3.535859,4.163095,4.495065
7:30:47 AM,1.65322,3.535829,4.163073,4.495065
7:30:47 AM,1.65322,3.535829,4.163073,4.495065
7:30:47 AM,1.65322,3.535829,4.163095,4.495065
7:30:47 AM,1.65322,3.535885,4.163095,4.495065
7:30:47 AM,1.65322,3.535859,4.163073,4.495065
7:30:47 AM,1.65322,3.535829,4.163073,4.495065
7:30:47 AM,1.65322,3.535859,4.163073,4.495065
7:30:47 AM,1.65322,3.535829,4.163073,4.495065
7:30:47 AM,1.65322,3.535829,4.163073,4.495065
7:30:47 AM,1.65322,3.535829,4.163073,4.495065
7:30:47 AM,1.65322,3.535829,4.163073,4.495065
7:30:47 AM,1.65322,3.535802,4.163073,4.495065
7:30:47 AM,1.65322,3.535829,4.163073,4.495065
7:30:47 AM,1.65322,3.535829,4.163095,4.495065
7:30:47 AM,1.65322,3.535829,4.163073,4.495065
7:30:47 AM,1.65322,3.535829,4.163095,4.495065
7:30:47 AM,1.65322,3.535829,4.163095,4.495065
7:30:47 AM,1.65322,3.535829,4.163095,4.495065
7:30:47 AM,1.65322,3.535829,4.163095,4.495065
7:30:47 AM,1.65322,3.535829,4.163095,4.495065
7:30:47 AM,1.65322,3.535829,4.163095,4.495065
7:30:47 AM,1.65322,3.535829,4.163073,4.495065
7:30:47 AM,1.65322,3.535829,4.163095,4.495065
7:30:47 AM,1.65322,3.535829,4.163095,4.495065
7:30:47 AM,1.65322,3.535829,4.163095,4.495065
7:30:47 AM,1.65322,3.535829,4.163073,4.495065
7:30:47 AM,1.65322,3.535885,4.163095,4.495065
7:30:47 AM,1.653244,3.535855,4.163095,4.495083
7:30:47 AM,1.65322,3.535885,4.163095,4.495065
7:30:47 AM,1.653244,3.535855,4.163118,4.495065
7:30:47 AM,1.653244,3.535855,4.163118,4.495065
7:30:47 AM,1.653244,3.535855,4.163118,4.495083
7:30:47 AM,1.653244,3.535855,4.163118,4.495083
7:30:47 AM,1.653244,3.535855,4.163095,4.495083
7:30:47 AM,1.653244,3.535855,4.163095,4.495083
7:30:47 AM,1.653244,3.535855,4.163095,4.495083
7:30:47 AM,1.653244,3.535855,4.163095,4.495083
7:30:47 AM,1.653244,3.535855,4.163095,4.495083
7:30:47 AM,1.653244,3.535855,4.163095,4.495083
7:30:47 AM,1.653244,3.535855,4.163095,4.495083
7:30:47 AM,1.653244,3.535855,4.163095,4.495083
7:30:47 AM,1.653244,3.535855,4.163095,4.495083
7:30:47 AM,1.653244,3.535855,4.163095,4.495083
7:30:47 AM,1.653244,3.535855,4.163095,4.495083
7:30:47 AM,1.653244,3.535855,4.163095,4.495083
7:30:47 AM,1.653244,3.535855,4.163095,4.495083
7:30:47 AM,1.653244,3.535855,4.163073,4.495083
7:30:47 AM,1.653244,3.535855,4.163095,4.495083
7:30:47 AM,1.653244,3.535855,4.163095,4.495083
7:30:47 AM,1.65322,3.535859,4.163073,4.495083
7:30:47 AM,1.653244,3.535855,4.163118,4.495065
7:30:47 AM,1.653244,3.535855,4.163118,4.495065
7:30:47 AM,1.653244,3.535855,4.163118,4.495065
7:30:47 AM,1.653244,3.535855,4.163118,4.495065
7:30:47 AM,1.65322,3.535885,4.163095,4.495065
7:30:47 AM,1.65322,3.535885,4.163095,4.495065
7:30:47 AM,1.65322,3.535885,4.163095,4.495065
7:30:47 AM,1.65322,3.535885,4.163095,4.495065
7:30:47 AM,1.65322,3.535885,4.163095,4.495065
7:30:47 AM,1.653245,3.535885,4.163118,4.495065
7:30:47 AM,1.65322,3.535885,4.163118,4.495065
7:30:47 AM,1.65322,3.535885,4.163118,4.495065
7:30:47 AM,1.65322,3.535855,4.163118,4.495065
7:30:47 AM,1.65322,3.535855,4.163118,4.495065
7:30:47 AM,1.65322,3.535885,4.163095,4.495065
7:30:47 AM,1.65322,3.535855,4.163118,4.495065
7:30:47 AM,1.65322,3.535855,4.163095,4.495065
7:30:47 AM,1.653244,3.535855,4.163118,4.495065
7:30:47 AM,1.653244,3.535855,4.163118,4.495065
7:30:47 AM,1.653244,3.535855,4.163118,4.495065
7:30:47 AM,1.653244,3.535855,4.163118,4.495065
7:30:47 AM,1.653244,3.535855,4.163118,4.495065
7:30:47 AM,1.653244,3.535855,4.163095,4.495065
7:30:47 AM,1.653244,3.535855,4.163095,4.495083
7:30:47 AM,1.653244,3.535855,4.163095,4.495065
7:30:47 AM,1.653244,3.535829,4.163118,4.495065
7:30:47 AM,1.65322,3.535855,4.163095,4.495065
7:30:47 AM,1.65322,3.535859,4.163073,4.495083
7:30:47 AM,1.65322,3.535829,4.163049,4.4951
7:30:48 AM,1.65322,3.535859,4.163073,4.495083
7:30:48 AM,1.653219,3.535859,4.163071,4.4951
7:30:48 AM,1.653194,3.535859,4.163095,4.495083
7:30:48 AM,1.65322,3.535829,4.163095,4.495083
7:30:48 AM,1.653244,3.535859,4.163049,4.495083
7:30:48 AM,1.65322,3.535859,4.163095,4.4951
7:30:48 AM,1.653244,3.535829,4.163049,4.495083
7:30:48 AM,1.653244,3.535859,4.163049,4.495063
7:30:48 AM,1.653244,3.535829,4.163073,4.495063
7:30:48 AM,1.653244,3.535829,4.163071,4.495083
7:30:48 AM,1.653244,3.535859,4.163049,4.495083
7:30:48 AM,1.65322,3.535829,4.163073,4.495083
7:30:48 AM,1.653219,3.535855,4.163095,4.4951
7:30:48 AM,1.653219,3.535885,4.163049,4.495083
7:30:48 AM,1.65322,3.535829,4.163095,4.495083
7:30:48 AM,1.653244,3.535829,4.163071,4.495083
7:30:48 AM,1.653244,3.535829,4.163071,4.495083
7:30:48 AM,1.653244,3.535829,4.163071,4.495063
7:30:48 AM,1.653244,3.535855,4.163071,4.495063
7:30:48 AM,1.653194,3.535829,4.163095,4.495063
7:30:48 AM,1.653244,3.535855,4.163049,4.495083
7:30:48 AM,1.653219,3.535859,4.163049,4.495083
7:30:48 AM,1.653244,3.535859,4.163095,4.495083
7:30:48 AM,1.65322,3.535859,4.163073,4.495083
7:30:48 AM,1.653194,3.535829,4.163073,4.4951
7:30:48 AM,1.653194,3.535829,4.163049,4.495083
7:30:48 AM,1.65322,3.535855,4.163071,4.495083
7:30:48 AM,1.653244,3.535829,4.163095,4.4951
7:30:48 AM,1.653244,3.535829,4.163049,4.495083
7:30:48 AM,1.65322,3.535829,4.163071,4.495083
7:30:48 AM,1.65322,3.535829,4.163049,4.495083
7:30:48 AM,1.653244,3.535829,4.163071,4.4951
7:30:48 AM,1.65322,3.535829,4.163071,4.495083
7:30:48 AM,1.653194,3.535829,4.163095,4.4951
7:30:48 AM,1.653194,3.535802,4.163095,4.495083
7:30:48 AM,1.653244,3.535829,4.163049,4.495083
7:30:48 AM,1.653219,3.535859,4.163071,4.4951
7:30:48 AM,1.653244,3.535829,4.163095,4.495063
7:30:48 AM,1.653194,3.535859,4.163071,4.495083
7:30:48 AM,1.653244,3.535855,4.163071,4.49508
7:30:48 AM,1.653244,3.535829,4.163095,4.495083
7:30:48 AM,1.653244,3.535829,4.163049,4.495083
7:30:48 AM,1.653244,3.535859,4.163073,4.495083
7:30:48 AM,1.65322,3.535829,4.163073,4.4951
7:30:48 AM,1.653194,3.535859,4.163073,4.4951
7:30:48 AM,1.653219,3.535829,4.163071,4.495083
7:30:48 AM,1.653244,3.535885,4.163095,4.4951
7:30:48 AM,1.653244,3.535829,4.163049,4.495083
7:30:48 AM,1.65322,3.535859,4.163071,4.495083
7:30:48 AM,1.653244,3.535829,4.163095,4.495083
7:30:48 AM,1.653194,3.535859,4.163049,4.495083
7:30:48 AM,1.65322,3.535829,4.163049,4.495083
7:30:48 AM,1.65322,3.535829,4.163049,4.495083
7:30:48 AM,1.65322,3.535829,4.163049,4.495083
7:30:48 AM,1.65322,3.535829,4.163049,4.495083
7:30:48 AM,1.65322,3.535829,4.163049,4.495083
7:30:48 AM,1.65322,3.535829,4.163049,4.495083
7:30:48 AM,1.65322,3.535829,4.163049,4.495083
7:30:48 AM,1.65322,3.535829,4.163049,4.495083
7:30:48 AM,1.65322,3.535859,4.163049,4.495083
7:30:48 AM,1.65322,3.535859,4.163049,4.495083
7:30:48 AM,1.65322,3.535859,4.163049,4.495083
7:30:48 AM,1.65322,3.535859,4.163049,4.495083
7:30:48 AM,1.65322,3.535859,4.163049,4.495083
7:30:48 AM,1.65322,3.535859,4.163073,4.495083
7:30:48 AM,1.65322,3.535859,4.163049,4.495083
7:30:48 AM,1.65322,3.535859,4.163073,4.495083
7:30:48 AM,1.65322,3.535859,4.163073,4.495083
7:30:48 AM,1.65322,3.535833,4.163073,4.495083
7:30:48 AM,1.65322,3.535833,4.163073,4.495083
7:30:48 AM,1.65322,3.535833,4.163073,4.495083
7:30:48 AM,1.65322,3.535859,4.163073,4.495083
7:30:48 AM,1.65322,3.535859,4.163071,4.495083
7:30:48 AM,1.653244,3.535829,4.163049,4.495083
7:30:48 AM,1.65322,3.535829,4.163049,4.495083
7:30:48 AM,1.653244,3.535829,4.163049,4.495083
7:30:48 AM,1.653244,3.535855,4.163049,4.495063
7:30:48 AM,1.653244,3.535855,4.163071,4.49508
7:30:48 AM,1.65322,3.535829,4.163071,4.4951
7:30:48 AM,1.653244,3.535829,4.163071,4.495083
7:30:48 AM,1.653244,3.535885,4.163071,4.4951
7:30:48 AM,1.653244,3.535829,4.163049,4.495083
7:30:48 AM,1.653244,3.535829,4.163071,4.495083
7:30:48 AM,1.653244,3.535829,4.163049,4.4951
7:30:48 AM,1.653244,3.535829,4.163049,4.495083
7:30:48 AM,1.653244,3.535829,4.163049,4.495083
7:30:48 AM,1.653244,3.535829,4.163049,4.495083
7:30:48 AM,1.65322,3.535829,4.163071,4.495083
7:30:48 AM,1.65322,3.535829,4.163071,4.495083
7:30:48 AM,1.653244,3.535829,4.163049,4.495083
7:30:48 AM,1.653244,3.535829,4.163049,4.495083
7:30:48 AM,1.653244,3.535829,4.163049,4.495083
7:30:48 AM,1.65322,3.535829,4.163049,4.495083
7:30:48 AM,1.653244,3.535829,4.163049,4.495083
7:30:48 AM,1.653244,3.535829,4.163049,4.495083
7:30:48 AM,1.653244,3.535829,4.163049,4.495083
7:30:48 AM,1.653244,3.535829,4.163049,4.495083
7:30:48 AM,1.653244,3.535829,4.163049,4.495083
7:30:48 AM,1.65322,3.535829,4.163095,4.495083
7:30:48 AM,1.65322,3.535829,4.163071,4.495083
7:30:48 AM,1.653244,3.535829,4.163071,4.495083
7:30:48 AM,1.653219,3.535859,4.163073,4.495063
7:30:48 AM,1.65322,3.535829,4.163071,4.495083
7:30:48 AM,1.653244,3.535859,4.163073,4.495063
7:30:48 AM,1.653244,3.535859,4.163073,4.495063
7:30:48 AM,1.653244,3.535859,4.163073,4.495063
7:30:48 AM,1.653244,3.535859,4.163073,4.495063
7:30:48 AM,1.653219,3.535859,4.163073,4.495063
7:30:48 AM,1.653219,3.535859,4.163073,4.495063
7:30:48 AM,1.653219,3.535859,4.163073,4.495063
7:30:48 AM,1.653219,3.535859,4.163073,4.495063
7:30:48 AM,1.653219,3.535859,4.163073,4.495063
7:30:48 AM,1.653244,3.535859,4.163073,4.495063
7:30:48 AM,1.653219,3.535859,4.163073,4.495063
7:30:48 AM,1.653219,3.535885,4.163073,4.495063
7:30:48 AM,1.653219,3.53589,4.163073,4.495063
7:30:48 AM,1.653194,3.53589,4.163073,4.495061
7:30:48 AM,1.653219,3.535859,4.163049,4.495063
7:30:48 AM,1.653219,3.535916,4.163049,4.49508
7:30:48 AM,1.653194,3.53589,4.163095,4.495063
7:30:48 AM,1.65322,3.535859,4.163073,4.49508
7:30:48 AM,1.653219,3.53589,4.163073,4.495063
7:30:48 AM,1.653194,3.535885,4.163095,4.495063
7:30:48 AM,1.653219,3.535859,4.163049,4.495063
7:30:48 AM,1.653244,3.535859,4.163073,4.495063
7:30:48 AM,1.653244,3.535859,4.163073,4.495063
7:30:48 AM,1.653244,3.535859,4.163073,4.495063
7:30:48 AM,1.653219,3.535859,4.163095,4.495063
7:30:48 AM,1.653219,3.535859,4.163073,4.495063
7:30:48 AM,1.653219,3.535859,4.163073,4.495063
7:30:48 AM,1.653244,3.535859,4.163073,4.495063
7:30:48 AM,1.653244,3.535859,4.163073,4.495063
7:30:48 AM,1.653244,3.535859,4.163073,4.495063
7:30:48 AM,1.653244,3.535859,4.163073,4.495063
7:30:48 AM,1.653244,3.535859,4.163073,4.495063
7:30:48 AM,1.653244,3.535859,4.163073,4.495063
7:30:48 AM,1.653244,3.535859,4.163073,4.495063
7:30:48 AM,1.653244,3.535859,4.163073,4.495063
7:30:48 AM,1.653244,3.535859,4.163073,4.495063
7:30:48 AM,1.653219,3.535859,4.163073,4.495063
7:30:48 AM,1.653244,3.535859,4.163073,4.495063
7:30:48 AM,1.653244,3.535859,4.163073,4.495063
7:30:48 AM,1.653244,3.535859,4.163073,4.495063
7:30:48 AM,1.653244,3.535859,4.163073,4.495063
7:30:48 AM,1.653244,3.535859,4.163073,4.495063
7:30:48 AM,1.653244,3.535859,4.163073,4.495063
7:30:48 AM,1.653244,3.535859,4.163073,4.495063
7:30:48 AM,1.653244,3.535859,4.163073,4.495063
7:30:48 AM,1.653219,3.535859,4.163073,4.495063
7:30:48 AM,1.65322,3.535829,4.163071,4.495083
7:30:48 AM,1.653219,3.535885,4.163071,4.495063
7:30:48 AM,1.653219,3.53589,4.163073,4.49508
7:30:48 AM,1.653219,3.535859,4.163073,4.495063
7:30:48 AM,1.653219,3.535885,4.163049,4.495063
7:30:48 AM,1.653244,3.535859,4.163049,4.495063
7:30:48 AM,1.653219,3.53589,4.163049,4.49508
7:30:48 AM,1.653219,3.53589,4.163073,4.495044
7:30:48 AM,1.653194,3.535885,4.163073,4.495046
7:30:48 AM,1.65322,3.53589,4.163095,4.495063
7:30:48 AM,1.653219,3.53589,4.163071,4.49508
7:30:48 AM,1.653244,3.535859,4.163073,4.495063
7:30:48 AM,1.653219,3.535859,4.163073,4.495063
7:30:48 AM,1.653219,3.535859,4.163049,4.495063
7:30:48 AM,1.653219,3.53589,4.163049,4.495063
7:30:48 AM,1.653219,3.53589,4.163073,4.495063
7:30:48 AM,1.653194,3.535885,4.163073,4.495063
7:30:48 AM,1.65322,3.53589,4.163049,4.495063
7:30:48 AM,1.653219,3.53589,4.163073,4.495063
7:30:48 AM,1.653244,3.535859,4.163073,4.495046
7:30:48 AM,1.653244,3.535859,4.163073,4.495063
7:30:48 AM,1.653219,3.535916,4.163073,4.495063
7:30:48 AM,1.653219,3.535859,4.163073,4.495063
7:30:48 AM,1.65322,3.535829,4.163071,4.495083
7:30:48 AM,1.653194,3.53589,4.163049,4.495063
7:30:48 AM,1.653219,3.535859,4.163073,4.495063
7:30:48 AM,1.653219,3.535859,4.163071,4.495063
7:30:48 AM,1.653219,3.53589,4.163073,4.495063
7:30:48 AM,1.653219,3.535859,4.163049,4.495044
7:30:48 AM,1.653219,3.53589,4.163095,4.495063
7:30:48 AM,1.653219,3.535859,4.163049,4.495063
7:30:48 AM,1.653219,3.535916,4.163049,4.495063
7:30:48 AM,1.653194,3.535859,4.163073,4.4951
7:30:48 AM,1.653219,3.53589,4.163073,4.495063
7:30:48 AM,1.653219,3.535859,4.163095,4.495063
7:30:48 AM,1.653194,3.53589,4.163095,4.495063
7:30:48 AM,1.653194,3.535859,4.163073,4.495063
7:30:48 AM,1.653219,3.535859,4.163073,4.495063
7:30:48 AM,1.653219,3.535859,4.163049,4.495063
7:30:48 AM,1.653219,3.535885,4.163073,4.495061
7:30:48 AM,1.653194,3.535859,4.163073,4.495063
7:30:48 AM,1.653219,3.535859,4.163049,4.495063
7:30:48 AM,1.653194,3.535885,4.163073,4.495063
7:30:48 AM,1.653219,3.535916,4.163073,4.495063
7:30:48 AM,1.653219,3.53589,4.163073,4.495063
7:30:48 AM,1.653194,3.535859,4.163073,4.495063
7:30:48 AM,1.653219,3.535916,4.163073,4.495063
7:30:48 AM,1.653219,3.535859,4.163073,4.495046
7:30:48 AM,1.653194,3.535859,4.163049,4.495063
7:30:48 AM,1.653219,3.535859,4.163095,4.49508
7:30:48 AM,1.653219,3.535859,4.163073,4.495063
7:30:49 AM,1.653194,3.535859,4.163049,4.49508
7:30:49 AM,1.653219,3.535859,4.163095,4.495063
7:30:49 AM,1.653219,3.535859,4.163095,4.495083
7:30:49 AM,1.653219,3.535859,4.163095,4.495083
7:30:49 AM,1.653219,3.535859,4.163095,4.495083
7:30:49 AM,1.653244,3.535859,4.163095,4.495083
7:30:49 AM,1.653244,3.535859,4.163095,4.495083
7:30:49 AM,1.653244,3.53589,4.163095,4.495083
7:30:49 AM,1.653244,3.535859,4.163118,4.495083
7:30:49 AM,1.653244,3.535859,4.163095,4.495083
7:30:49 AM,1.653244,3.535859,4.163118,4.495083
7:30:49 AM,1.653244,3.535859,4.163095,4.495083
7:30:49 AM,1.653244,3.535859,4.163095,4.495065
7:30:49 AM,1.653244,3.535859,4.163119,4.495065
7:30:49 AM,1.65322,3.535859,4.163119,4.495083
7:30:49 AM,1.65322,3.535859,4.163119,4.495083
7:30:49 AM,1.65322,3.535859,4.163119,4.495083
7:30:49 AM,1.65322,3.535859,4.163119,4.495083
7:30:49 AM,1.65322,3.535885,4.163142,4.495083
7:30:49 AM,1.653244,3.535885,4.163095,4.495083
7:30:49 AM,1.653244,3.535885,4.163095,4.495083
7:30:49 AM,1.653244,3.535885,4.163095,4.495083
7:30:49 AM,1.653244,3.535859,4.163095,4.495083
7:30:49 AM,1.653219,3.535859,4.163095,4.495083
7:30:49 AM,1.653244,3.535859,4.163095,4.495083
7:30:49 AM,1.653219,3.535859,4.163095,4.495083
7:30:49 AM,1.653244,3.535859,4.163095,4.495083
7:30:49 AM,1.653219,3.535859,4.163073,4.495063
7:30:49 AM,1.65322,3.535829,4.163071,4.495083
7:30:49 AM,1.65322,3.535829,4.163095,4.4951
7:30:49 AM,1.653244,3.535829,4.163095,4.495083
7:30:49 AM,1.653244,3.535829,4.163095,4.495083
7:30:49 AM,1.653244,3.535829,4.163095,4.495083
7:30:49 AM,1.653244,3.535829,4.163095,4.495083
7:30:49 AM,1.653244,3.535829,4.163095,4.495083
7:30:49 AM,1.653244,3.535829,4.163095,4.495083
7:30:49 AM,1.653244,3.535829,4.163118,4.4951
7:30:49 AM,1.653244,3.535829,4.163118,4.4951
7:30:49 AM,1.653244,3.535859,4.163095,4.4951
7:30:49 AM,1.653244,3.535829,4.163095,4.4951
7:30:49 AM,1.653244,3.535859,4.163095,4.4951
7:30:49 AM,1.653244,3.535859,4.163095,4.4951
7:30:49 AM,1.653244,3.535859,4.163118,4.4951
7:30:49 AM,1.653244,3.535859,4.163118,4.495083
7:30:49 AM,1.653244,3.535859,4.163095,4.495083
7:30:49 AM,1.653244,3.535859,4.163095,4.495083
7:30:49 AM,1.653219,3.535859,4.163095,4.495083
7:30:49 AM,1.653244,3.535859,4.163095,4.495083
7:30:49 AM,1.653219,3.535859,4.163095,4.495083
7:30:49 AM,1.65322,3.535859,4.163095,4.495083
7:30:49 AM,1.653219,3.535859,4.163095,4.495083
7:30:49 AM,1.653244,3.535859,4.163095,4.495083
7:30:49 AM,1.653219,3.535885,4.163095,4.495063
7:30:49 AM,1.653219,3.535885,4.163095,4.495063
7:30:49 AM,1.653219,3.535859,4.163095,4.495063
7:30:49 AM,1.653219,3.535859,4.163095,4.495063
7:30:49 AM,1.653219,3.535859,4.163095,4.495063
7:30:49 AM,1.653219,3.535859,4.163095,4.495063
7:30:49 AM,1.653219,3.535859,4.163095,4.495063
7:30:49 AM,1.653244,3.535885,4.163095,4.495063
7:30:49 AM,1.653244,3.535885,4.163095,4.495063
7:30:49 AM,1.653244,3.535859,4.163095,4.495063
7:30:49 AM,1.653244,3.535859,4.163073,4.495063
7:30:49 AM,1.653244,3.535859,4.163073,4.495063
7:30:49 AM,1.653244,3.535859,4.163095,4.495063
7:30:49 AM,1.653244,3.535859,4.163095,4.495063
7:30:49 AM,1.653244,3.535829,4.163095,4.495063
7:30:49 AM,1.653219,3.535829,4.163095,4.495063
7:30:49 AM,1.653219,3.535859,4.163095,4.495063
7:30:49 AM,1.653219,3.535859,4.163095,4.495063
7:30:49 AM,1.653219,3.535859,4.163095,4.495063
7:30:49 AM,1.653219,3.535859,4.163095,4.495063
7:30:49 AM,1.653244,3.535859,4.163095,4.495083
7:30:49 AM,1.653219,3.535885,4.163095,4.495063
7:30:49 AM,1.653219,3.535885,4.163073,4.495063
7:30:49 AM,1.653219,3.535859,4.163119,4.495063
7:30:49 AM,1.653219,3.535885,4.163073,4.495063
7:30:49 AM,1.653219,3.535885,4.163073,4.495063
7:30:49 AM,1.653244,3.535885,4.163095,4.495083
7:30:49 AM,1.653244,3.535885,4.163095,4.495083
7:30:49 AM,1.653244,3.535885,4.163095,4.495083
7:30:49 AM,1.653244,3.535885,4.163095,4.495083
7:30:49 AM,1.653244,3.535885,4.163095,4.495063
7:30:49 AM,1.653244,3.535885,4.163073,4.495063
7:30:49 AM,1.653244,3.535885,4.163095,4.495063
7:30:49 AM,1.653244,3.535885,4.163073,4.495063
7:30:49 AM,1.653244,3.535885,4.163073,4.495063
7:30:49 AM,1.653244,3.535885,4.163095,4.495063
7:30:49 AM,1.653244,3.535885,4.163095,4.495083
7:30:49 AM,1.653244,3.535885,4.163095,4.495063
7:30:49 AM,1.653244,3.535885,4.163095,4.495063
7:30:49 AM,1.653244,3.535885,4.163095,4.495063
7:30:49 AM,1.653244,3.535885,4.163095,4.495063
7:30:49 AM,1.653219,3.535885,4.163095,4.495063
7:30:49 AM,1.653219,3.535885,4.163095,4.495063
7:30:49 AM,1.653219,3.535885,4.163095,4.495063
7:30:49 AM,1.653219,3.535885,4.163095,4.495063
7:30:49 AM,1.653219,3.535885,4.163073,4.495063
7:30:49 AM,1.653244,3.535885,4.163095,4.495063
7:30:49 AM,1.653194,3.535885,4.163073,4.495063
7:30:49 AM,1.653194,3.535916,4.163073,4.495063
7:30:49 AM,1.653194,3.535916,4.163073,4.49508
7:30:49 AM,1.653194,3.53589,4.163073,4.49508
7:30:49 AM,1.653194,3.535916,4.163073,4.49508
7:30:49 AM,1.653194,3.535916,4.163073,4.49508
7:30:49 AM,1.653194,3.535885,4.163073,4.49508
7:30:49 AM,1.653194,3.535885,4.163095,4.49508
7:30:49 AM,1.653194,3.535916,4.163073,4.49508
7:30:49 AM,1.653194,3.535916,4.163073,4.495063
7:30:49 AM,1.653194,3.535885,4.163073,4.495063
7:30:49 AM,1.653194,3.535916,4.163073,4.495063
7:30:49 AM,1.653194,3.535885,4.163097,4.495063
7:30:49 AM,1.653194,3.535885,4.163073,4.495063
7:30:49 AM,1.653194,3.535916,4.163073,4.495063
7:30:49 AM,1.653194,3.535916,4.163095,4.495044
7:30:49 AM,1.653219,3.535916,4.163073,4.495063
7:30:49 AM,1.653194,3.53589,4.163073,4.495063
7:30:49 AM,1.653194,3.53589,4.163119,4.49508
7:30:49 AM,1.653194,3.535859,4.163073,4.495044
7:30:49 AM,1.653194,3.53589,4.163073,4.495063
7:30:49 AM,1.653194,3.535916,4.163073,4.49508
7:30:49 AM,1.653194,3.53589,4.163073,4.495063
7:30:49 AM,1.653194,3.535859,4.163073,4.495063
7:30:49 AM,1.653194,3.535916,4.163073,4.495063
7:30:49 AM,1.653194,3.535916,4.163073,4.495063
7:30:49 AM,1.653194,3.535859,4.163073,4.495063
7:30:49 AM,1.653194,3.535859,4.163073,4.495063
7:30:49 AM,1.653194,3.535859,4.163073,4.495063
7:30:49 AM,1.653194,3.535859,4.163073,4.495063
7:30:49 AM,1.653194,3.535859,4.163073,4.495063
7:30:49 AM,1.653194,3.535859,4.163097,4.495063
7:30:49 AM,1.653194,3.535859,4.163073,4.495063
7:30:49 AM,1.653194,3.535859,4.163097,4.495063
7:30:49 AM,1.653194,3.535859,4.163119,4.495063
7:30:49 AM,1.653194,3.535859,4.163095,4.495063
7:30:49 AM,1.653194,3.53589,4.163095,4.495063
7:30:49 AM,1.653194,3.535859,4.163095,4.495063
7:30:49 AM,1.653194,3.535859,4.163073,4.495063
7:30:49 AM,1.653194,3.53589,4.163073,4.495063
7:30:49 AM,1.653194,3.535916,4.163073,4.495063
7:30:49 AM,1.653194,3.535916,4.163073,4.495063
7:30:49 AM,1.653194,3.535916,4.163073,4.495063
7:30:49 AM,1.653194,3.535916,4.163073,4.495063
7:30:49 AM,1.653194,3.535916,4.163073,4.495063
7:30:49 AM,1.653194,3.535916,4.163073,4.495063
7:30:49 AM,1.653194,3.53589,4.163073,4.495063
7:30:49 AM,1.653194,3.535916,4.163097,4.495063
7:30:49 AM,1.653194,3.535916,4.163073,4.49508
7:30:49 AM,1.653194,3.535916,4.163095,4.495063
7:30:49 AM,1.653194,3.535916,4.163095,4.49508
7:30:49 AM,1.653194,3.535916,4.163119,4.495044
7:30:49 AM,1.653169,3.535885,4.163095,4.495044
7:30:49 AM,1.653194,3.535885,4.163097,4.495063
7:30:49 AM,1.653219,3.535859,4.163073,4.49508
7:30:49 AM,1.653194,3.535859,4.163073,4.49508
7:30:49 AM,1.653194,3.535916,4.163095,4.49508
7:30:49 AM,1.653219,3.535885,4.163073,4.495061
7:30:49 AM,1.653169,3.535885,4.163073,4.495061
7:30:49 AM,1.653169,3.535916,4.163119,4.49508
7:30:49 AM,1.653194,3.535916,4.163119,4.495061
7:30:49 AM,1.653194,3.535885,4.163119,4.495044
7:30:49 AM,1.653219,3.535916,4.163095,4.49508
7:30:49 AM,1.653219,3.535916,4.163073,4.495044
7:30:49 AM,1.653194,3.53589,4.163095,4.495063
7:30:49 AM,1.653194,3.53589,4.163097,4.495063
7:30:49 AM,1.653169,3.535885,4.163119,4.495044
7:30:49 AM,1.653169,3.535916,4.163095,4.495063
7:30:49 AM,1.653194,3.535885,4.163073,4.495044
7:30:49 AM,1.653219,3.53589,4.163073,4.495044
7:30:49 AM,1.653219,3.535859,4.163073,4.49508
7:30:49 AM,1.653194,3.535916,4.163095,4.495063
7:30:49 AM,1.653169,3.535916,4.163095,4.495044
7:30:49 AM,1.653194,3.535859,4.163097,4.49508
7:30:49 AM,1.653219,3.535885,4.163097,4.495044
7:30:49 AM,1.653219,3.535916,4.163095,4.495063
7:30:49 AM,1.653194,3.53589,4.163097,4.495061
7:30:49 AM,1.653194,3.535916,4.163073,4.495061
7:30:49 AM,1.653169,3.535916,4.163119,4.49508
7:30:49 AM,1.653194,3.535885,4.163073,4.495044
7:30:49 AM,1.653169,3.535859,4.163095,4.49508
7:30:49 AM,1.653194,3.535885,4.163073,4.495063
7:30:49 AM,1.653219,3.535885,4.163073,4.495063
7:30:49 AM,1.653219,3.53589,4.163097,4.495063
7:30:49 AM,1.653194,3.535916,4.163119,4.49508
7:30:49 AM,1.653194,3.535885,4.163097,4.49508
7:30:49 AM,1.653219,3.535916,4.163073,4.495063
7:30:49 AM,1.653194,3.535916,4.163095,4.49508
7:30:49 AM,1.653219,3.535916,4.163119,4.495063
7:30:49 AM,1.653219,3.535916,4.163073,4.495061
7:30:49 AM,1.653194,3.535916,4.163097,4.495061
7:30:49 AM,1.653194,3.535916,4.163095,4.49508
7:30:49 AM,1.653194,3.535885,4.163119,4.495044
7:30:49 AM,1.653194,3.535916,4.163097,4.49508
7:30:49 AM,1.653194,3.535916,4.163097,4.495061
7:30:49 AM,1.653194,3.535916,4.163095,4.495044
7:30:49 AM,1.653194,3.535916,4.163119,4.495063
7:30:49 AM,1.653194,3.535859,4.163095,4.495063
7:30:49 AM,1.653194,3.535859,4.163095,4.495063
7:30:49 AM,1.653194,3.535859,4.163073,4.495063
7:30:49 AM,1.653244,3.535833,4.163073,4.495046
7:30:50 AM,1.653219,3.535833,4.163073,4.495046
7:30:50 AM,1.653244,3.535833,4.163073,4.495046
7:30:50 AM,1.653244,3.535833,4.163073,4.495046
7:30:50 AM,1.653244,3.535833,4.163073,4.495046
7:30:50 AM,1.653244,3.535833,4.163073,4.495046
7:30:50 AM,1.653244,3.535833,4.163073,4.495046
7:30:50 AM,1.653244,3.535833,4.163073,4.495046
7:30:50 AM,1.653244,3.535833,4.163073,4.495046
7:30:50 AM,1.653244,3.535833,4.163095,4.495046
7:30:50 AM,1.653244,3.535833,4.163073,4.495046
7:30:50 AM,1.653244,3.535833,4.163073,4.495046
7:30:50 AM,1.653244,3.535833,4.163073,4.495046
7:30:50 AM,1.653244,3.535833,4.163073,4.495046
7:30:50 AM,1.653244,3.535833,4.163073,4.495046
7:30:50 AM,1.653244,3.535833,4.163073,4.495046
7:30:50 AM,1.653244,3.535833,4.163073,4.495046
7:30:50 AM,1.653244,3.535833,4.163073,4.495046
7:30:50 AM,1.653244,3.535833,4.163073,4.495046
7:30:50 AM,1.653219,3.535833,4.163073,4.495046
7:30:50 AM,1.653219,3.535833,4.163073,4.495046
7:30:50 AM,1.653219,3.535833,4.163095,4.495046
7:30:50 AM,1.653219,3.535833,4.163095,4.495046
7:30:50 AM,1.653219,3.535833,4.163095,4.495046
7:30:50 AM,1.653219,3.535833,4.163095,4.495046
7:30:50 AM,1.653219,3.535859,4.163073,4.495063
7:30:50 AM,1.653219,3.535859,4.163073,4.495063
7:30:50 AM,1.653194,3.535859,4.163095,4.495063
7:30:50 AM,1.653219,3.535859,4.163073,4.495063
7:30:50 AM,1.653219,3.535859,4.163073,4.495063
7:30:50 AM,1.653219,3.535859,4.163073,4.495063
7:30:50 AM,1.653219,3.535859,4.163073,4.495063
7:30:50 AM,1.653219,3.535859,4.163095,4.495063
7:30:50 AM,1.653219,3.535859,4.163073,4.495046
7:30:50 AM,1.653219,3.535859,4.163073,4.495046
7:30:50 AM,1.653219,3.535864,4.163073,4.495046
7:30:50 AM,1.653219,3.535859,4.163073,4.495046
7:30:50 AM,1.653219,3.535859,4.163073,4.495046
7:30:50 AM,1.653219,3.535859,4.163073,4.495046
7:30:50 AM,1.653219,3.535859,4.163073,4.495046
7:30:50 AM,1.653219,3.535859,4.163073,4.495046
7:30:50 AM,1.653219,3.535859,4.163073,4.495046
7:30:50 AM,1.653219,3.535859,4.163073,4.495046
7:30:50 AM,1.653219,3.535859,4.163095,4.495046
7:30:50 AM,1.653219,3.535859,4.163095,4.495046
7:30:50 AM,1.653219,3.535859,4.163095,4.495046
7:30:50 AM,1.653219,3.535859,4.163095,4.495046
7:30:50 AM,1.653219,3.535859,4.163073,4.495046
7:30:50 AM,1.653219,3.535864,4.163073,4.495046
7:30:50 AM,1.653219,3.535859,4.163073,4.495063
7:30:50 AM,1.653194,3.53589,4.163073,4.495046
7:30:50 AM,1.653194,3.53589,4.163073,4.495046
7:30:50 AM,1.653194,3.53589,4.163095,4.495046
7:30:50 AM,1.653194,3.53589,4.163095,4.495046
7:30:50 AM,1.653194,3.53589,4.163095,4.495046
7:30:50 AM,1.653194,3.53589,4.163095,4.495046
7:30:50 AM,1.653194,3.53589,4.163095,4.495046
7:30:50 AM,1.653194,3.53589,4.163095,4.495046
7:30:50 AM,1.653194,3.53589,4.163095,4.495046
7:30:50 AM,1.653194,3.535859,4.163095,4.495046
7:30:50 AM,1.653194,3.535859,4.163095,4.495063
7:30:50 AM,1.653194,3.53589,4.163073,4.495063
7:30:50 AM,1.653194,3.535859,4.163095,4.495063
7:30:50 AM,1.653194,3.535859,4.163119,4.495063
7:30:50 AM,1.653194,3.535859,4.163119,4.495063
7:30:50 AM,1.653194,3.535859,4.163119,4.495063
7:30:50 AM,1.653194,3.535859,4.163119,4.495063
7:30:50 AM,1.653194,3.535859,4.163095,4.495063
7:30:50 AM,1.653194,3.535859,4.163095,4.495063
7:30:50 AM,1.653194,3.535859,4.163097,4.495063
7:30:50 AM,1.653194,3.535859,4.163073,4.495063
7:30:50 AM,1.653194,3.535859,4.163119,4.495063
7:30:50 AM,1.653194,3.535864,4.163073,4.495046
7:30:50 AM,1.653194,3.535859,4.163095,4.495046
7:30:50 AM,1.653194,3.53589,4.163073,4.495063
7:30:50 AM,1.653194,3.535859,4.163073,4.495063
7:30:50 AM,1.653194,3.53589,4.163073,4.495063
7:30:50 AM,1.653194,3.53589,4.163073,4.495046
7:30:50 AM,1.653194,3.53589,4.163073,4.495046
7:30:50 AM,1.653194,3.53589,4.163073,4.495046
7:30:50 AM,1.653194,3.53589,4.163073,4.495046
7:30:50 AM,1.653194,3.53589,4.163073,4.495046
7:30:50 AM,1.653194,3.53589,4.163073,4.495046
7:30:50 AM,1.653194,3.53589,4.163073,4.495063
7:30:50 AM,1.653194,3.53589,4.163073,4.495065
7:30:50 AM,1.653194,3.53589,4.163073,4.495065
7:30:50 AM,1.653194,3.53589,4.163073,4.495065
7:30:50 AM,1.653194,3.53589,4.163073,4.495065
7:30:50 AM,1.653194,3.53589,4.163073,4.495065
7:30:50 AM,1.653194,3.53589,4.163073,4.495065
7:30:50 AM,1.653194,3.53589,4.163073,4.495083
7:30:50 AM,1.653194,3.53589,4.163073,4.495083
7:30:50 AM,1.653194,3.53589,4.163073,4.495083
7:30:50 AM,1.653194,3.53589,4.163073,4.495083
7:30:50 AM,1.653194,3.53589,4.163073,4.495065
7:30:50 AM,1.653194,3.53589,4.163073,4.495065
7:30:50 AM,1.653194,3.53589,4.163073,4.495046
7:30:50 AM,1.653194,3.53589,4.163073,4.495046
7:30:50 AM,1.653194,3.53589,4.163073,4.495065
7:30:50 AM,1.653194,3.53589,4.163073,4.495063
7:30:50 AM,1.653244,3.535911,4.163075,4.495046
7:30:50 AM,1.65327,3.535911,4.163075,4.495083
7:30:50 AM,1.653244,3.535885,4.163075,4.495046
7:30:50 AM,1.653244,3.535916,4.163075,4.495065
7:30:50 AM,1.653244,3.535916,4.16305,4.495063
7:30:50 AM,1.653269,3.535885,4.16305,4.495065
7:30:50 AM,1.65327,3.535881,4.163075,4.495046
7:30:50 AM,1.653244,3.535885,4.16305,4.495083
7:30:50 AM,1.653244,3.535911,4.163075,4.495065
7:30:50 AM,1.653269,3.535885,4.163075,4.495083
7:30:50 AM,1.653244,3.535855,4.16305,4.495063
7:30:50 AM,1.653294,3.535916,4.163075,4.495065
7:30:50 AM,1.653244,3.535911,4.16305,4.495046
7:30:50 AM,1.653244,3.535885,4.16305,4.495083
7:30:50 AM,1.653244,3.535885,4.163097,4.495083
7:30:50 AM,1.65327,3.535885,4.163075,4.495046
7:30:50 AM,1.653244,3.535885,4.163075,4.495065
7:30:50 AM,1.65327,3.535881,4.163097,4.495046
7:30:50 AM,1.653244,3.535855,4.163075,4.495065
7:30:50 AM,1.653244,3.535911,4.16305,4.495046
7:30:50 AM,1.653244,3.535885,4.163073,4.495083
7:30:50 AM,1.653244,3.535911,4.16305,4.495046
7:30:50 AM,1.653244,3.535911,4.163075,4.495083
7:30:50 AM,1.653244,3.535911,4.163075,4.495065
7:30:50 AM,1.653244,3.535885,4.16305,4.495083
7:30:50 AM,1.653244,3.535885,4.163073,4.495083
7:30:50 AM,1.653244,3.535911,4.163073,4.495083
7:30:50 AM,1.653244,3.535885,4.163073,4.495083
7:30:50 AM,1.653244,3.535885,4.163073,4.495083
7:30:50 AM,1.653244,3.535885,4.16305,4.495083
7:30:50 AM,1.653244,3.535885,4.16305,4.495083
7:30:50 AM,1.653244,3.535911,4.16305,4.495083
7:30:50 AM,1.653244,3.535911,4.16305,4.495083
7:30:50 AM,1.65327,3.535885,4.163073,4.495083
7:30:50 AM,1.653244,3.535911,4.163073,4.495083
7:30:50 AM,1.653244,3.535911,4.16305,4.495083
7:30:50 AM,1.653244,3.535911,4.163075,4.495083
7:30:50 AM,1.653244,3.535911,4.163097,4.495083
7:30:50 AM,1.653244,3.535911,4.16305,4.495083
7:30:50 AM,1.653244,3.535911,4.16305,4.495083
7:30:50 AM,1.653244,3.535911,4.16305,4.495065
7:30:50 AM,1.65327,3.535911,4.16305,4.495065
7:30:50 AM,1.653269,3.535911,4.163075,4.495065
7:30:50 AM,1.653244,3.535885,4.163075,4.495063
7:30:50 AM,1.653244,3.535911,4.163073,4.495083
7:30:50 AM,1.653269,3.535855,4.163075,4.495065
7:30:50 AM,1.653244,3.535911,4.163075,4.495083
7:30:50 AM,1.653244,3.535911,4.163075,4.495065
7:30:50 AM,1.653244,3.535911,4.163075,4.495083
7:30:50 AM,1.653244,3.535942,4.163073,4.495065
7:30:50 AM,1.653244,3.535885,4.16305,4.495063
7:30:50 AM,1.653244,3.535911,4.163075,4.495065
7:30:50 AM,1.653244,3.535885,4.163075,4.495083
7:30:50 AM,1.653244,3.535885,4.16305,4.495083
7:30:50 AM,1.653294,3.535942,4.163075,4.495083
7:30:50 AM,1.653294,3.535885,4.163075,4.495063
7:30:50 AM,1.65327,3.535885,4.163075,4.495065
7:30:50 AM,1.653244,3.535911,4.16305,4.495063
7:30:50 AM,1.653244,3.535911,4.163075,4.495046
7:30:50 AM,1.653244,3.535911,4.163075,4.495065
7:30:50 AM,1.653244,3.535885,4.163075,4.495065
7:30:50 AM,1.653294,3.535885,4.163073,4.495065
7:30:50 AM,1.653244,3.535885,4.163075,4.495065
7:30:50 AM,1.65327,3.535911,4.163073,4.495065
7:30:50 AM,1.653244,3.535885,4.16305,4.495065
7:30:50 AM,1.653244,3.535911,4.16305,4.495065
7:30:50 AM,1.653294,3.535911,4.163097,4.495083
7:30:50 AM,1.65327,3.535885,4.163075,4.495083
7:30:50 AM,1.653269,3.535885,4.16305,4.495063
7:30:50 AM,1.653244,3.535885,4.16305,4.495065
7:30:50 AM,1.653244,3.535885,4.163075,4.495065
7:30:50 AM,1.65327,3.535911,4.163097,4.495065
7:30:50 AM,1.653244,3.535885,4.16305,4.495083
7:30:50 AM,1.653244,3.535911,4.16305,4.495046
7:30:50 AM,1.65327,3.535885,4.163075,4.495063
7:30:50 AM,1.653269,3.535916,4.16305,4.495046
7:30:50 AM,1.653244,3.535885,4.163073,4.495065
7:30:50 AM,1.653244,3.535885,4.163075,4.495065
7:30:50 AM,1.653244,3.535911,4.16305,4.495065
7:30:50 AM,1.653244,3.535885,4.163075,4.495046
7:30:50 AM,1.653244,3.535911,4.163075,4.495065
7:30:50 AM,1.653269,3.535911,4.16305,4.495046
7:30:50 AM,1.653269,3.535916,4.16305,4.495065
7:30:50 AM,1.653244,3.535881,4.163073,4.495083
7:30:50 AM,1.65327,3.535885,4.163075,4.495083
7:30:50 AM,1.653294,3.535885,4.163097,4.495046
7:30:50 AM,1.653269,3.535885,4.16305,4.495046
7:30:50 AM,1.65327,3.535885,4.16305,4.495083
7:30:50 AM,1.653269,3.535911,4.16305,4.495083
7:30:50 AM,1.653269,3.535942,4.16305,4.495065
7:30:50 AM,1.653244,3.535911,4.16305,4.495083
7:30:50 AM,1.653244,3.535916,4.163073,4.495065
7:30:50 AM,1.65327,3.535885,4.163075,4.495065
7:30:50 AM,1.65327,3.535885,4.163075,4.495065
7:30:50 AM,1.653244,3.535885,4.163075,4.495065
7:30:50 AM,1.653244,3.535885,4.16305,4.495083
7:30:50 AM,1.653244,3.535859,4.16305,4.49508
7:30:50 AM,1.653244,3.535885,4.16305,4.495083
7:30:50 AM,1.653194,3.535859,4.163073,4.495063
7:30:50 AM,1.653194,3.535859,4.163073,4.495063
7:30:50 AM,1.653194,3.535859,4.16305,4.495063
7:30:51 AM,1.653194,3.535859,4.16305,4.495063
7:30:51 AM,1.653194,3.535859,4.163073,4.495063
7:30:51 AM,1.653194,3.535859,4.16305,4.495063
7:30:51 AM,1.653194,3.535859,4.16305,4.495063
7:30:51 AM,1.653194,3.535859,4.16305,4.495063
7:30:51 AM,1.653194,3.535859,4.163073,4.495063
7:30:51 AM,1.653194,3.535859,4.163073,4.495063
7:30:51 AM,1.653194,3.535859,4.16305,4.495063
7:30:51 AM,1.653194,3.535859,4.16305,4.49508
7:30:51 AM,1.653194,3.535859,4.16305,4.495063
7:30:51 AM,1.653194,3.535859,4.16305,4.49508
7:30:51 AM,1.653194,3.535859,4.16305,4.49508
7:30:51 AM,1.653219,3.535859,4.16305,4.49508
7:30:51 AM,1.653194,3.535859,4.16305,4.49508
7:30:51 AM,1.653194,3.535859,4.16305,4.49508
7:30:51 AM,1.653194,3.535859,4.16305,4.49508
7:30:51 AM,1.653194,3.535859,4.16305,4.49508
7:30:51 AM,1.653194,3.535859,4.163026,4.49508
7:30:51 AM,1.653194,3.535859,4.163073,4.495063
7:30:51 AM,1.653194,3.535859,4.163026,4.49508
7:30:51 AM,1.653194,3.535859,4.163073,4.495063
7:30:51 AM,1.653194,3.535859,4.163073,4.495063
7:30:51 AM,1.65327,3.535911,4.163075,4.495083
7:30:51 AM,1.653194,3.535916,4.163095,4.49508
7:30:51 AM,1.653194,3.535916,4.163095,4.49508
7:30:51 AM,1.653194,3.535885,4.163073,4.495063
7:30:51 AM,1.653194,3.535885,4.163073,4.495063
7:30:51 AM,1.653194,3.535885,4.163073,4.495063
7:30:51 AM,1.653194,3.535859,4.163073,4.495063
7:30:51 AM,1.653194,3.535859,4.163073,4.495063
7:30:51 AM,1.653194,3.535859,4.163073,4.495063
7:30:51 AM,1.653194,3.535885,4.163073,4.495063
7:30:51 AM,1.653194,3.535859,4.163073,4.495063
7:30:51 AM,1.653194,3.535859,4.163073,4.495063
7:30:51 AM,1.653194,3.535859,4.163073,4.495063
7:30:51 AM,1.653194,3.535859,4.163073,4.495063
7:30:51 AM,1.653219,3.535859,4.163073,4.495044
7:30:51 AM,1.653194,3.535859,4.163073,4.495063
7:30:51 AM,1.653194,3.535859,4.163073,4.495063
7:30:51 AM,1.653194,3.535859,4.163073,4.495063
7:30:51 AM,1.653194,3.535859,4.163073,4.495063
7:30:51 AM,1.653194,3.535859,4.163073,4.495063
7:30:51 AM,1.653194,3.535859,4.163073,4.495063
7:30:51 AM,1.653194,3.535859,4.163073,4.495063
7:30:51 AM,1.653194,3.535859,4.16305,4.49508
7:30:51 AM,1.653194,3.535859,4.16305,4.49508
7:30:51 AM,1.653194,3.535859,4.16305,4.49508
7:30:51 AM,1.653244,3.535859,4.16305,4.49508
7:30:51 AM,1.653244,3.535859,4.163073,4.49508
7:30:51 AM,1.653244,3.535859,4.163073,4.49508
7:30:51 AM,1.653244,3.535859,4.163073,4.495063
7:30:51 AM,1.653244,3.535859,4.163073,4.495063
7:30:51 AM,1.653244,3.535859,4.163073,4.495063
7:30:51 AM,1.65322,3.535859,4.163073,4.495063
7:30:51 AM,1.65322,3.535859,4.163073,4.495063
7:30:51 AM,1.653244,3.535859,4.163073,4.495063
7:30:51 AM,1.653244,3.535859,4.163073,4.495063
7:30:51 AM,1.653244,3.535859,4.163073,4.495063
7:30:51 AM,1.653244,3.535885,4.163073,4.495063
7:30:51 AM,1.653244,3.535885,4.163073,4.495083
7:30:51 AM,1.653244,3.535885,4.163073,4.495083
7:30:51 AM,1.653244,3.535885,4.163073,4.495083
7:30:51 AM,1.653244,3.535885,4.163073,4.495063
7:30:51 AM,1.653244,3.535885,4.163073,4.495063
7:30:51 AM,1.65322,3.535885,4.163073,4.495083
7:30:51 AM,1.65322,3.535885,4.16305,4.495063
7:30:51 AM,1.653244,3.535885,4.16305,4.495063
7:30:51 AM,1.653244,3.535885,4.163073,4.495063
7:30:51 AM,1.653244,3.535859,4.16305,4.49508
7:30:51 AM,1.653219,3.535859,4.16305,4.49508
7:30:51 AM,1.653219,3.535859,4.16305,4.49508
7:30:51 AM,1.653219,3.535859,4.16305,4.49508
7:30:51 AM,1.653219,3.535859,4.16305,4.49508
7:30:51 AM,1.653194,3.535859,4.16305,4.495063
7:30:51 AM,1.653194,3.535859,4.16305,4.495063
7:30:51 AM,1.653194,3.535859,4.16305,4.495063
7:30:51 AM,1.653219,3.535859,4.16305,4.495063
7:30:51 AM,1.653219,3.535859,4.16305,4.495063
7:30:51 AM,1.653219,3.535859,4.16305,4.49508
7:30:51 AM,1.653219,3.535859,4.16305,4.49508
7:30:51 AM,1.653219,3.535859,4.16305,4.49508
7:30:51 AM,1.653219,3.535859,4.16305,4.49508
7:30:51 AM,1.653244,3.535885,4.163073,4.495083
7:30:51 AM,1.653219,3.535859,4.16305,4.495063
7:30:51 AM,1.653244,3.535859,4.16305,4.495063
7:30:51 AM,1.653219,3.535859,4.16305,4.495063
7:30:51 AM,1.653244,3.535859,4.16305,4.495063
7:30:51 AM,1.653244,3.535859,4.16305,4.495063
7:30:51 AM,1.653244,3.535859,4.16305,4.495063
7:30:51 AM,1.653244,3.535859,4.16305,4.495063
7:30:51 AM,1.653244,3.535859,4.16305,4.495063
7:30:51 AM,1.653219,3.535859,4.16305,4.495063
7:30:51 AM,1.653219,3.535859,4.16305,4.495063
7:30:51 AM,1.653219,3.535859,4.16305,4.495063
7:30:51 AM,1.653219,3.535859,4.16305,4.495063
7:30:51 AM,1.653219,3.535859,4.16305,4.49508
7:30:51 AM,1.653244,3.535885,4.163073,4.495083
7:30:51 AM,1.653244,3.535916,4.16305,4.495046
7:30:51 AM,1.65327,3.535885,4.163097,4.495065
7:30:51 AM,1.653244,3.535855,4.163095,4.495065
7:30:51 AM,1.653244,3.535881,4.163095,4.495046
7:30:51 AM,1.653244,3.535881,4.163095,4.495046
7:30:51 AM,1.653244,3.535881,4.163073,4.495065
7:30:51 AM,1.653244,3.535881,4.163073,4.495065
7:30:51 AM,1.653244,3.535881,4.163073,4.495065
7:30:51 AM,1.653244,3.535881,4.163073,4.495065
7:30:51 AM,1.653244,3.535881,4.163073,4.495065
7:30:51 AM,1.653244,3.535881,4.163073,4.495065
7:30:51 AM,1.653244,3.535881,4.163073,4.495065
7:30:51 AM,1.653244,3.535881,4.163073,4.495065
7:30:51 AM,1.653244,3.535881,4.163073,4.495065
7:30:51 AM,1.653244,3.535881,4.163073,4.495065
7:30:51 AM,1.653244,3.535881,4.163073,4.495065
7:30:51 AM,1.653244,3.535881,4.163073,4.495065
7:30:51 AM,1.653244,3.535881,4.163073,4.495065
7:30:51 AM,1.653244,3.535881,4.163073,4.495065
7:30:51 AM,1.653244,3.535881,4.163095,4.495065
7:30:51 AM,1.653244,3.535911,4.163095,4.495065
7:30:51 AM,1.653244,3.535911,4.163095,4.495065
7:30:51 AM,1.653244,3.535911,4.163095,4.495065
7:30:51 AM,1.653244,3.535855,4.163095,4.495065
7:30:51 AM,1.653244,3.535855,4.163095,4.495046
7:30:51 AM,1.653244,3.535855,4.163095,4.495046
7:30:51 AM,1.653244,3.535855,4.163095,4.495065
7:30:51 AM,1.65322,3.535885,4.163095,4.495063
7:30:51 AM,1.65322,3.535885,4.163095,4.495063
7:30:51 AM,1.65322,3.535885,4.163095,4.495063
7:30:51 AM,1.65322,3.535885,4.163095,4.495063
7:30:51 AM,1.65322,3.535885,4.163095,4.495063
7:30:51 AM,1.65322,3.535885,4.163095,4.495063
7:30:51 AM,1.65322,3.535885,4.163095,4.495063
7:30:51 AM,1.65322,3.535885,4.163095,4.495063
7:30:51 AM,1.65322,3.535885,4.163095,4.495063
7:30:51 AM,1.65322,3.535885,4.163095,4.495063
7:30:51 AM,1.653244,3.535911,4.163095,4.495065
7:30:51 AM,1.65322,3.535885,4.163095,4.495063
7:30:51 AM,1.65322,3.535885,4.163095,4.495063
7:30:51 AM,1.65322,3.535885,4.163095,4.495063
7:30:51 AM,1.653244,3.535885,4.163095,4.495063
7:30:51 AM,1.653244,3.535885,4.163095,4.495063
7:30:51 AM,1.653244,3.535885,4.163095,4.495046
7:30:51 AM,1.653244,3.535885,4.163095,4.495046
7:30:51 AM,1.653244,3.535885,4.163095,4.495065
7:30:51 AM,1.653244,3.535885,4.163095,4.495046
7:30:51 AM,1.653244,3.535885,4.163095,4.495046
7:30:51 AM,1.653244,3.535885,4.163095,4.495065
7:30:51 AM,1.65322,3.535885,4.163095,4.495063
7:30:51 AM,1.653244,3.535911,4.163119,4.495065
7:30:51 AM,1.653244,3.535911,4.163095,4.495065
7:30:51 AM,1.653244,3.535911,4.163095,4.495065
7:30:51 AM,1.653244,3.535911,4.163119,4.495065
7:30:51 AM,1.653244,3.535911,4.163097,4.495065
7:30:51 AM,1.653244,3.535911,4.163119,4.495065
7:30:51 AM,1.653244,3.535911,4.163119,4.495065
7:30:51 AM,1.653244,3.535911,4.163097,4.495065
7:30:51 AM,1.653244,3.535911,4.163119,4.495065
7:30:51 AM,1.653244,3.535911,4.163097,4.495065
7:30:51 AM,1.653244,3.535911,4.163097,4.495065
7:30:51 AM,1.653244,3.535911,4.163097,4.495065
7:30:51 AM,1.653244,3.535911,4.163097,4.495065
7:30:51 AM,1.653244,3.535885,4.163097,4.495065
7:30:51 AM,1.653244,3.535885,4.163097,4.495065
7:30:51 AM,1.653244,3.535885,4.163097,4.495065
7:30:51 AM,1.653244,3.535885,4.163097,4.495065
7:30:51 AM,1.653244,3.535885,4.163097,4.495065
7:30:51 AM,1.653244,3.535885,4.163097,4.495065
7:30:51 AM,1.653244,3.535885,4.163097,4.495065
7:30:51 AM,1.653244,3.535885,4.163097,4.495065
7:30:51 AM,1.653244,3.535885,4.163075,4.495083
7:30:51 AM,1.653244,3.535885,4.163075,4.495083
7:30:51 AM,1.653244,3.535911,4.163075,4.495083
7:30:51 AM,1.653244,3.535911,4.163119,4.495065
7:30:51 AM,1.653244,3.535911,4.163119,4.495065
7:30:51 AM,1.653244,3.535911,4.163119,4.495065
7:30:51 AM,1.653244,3.535911,4.163119,4.495065
7:30:51 AM,1.653244,3.535911,4.163095,4.495065
7:30:51 AM,1.653244,3.535911,4.163095,4.495065
7:30:51 AM,1.653244,3.535911,4.163095,4.495065
7:30:51 AM,1.653244,3.535911,4.163095,4.495065
7:30:51 AM,1.653244,3.535911,4.163095,4.495065
7:30:51 AM,1.653244,3.535911,4.163095,4.495065
7:30:51 AM,1.653244,3.535911,4.163095,4.495065
7:30:51 AM,1.653244,3.535911,4.163095,4.495065
7:30:51 AM,1.653244,3.535911,4.163095,4.495065
7:30:51 AM,1.653244,3.535911,4.163095,4.495065
7:30:51 AM,1.65322,3.535885,4.163095,4.495063
7:30:51 AM,1.653244,3.535911,4.163095,4.495065
7:30:51 AM,1.653244,3.535911,4.163097,4.495065
7:30:51 AM,1.653244,3.535937,4.163095,4.495083
7:30:51 AM,1.653244,3.535911,4.163095,4.495083
7:30:51 AM,1.653244,3.535911,4.163095,4.495083
7:30:51 AM,1.653244,3.535911,4.163095,4.495083
7:30:51 AM,1.653244,3.535911,4.163095,4.495083
7:30:51 AM,1.653244,3.535911,4.163095,4.495083
7:30:51 AM,1.653244,3.535911,4.163095,4.495083
7:30:51 AM,1.653244,3.535911,4.163095,4.495083
7:30:51 AM,1.653244,3.535911,4.163119,4.495065
7:30:51 AM,1.653244,3.535911,4.163119,4.495065
7:30:51 AM,1.65322,3.535885,4.163095,4.495063
7:30:51 AM,1.65322,3.535885,4.163118,4.495063
7:30:52 AM,1.65322,3.535885,4.163095,4.495063
7:30:52 AM,1.653194,3.535885,4.163119,4.495063
7:30:52 AM,1.65322,3.535885,4.163095,4.495026
7:30:52 AM,1.653194,3.535885,4.163095,4.495063
7:30:52 AM,1.653194,3.535885,4.163095,4.495044
7:30:52 AM,1.65322,3.535855,4.163119,4.495063
7:30:52 AM,1.653194,3.535885,4.163095,4.495046
7:30:52 AM,1.653194,3.535859,4.163095,4.495063
7:30:52 AM,1.65322,3.535859,4.163118,4.495046
7:30:52 AM,1.65322,3.535855,4.163119,4.495044
7:30:52 AM,1.65322,3.535885,4.163142,4.495046
7:30:52 AM,1.653219,3.535859,4.163095,4.495063
7:30:52 AM,1.65322,3.535885,4.163095,4.495044
7:30:52 AM,1.65322,3.535859,4.163095,4.495044
7:30:52 AM,1.65322,3.535859,4.163119,4.495044
7:30:52 AM,1.653195,3.535859,4.163095,4.495046
7:30:52 AM,1.65322,3.535859,4.163095,4.495063
7:30:52 AM,1.65322,3.535859,4.163119,4.495046
7:30:52 AM,1.653194,3.535859,4.163095,4.495026
7:30:52 AM,1.653194,3.535885,4.163095,4.495044
7:30:52 AM,1.653244,3.535829,4.163095,4.495044
7:30:52 AM,1.653194,3.535885,4.163095,4.495044
7:30:52 AM,1.65322,3.535829,4.163118,4.495063
7:30:52 AM,1.65322,3.535855,4.163119,4.495026
7:30:52 AM,1.653194,3.535829,4.163119,4.495044
7:30:52 AM,1.653244,3.535859,4.163118,4.495046
7:30:52 AM,1.653194,3.535885,4.163119,4.495063
7:30:52 AM,1.65322,3.535829,4.163095,4.495026
7:30:52 AM,1.65322,3.535829,4.163095,4.495063
7:30:52 AM,1.65322,3.535859,4.163118,4.495026
7:30:52 AM,1.653194,3.535885,4.163095,4.495026
7:30:52 AM,1.65322,3.535859,4.163095,4.495063
7:30:52 AM,1.65322,3.535885,4.163095,4.495046
7:30:52 AM,1.653194,3.535855,4.163095,4.495063
7:30:52 AM,1.653194,3.535855,4.163095,4.495026
7:30:52 AM,1.653219,3.535859,4.163119,4.495044
7:30:52 AM,1.65322,3.535855,4.163119,4.495044
7:30:52 AM,1.65322,3.535885,4.163095,4.495046
7:30:52 AM,1.65322,3.535859,4.163095,4.495026
7:30:52 AM,1.65322,3.535859,4.163118,4.495026
7:30:52 AM,1.653194,3.535855,4.163095,4.495063
7:30:52 AM,1.65322,3.535885,4.163095,4.495044
7:30:52 AM,1.65322,3.535855,4.163119,4.495063
7:30:52 AM,1.65322,3.535859,4.163118,4.495026
7:30:52 AM,1.65322,3.535859,4.163119,4.495044
7:30:52 AM,1.653219,3.535885,4.163095,4.495063
7:30:52 AM,1.65322,3.535885,4.163095,4.495063
7:30:52 AM,1.653195,3.535885,4.163118,4.495063
7:30:52 AM,1.65322,3.535885,4.163095,4.495046
7:30:52 AM,1.653194,3.535855,4.163095,4.495046
7:30:52 AM,1.65322,3.535855,4.163095,4.495044
7:30:52 AM,1.65322,3.535885,4.163095,4.495063
7:30:52 AM,1.65322,3.535885,4.163095,4.495063
7:30:52 AM,1.65322,3.535885,4.163095,4.495063
7:30:52 AM,1.65322,3.535885,4.163095,4.495063
7:30:52 AM,1.65322,3.535885,4.163095,4.495063
7:30:52 AM,1.65322,3.535885,4.163095,4.495063
7:30:52 AM,1.65322,3.535885,4.163095,4.495063
7:30:52 AM,1.65322,3.535885,4.163095,4.495063
7:30:52 AM,1.653194,3.535885,4.163095,4.495044
7:30:52 AM,1.65322,3.535885,4.163095,4.495063
7:30:52 AM,1.65322,3.535855,4.163095,4.495063
7:30:52 AM,1.65322,3.535855,4.163095,4.495063
7:30:52 AM,1.65322,3.535855,4.163095,4.495063
7:30:52 AM,1.65322,3.535855,4.163095,4.495063
7:30:52 AM,1.65322,3.535855,4.163095,4.495063
7:30:52 AM,1.65322,3.535855,4.163095,4.495063
7:30:52 AM,1.65322,3.535885,4.163095,4.495063
7:30:52 AM,1.65322,3.535885,4.163095,4.495063
7:30:52 AM,1.65322,3.535885,4.163095,4.495063
7:30:52 AM,1.65322,3.535885,4.163095,4.495063
7:30:52 AM,1.65322,3.535885,4.163095,4.495063
7:30:52 AM,1.65322,3.535885,4.163095,4.495046
7:30:52 AM,1.65322,3.535859,4.163095,4.495046
7:30:52 AM,1.65322,3.535885,4.163095,4.495063
7:30:52 AM,1.65322,3.535859,4.163095,4.495046
7:30:52 AM,1.65322,3.535885,4.163095,4.495046
7:30:52 AM,1.653194,3.535885,4.163095,4.495044
7:30:52 AM,1.653219,3.535855,4.163095,4.495063
7:30:52 AM,1.653194,3.535829,4.163119,4.495063
7:30:52 AM,1.65322,3.535885,4.163095,4.495063
7:30:52 AM,1.653244,3.535885,4.163095,4.495026
7:30:52 AM,1.65322,3.535859,4.163119,4.495044
7:30:52 AM,1.653244,3.535855,4.163095,4.495046
7:30:52 AM,1.653194,3.535859,4.163119,4.495063
7:30:52 AM,1.65322,3.535829,4.163095,4.495044
7:30:52 AM,1.65322,3.535885,4.163095,4.495026
7:30:52 AM,1.653194,3.535859,4.163119,4.495044
7:30:52 AM,1.65322,3.535885,4.163095,4.495044
7:30:52 AM,1.65322,3.535859,4.163095,4.495063
7:30:52 AM,1.65322,3.535859,4.163095,4.495063
7:30:52 AM,1.65322,3.535859,4.163095,4.495046
7:30:52 AM,1.65322,3.535859,4.163095,4.495046
7:30:52 AM,1.65322,3.535859,4.163095,4.495046
7:30:52 AM,1.65322,3.535859,4.163095,4.495046
7:30:52 AM,1.65322,3.535859,4.163095,4.495046
7:30:52 AM,1.65322,3.535859,4.163095,4.495046
7:30:52 AM,1.65322,3.535859,4.163095,4.495046
7:30:52 AM,1.65317,3.535859,4.163095,4.495046
7:30:52 AM,1.653219,3.535859,4.163073,4.495063
7:30:52 AM,1.653244,3.535859,4.163073,4.495026
7:30:52 AM,1.653244,3.535859,4.163073,4.495046
7:30:52 AM,1.653219,3.535859,4.163073,4.495046
7:30:52 AM,1.653244,3.535859,4.163073,4.495063
7:30:52 AM,1.653244,3.535859,4.163073,4.495046
7:30:52 AM,1.653244,3.535859,4.163073,4.495046
7:30:52 AM,1.653244,3.535859,4.163073,4.495063
7:30:52 AM,1.653244,3.535859,4.163073,4.495046
7:30:52 AM,1.653219,3.535859,4.163073,4.495063
7:30:52 AM,1.653244,3.535859,4.163073,4.495063
7:30:52 AM,1.653244,3.535859,4.163073,4.495063
7:30:52 AM,1.653244,3.535859,4.163073,4.495063
7:30:52 AM,1.653244,3.535859,4.163073,4.495063
7:30:52 AM,1.653219,3.535859,4.163073,4.495063
7:30:52 AM,1.653219,3.535829,4.163073,4.495063
7:30:52 AM,1.653269,3.535855,4.163073,4.495063
7:30:52 AM,1.653269,3.535859,4.163073,4.495046
7:30:52 AM,1.653219,3.535829,4.163073,4.495044
7:30:52 AM,1.653219,3.535829,4.163026,4.495063
7:30:52 AM,1.653244,3.535859,4.163073,4.495063
7:30:52 AM,1.653219,3.535859,4.163073,4.495046
7:30:52 AM,1.653194,3.535855,4.163049,4.495063
7:30:52 AM,1.653219,3.535859,4.163073,4.495026
7:30:52 AM,1.653244,3.535859,4.16305,4.495044
7:30:52 AM,1.653194,3.535855,4.163049,4.495063
7:30:52 AM,1.653194,3.535855,4.163049,4.495044
7:30:52 AM,1.653219,3.535855,4.163071,4.495044
7:30:52 AM,1.653219,3.535855,4.163095,4.495044
7:30:52 AM,1.653219,3.535855,4.163095,4.495044
7:30:52 AM,1.653244,3.535855,4.163049,4.495063
7:30:52 AM,1.653244,3.535855,4.163073,4.495044
7:30:52 AM,1.653219,3.535855,4.163049,4.495044
7:30:52 AM,1.653219,3.535855,4.163049,4.495044
7:30:52 AM,1.653219,3.535859,4.163049,4.495026
7:30:52 AM,1.653219,3.535855,4.163049,4.495044
7:30:52 AM,1.653244,3.535855,4.163049,4.495026
7:30:52 AM,1.653244,3.535855,4.163049,4.495046
7:30:52 AM,1.653244,3.535855,4.163049,4.495046
7:30:52 AM,1.653244,3.535855,4.163049,4.495046
7:30:52 AM,1.653219,3.535855,4.163049,4.495046
7:30:52 AM,1.653219,3.535885,4.163049,4.495046
7:30:52 AM,1.653219,3.535885,4.163049,4.495044
7:30:52 AM,1.653219,3.535885,4.163049,4.495044
7:30:52 AM,1.653219,3.535859,4.163049,4.495063
7:30:52 AM,1.653219,3.535859,4.163049,4.495063
7:30:52 AM,1.653219,3.535855,4.163049,4.495026
7:30:52 AM,1.653219,3.535885,4.163073,4.495063
7:30:52 AM,1.653244,3.535829,4.16305,4.495026
7:30:52 AM,1.653244,3.535859,4.163049,4.495046
7:30:52 AM,1.653244,3.535833,4.163026,4.495063
7:30:52 AM,1.653244,3.535829,4.163073,4.495063
7:30:52 AM,1.653219,3.535859,4.163073,4.495046
7:30:52 AM,1.653244,3.535859,4.163073,4.495046
7:30:52 AM,1.653219,3.535829,4.163073,4.495063
7:30:52 AM,1.653244,3.535859,4.163026,4.495063
7:30:52 AM,1.653244,3.535885,4.163049,4.495046
7:30:52 AM,1.653244,3.535829,4.163073,4.495063
7:30:52 AM,1.653244,3.535859,4.163073,4.495063
7:30:52 AM,1.653244,3.535829,4.16305,4.495063
7:30:52 AM,1.653244,3.535829,4.163073,4.495044
7:30:52 AM,1.653219,3.535829,4.163073,4.495046
7:30:52 AM,1.653269,3.535859,4.163097,4.495063
7:30:52 AM,1.653219,3.535859,4.163073,4.495026
7:30:52 AM,1.653244,3.535859,4.163049,4.495046
7:30:52 AM,1.653244,3.535829,4.163073,4.495046
7:30:52 AM,1.653244,3.535859,4.163049,4.495044
7:30:52 AM,1.653269,3.535859,4.163073,4.495044
7:30:52 AM,1.653219,3.535859,4.163049,4.495063
7:30:52 AM,1.653219,3.535885,4.163026,4.495063
7:30:52 AM,1.653219,3.535855,4.163049,4.495063
7:30:52 AM,1.653244,3.535885,4.163073,4.495063
7:30:52 AM,1.653244,3.535829,4.163073,4.495063
7:30:52 AM,1.653244,3.535885,4.163073,4.495046
7:30:52 AM,1.653219,3.535802,4.16305,4.495083
7:30:52 AM,1.653244,3.535859,4.163073,4.495063
7:30:52 AM,1.653269,3.535859,4.163073,4.495063
7:30:52 AM,1.653269,3.535829,4.163049,4.495063
7:30:52 AM,1.653244,3.535859,4.163049,4.495046
7:30:52 AM,1.653244,3.535829,4.163073,4.495063
7:30:52 AM,1.653244,3.535859,4.163075,4.495083
7:30:52 AM,1.653244,3.535885,4.163073,4.495046
7:30:52 AM,1.653244,3.535859,4.163073,4.495044
7:30:52 AM,1.653219,3.535859,4.163073,4.495063
7:30:52 AM,1.653244,3.535859,4.163073,4.495065
7:30:52 AM,1.653219,3.535859,4.163026,4.495063
7:30:52 AM,1.653244,3.535859,4.163073,4.495063
7:30:52 AM,1.653219,3.535859,4.163073,4.495026
7:30:52 AM,1.653219,3.535859,4.16305,4.495046
7:30:52 AM,1.653219,3.535859,4.163073,4.495046
7:30:52 AM,1.653244,3.535885,4.163073,4.495044
7:30:52 AM,1.653244,3.535859,4.16305,4.495046
7:30:52 AM,1.653219,3.535829,4.163073,4.495063
7:30:52 AM,1.653219,3.535829,4.16305,4.495046
7:30:52 AM,1.653219,3.535859,4.16305,4.495063
7:30:52 AM,1.653219,3.535829,4.163073,4.495046
7:30:52 AM,1.653244,3.535855,4.163073,4.495026
7:30:52 AM,1.653219,3.535855,4.163049,4.495044
7:30:52 AM,1.653219,3.535885,4.163118,4.495063
7:30:52 AM,1.653244,3.535829,4.163073,4.495083
7:30:52 AM,1.653194,3.535855,4.163118,4.495044
7:30:53 AM,1.653194,3.535855,4.163118,4.495044
7:30:53 AM,1.653194,3.535855,4.163118,4.495044
7:30:53 AM,1.653194,3.535855,4.163118,4.495044
7:30:53 AM,1.653194,3.535855,4.163118,4.495044
7:30:53 AM,1.653194,3.535855,4.163118,4.495044
7:30:53 AM,1.653194,3.535855,4.163118,4.495063
7:30:53 AM,1.653194,3.535855,4.163118,4.495063
7:30:53 AM,1.653194,3.535855,4.163118,4.495044
7:30:53 AM,1.653194,3.535855,4.163118,4.495044
7:30:53 AM,1.653194,3.535855,4.163118,4.495063
7:30:53 AM,1.653194,3.535855,4.163118,4.495063
7:30:53 AM,1.653194,3.535885,4.163118,4.495063
7:30:53 AM,1.653194,3.535885,4.163118,4.495044
7:30:53 AM,1.653194,3.535885,4.163118,4.495044
7:30:53 AM,1.653194,3.535885,4.163118,4.495044
7:30:53 AM,1.653194,3.535855,4.163118,4.495044
7:30:53 AM,1.653194,3.535855,4.163118,4.495044
7:30:53 AM,1.653194,3.535855,4.163118,4.495044
7:30:53 AM,1.653194,3.535855,4.163118,4.495063
7:30:53 AM,1.653194,3.535855,4.163118,4.495063
7:30:53 AM,1.653194,3.535855,4.163118,4.495044
7:30:53 AM,1.653194,3.535855,4.163118,4.495044
7:30:53 AM,1.653194,3.535855,4.163118,4.495044
7:30:53 AM,1.653194,3.535855,4.163118,4.495044
7:30:53 AM,1.65322,3.535885,4.163095,4.495044
7:30:53 AM,1.65322,3.535885,4.163095,4.495044
7:30:53 AM,1.65322,3.535885,4.163095,4.495044
7:30:53 AM,1.65322,3.535885,4.163095,4.495044
7:30:53 AM,1.65322,3.535885,4.163095,4.495044
7:30:53 AM,1.65322,3.535885,4.163095,4.495044
7:30:53 AM,1.65322,3.535885,4.163095,4.495063
7:30:53 AM,1.65322,3.535885,4.163095,4.495044
7:30:53 AM,1.65322,3.535885,4.163095,4.495044
7:30:53 AM,1.65322,3.535885,4.163118,4.495044
7:30:53 AM,1.653194,3.535855,4.163118,4.495063
7:30:53 AM,1.65322,3.535885,4.163118,4.495044
7:30:53 AM,1.65322,3.535885,4.163118,4.495044
7:30:53 AM,1.65322,3.535855,4.163118,4.495044
7:30:53 AM,1.65322,3.535855,4.163118,4.495044
7:30:53 AM,1.653194,3.535855,4.163118,4.495044
7:30:53 AM,1.653194,3.535885,4.163118,4.495044
7:30:53 AM,1.653194,3.535885,4.163118,4.495044
7:30:53 AM,1.653194,3.535885,4.163118,4.495044
7:30:53 AM,1.653194,3.535855,4.163118,4.495044
7:30:53 AM,1.653194,3.535855,4.163118,4.495044
7:30:53 AM,1.653194,3.535855,4.163118,4.495044
7:30:53 AM,1.65322,3.535885,4.163118,4.495044
7:30:53 AM,1.653219,3.535855,4.163071,4.495044
7:30:53 AM,1.653194,3.535855,4.163118,4.495063
7:30:53 AM,1.653194,3.535855,4.163118,4.495063
7:30:53 AM,1.653219,3.535855,4.163071,4.495044
7:30:53 AM,1.653219,3.535855,4.163071,4.495044
7:30:53 AM,1.653219,3.535855,4.163071,4.495044
7:30:53 AM,1.653219,3.535855,4.163071,4.495044
7:30:53 AM,1.653219,3.535855,4.163071,4.495044
7:30:53 AM,1.653219,3.535855,4.163071,4.495044
7:30:53 AM,1.653219,3.535855,4.163071,4.495044
7:30:53 AM,1.653219,3.535855,4.163071,4.495044
7:30:53 AM,1.653219,3.535855,4.163071,4.495044
7:30:53 AM,1.653219,3.535855,4.163071,4.495044
7:30:53 AM,1.653219,3.535855,4.163071,4.495044
7:30:53 AM,1.653219,3.535855,4.163071,4.495044
7:30:53 AM,1.653219,3.535855,4.163071,4.495044
7:30:53 AM,1.653219,3.535855,4.163071,4.495044
7:30:53 AM,1.653219,3.535855,4.163071,4.495044
7:30:53 AM,1.653219,3.535855,4.163071,4.495044
7:30:53 AM,1.653194,3.535855,4.163049,4.495044
7:30:53 AM,1.653194,3.535855,4.163049,4.495044
7:30:53 AM,1.653194,3.535855,4.163049,4.495044
7:30:53 AM,1.653219,3.535855,4.163049,4.495044
7:30:53 AM,1.653219,3.535855,4.163071,4.495044
7:30:53 AM,1.653219,3.535855,4.163071,4.495044
7:30:53 AM,1.653219,3.535855,4.163071,4.495044
7:30:53 AM,1.653219,3.535855,4.163071,4.495044
7:30:53 AM,1.653219,3.535855,4.163095,4.495044
7:30:53 AM,1.653244,3.535829,4.163073,4.495063
7:30:53 AM,1.653219,3.535885,4.163095,4.495063
7:30:53 AM,1.653219,3.535855,4.163095,4.495063
7:30:53 AM,1.653219,3.535855,4.163095,4.495063
7:30:53 AM,1.653219,3.535855,4.163071,4.495063
7:30:53 AM,1.653219,3.535855,4.163071,4.495063
7:30:53 AM,1.653219,3.535855,4.163071,4.495063
7:30:53 AM,1.653219,3.535855,4.163095,4.495063
7:30:53 AM,1.653219,3.535855,4.163095,4.495063
7:30:53 AM,1.653219,3.535855,4.163118,4.495063
7:30:53 AM,1.653194,3.535855,4.163118,4.495063
7:30:53 AM,1.653219,3.535855,4.163095,4.495063
7:30:53 AM,1.653219,3.535855,4.163095,4.495063
7:30:53 AM,1.653219,3.535855,4.163095,4.495063
7:30:53 AM,1.653219,3.535855,4.163118,4.495063
7:30:53 AM,1.653219,3.535855,4.163095,4.495063
7:30:53 AM,1.653219,3.535855,4.163095,4.495044
7:30:53 AM,1.653219,3.535855,4.163095,4.495044
7:30:53 AM,1.653219,3.535855,4.163071,4.495044
7:30:53 AM,1.653219,3.535855,4.163071,4.495044
7:30:53 AM,1.653219,3.535855,4.163071,4.495044
7:30:53 AM,1.653219,3.535855,4.163071,4.495044
7:30:53 AM,1.653219,3.535855,4.163095,4.495063
7:30:53 AM,1.653244,3.535829,4.163073,4.495046
7:30:53 AM,1.653244,3.535833,4.163073,4.495063
7:30:53 AM,1.653244,3.535833,4.163097,4.495046
7:30:53 AM,1.653244,3.535885,4.163095,4.495065
7:30:53 AM,1.653244,3.535885,4.163118,4.495046
7:30:53 AM,1.653244,3.535859,4.163095,4.495046
7:30:53 AM,1.653244,3.535885,4.163095,4.495065
7:30:53 AM,1.653219,3.535859,4.163095,4.495046
7:30:53 AM,1.653244,3.53589,4.163095,4.495065
7:30:53 AM,1.653219,3.535916,4.163095,4.495065
7:30:53 AM,1.653219,3.53589,4.163095,4.495083
7:30:53 AM,1.653219,3.53589,4.163095,4.495083
7:30:53 AM,1.653244,3.535885,4.163095,4.495083
7:30:53 AM,1.653219,3.53589,4.163095,4.495083
7:30:53 AM,1.653219,3.535916,4.163095,4.495083
7:30:53 AM,1.653219,3.535885,4.163095,4.495083
7:30:53 AM,1.653219,3.535885,4.163095,4.495083
7:30:53 AM,1.653219,3.535885,4.163095,4.495083
7:30:53 AM,1.653219,3.535885,4.163095,4.495083
7:30:53 AM,1.653219,3.535885,4.163095,4.495083
7:30:53 AM,1.653244,3.535916,4.163095,4.495083
7:30:53 AM,1.653244,3.535916,4.163095,4.495083
7:30:53 AM,1.653244,3.535885,4.163095,4.495083
7:30:53 AM,1.653219,3.53589,4.163095,4.495083
7:30:53 AM,1.653244,3.535885,4.163095,4.495063
7:30:53 AM,1.653244,3.535885,4.163095,4.495063
7:30:53 AM,1.653244,3.535859,4.163095,4.495063
7:30:53 AM,1.653244,3.53589,4.163071,4.495046
7:30:53 AM,1.653244,3.53589,4.163095,4.495046
7:30:53 AM,1.653244,3.53589,4.163095,4.495046
7:30:53 AM,1.653244,3.535859,4.163095,4.495063
7:30:53 AM,1.653244,3.535859,4.163095,4.495063
7:30:53 AM,1.653244,3.535859,4.163095,4.495063
7:30:53 AM,1.653219,3.53589,4.163095,4.495063
7:30:53 AM,1.653219,3.535859,4.163095,4.495063
7:30:53 AM,1.653219,3.535885,4.163095,4.495063
7:30:53 AM,1.653219,3.535885,4.163095,4.495063
7:30:53 AM,1.653244,3.535859,4.163095,4.495063
7:30:53 AM,1.653244,3.535859,4.163095,4.495063
7:30:53 AM,1.653219,3.535859,4.163095,4.495063
7:30:53 AM,1.653244,3.535885,4.163095,4.495063
7:30:53 AM,1.653244,3.535885,4.163095,4.495046
7:30:53 AM,1.653244,3.535859,4.163095,4.495046
7:30:53 AM,1.653244,3.535859,4.163095,4.495046
7:30:53 AM,1.653244,3.535859,4.163095,4.495046
7:30:53 AM,1.653244,3.535859,4.163095,4.495063
7:30:53 AM,1.653244,3.535859,4.163095,4.495063
7:30:53 AM,1.653244,3.535859,4.163095,4.495063
7:30:53 AM,1.653219,3.535916,4.163095,4.495083
7:30:53 AM,1.653219,3.535885,4.163095,4.495083
7:30:53 AM,1.653219,3.535885,4.163095,4.495083
7:30:53 AM,1.653219,3.535885,4.163095,4.495083
7:30:53 AM,1.653219,3.535859,4.163073,4.495063
7:30:53 AM,1.653219,3.535859,4.163073,4.495063
7:30:53 AM,1.653219,3.535885,4.163073,4.495063
7:30:53 AM,1.653219,3.535885,4.163073,4.495063
7:30:53 AM,1.653219,3.535885,4.163073,4.495063
7:30:53 AM,1.653219,3.535885,4.163073,4.495063
7:30:53 AM,1.653219,3.535885,4.163073,4.495063
7:30:53 AM,1.653219,3.535885,4.163073,4.495063
7:30:53 AM,1.653219,3.535885,4.163073,4.495063
7:30:53 AM,1.653219,3.535885,4.163073,4.495063
7:30:53 AM,1.653219,3.535885,4.163073,4.495063
7:30:53 AM,1.653219,3.535885,4.163073,4.495046
7:30:53 AM,1.653219,3.535859,4.163073,4.495046
7:30:53 AM,1.653219,3.535859,4.163073,4.495063
7:30:53 AM,1.653219,3.535859,4.163073,4.495063
7:30:53 AM,1.653219,3.535859,4.163073,4.495063
7:30:53 AM,1.653219,3.535859,4.163073,4.495063
7:30:53 AM,1.653219,3.535859,4.163073,4.495063
7:30:53 AM,1.653219,3.535859,4.163073,4.495063
7:30:53 AM,1.653244,3.535859,4.163073,4.495063
7:30:53 AM,1.653244,3.535859,4.163073,4.495063
7:30:53 AM,1.653219,3.535859,4.163073,4.495063
7:30:53 AM,1.653244,3.53589,4.163071,4.495046
7:30:53 AM,1.653219,3.535859,4.163073,4.495063
7:30:53 AM,1.653219,3.535885,4.163073,4.495063
7:30:53 AM,1.653219,3.535885,4.163095,4.495083
7:30:53 AM,1.653219,3.535885,4.163095,4.495083
7:30:53 AM,1.653219,3.535885,4.163095,4.495083
7:30:53 AM,1.653219,3.535885,4.163095,4.495083
7:30:53 AM,1.653219,3.535859,4.163095,4.495083
7:30:53 AM,1.653219,3.535885,4.163095,4.495083
7:30:53 AM,1.653219,3.535885,4.163095,4.495083
7:30:53 AM,1.653219,3.535885,4.163095,4.495083
7:30:53 AM,1.653219,3.535885,4.163095,4.495083
7:30:53 AM,1.653219,3.535859,4.163095,4.495083
7:30:53 AM,1.653219,3.535885,4.163095,4.495083
7:30:53 AM,1.653219,3.535885,4.163095,4.495083
7:30:53 AM,1.653219,3.535885,4.163095,4.495083
7:30:53 AM,1.653219,3.535885,4.163095,4.495083
7:30:53 AM,1.653219,3.535885,4.163095,4.495083
7:30:53 AM,1.653219,3.535885,4.163095,4.495083
7:30:53 AM,1.653219,3.535885,4.163095,4.495083
7:30:53 AM,1.653219,3.535885,4.163095,4.495083
7:30:53 AM,1.653219,3.535885,4.163095,4.495083
7:30:53 AM,1.653219,3.535885,4.163095,4.495063
7:30:53 AM,1.653219,3.535885,4.163095,4.495063
7:30:53 AM,1.653219,3.535885,4.163073,4.495063
7:30:53 AM,1.653219,3.535864,4.163097,4.495046
7:30:53 AM,1.653244,3.53589,4.163071,4.495046
7:30:54 AM,1.653219,3.53589,4.163095,4.495046
7:30:54 AM,1.653244,3.535833,4.163119,4.495046
7:30:54 AM,1.653194,3.535864,4.163073,4.495046
7:30:54 AM,1.653194,3.535833,4.163119,4.495048
7:30:54 AM,1.653244,3.535833,4.163073,4.495046
7:30:54 AM,1.653219,3.535864,4.163097,4.495063
7:30:54 AM,1.653244,3.535833,4.163073,4.495046
7:30:54 AM,1.65322,3.535833,4.163097,4.495046
7:30:54 AM,1.653219,3.535859,4.163119,4.495046
7:30:54 AM,1.653194,3.535833,4.163097,4.495046
7:30:54 AM,1.653244,3.535864,4.163119,4.495026
7:30:54 AM,1.65322,3.535833,4.163073,4.495046
7:30:54 AM,1.653244,3.535833,4.163119,4.495046
7:30:54 AM,1.653219,3.535838,4.163119,4.495026
7:30:54 AM,1.653194,3.535807,4.163095,4.495046
7:30:54 AM,1.653244,3.535833,4.163097,4.495046
7:30:54 AM,1.65322,3.535833,4.163097,4.495046
7:30:54 AM,1.653219,3.535833,4.163097,4.495046
7:30:54 AM,1.653219,3.535864,4.163097,4.495046
7:30:54 AM,1.653219,3.535864,4.163119,4.495026
7:30:54 AM,1.653219,3.535864,4.163073,4.495063
7:30:54 AM,1.653219,3.535833,4.163119,4.495026
7:30:54 AM,1.653244,3.535859,4.163119,4.495063
7:30:54 AM,1.653219,3.535859,4.163119,4.495063
7:30:54 AM,1.653244,3.535864,4.163097,4.495046
7:30:54 AM,1.65322,3.535833,4.163073,4.495026
7:30:54 AM,1.65322,3.535833,4.163097,4.495063
7:30:54 AM,1.653219,3.535833,4.163097,4.495026
7:30:54 AM,1.653219,3.535833,4.163097,4.495046
7:30:54 AM,1.653244,3.535833,4.163073,4.495046
7:30:54 AM,1.653244,3.535833,4.163097,4.495026
7:30:54 AM,1.653244,3.535833,4.163119,4.495046
7:30:54 AM,1.653244,3.535833,4.163097,4.495046
7:30:54 AM,1.653194,3.535864,4.163097,4.495026
7:30:54 AM,1.653244,3.535833,4.163095,4.495046
7:30:54 AM,1.65322,3.535833,4.163097,4.495029
7:30:54 AM,1.65322,3.535864,4.163095,4.495046
7:30:54 AM,1.65322,3.535833,4.163097,4.495046
7:30:54 AM,1.65322,3.535833,4.163119,4.495046
7:30:54 AM,1.653244,3.535833,4.163119,4.495046
7:30:54 AM,1.653219,3.535833,4.163073,4.495046
7:30:54 AM,1.653244,3.535807,4.163095,4.495083
7:30:54 AM,1.65322,3.535859,4.163073,4.495046
7:30:54 AM,1.653244,3.535864,4.163097,4.495063
7:30:54 AM,1.653219,3.535864,4.163097,4.495046
7:30:54 AM,1.653219,3.535833,4.163073,4.495029
7:30:54 AM,1.653244,3.535859,4.163119,4.495046
7:30:54 AM,1.653219,3.535833,4.163095,4.495046
7:30:54 AM,1.653219,3.535859,4.163095,4.495063
7:30:54 AM,1.653194,3.535864,4.163097,4.495046
7:30:54 AM,1.653244,3.535864,4.163095,4.495046
7:30:54 AM,1.653244,3.53589,4.163095,4.495046
7:30:54 AM,1.653244,3.535833,4.163095,4.495046
7:30:54 AM,1.653244,3.535833,4.163095,4.495046
7:30:54 AM,1.653244,3.535864,4.163095,4.495046
7:30:54 AM,1.653244,3.535833,4.163095,4.495046
7:30:54 AM,1.653244,3.535833,4.163095,4.495046
7:30:54 AM,1.653219,3.535833,4.163095,4.495046
7:30:54 AM,1.653219,3.535859,4.163095,4.495046
7:30:54 AM,1.653219,3.535859,4.163095,4.495046
7:30:54 AM,1.653219,3.535859,4.163095,4.495046
7:30:54 AM,1.653219,3.535833,4.163095,4.495046
7:30:54 AM,1.653219,3.535859,4.163095,4.495046
7:30:54 AM,1.653219,3.535859,4.163095,4.495046
7:30:54 AM,1.653219,3.535859,4.163095,4.495046
7:30:54 AM,1.653219,3.535859,4.163095,4.495046
7:30:54 AM,1.653219,3.53589,4.163095,4.495046
7:30:54 AM,1.653219,3.53589,4.163095,4.495046
7:30:54 AM,1.653219,3.53589,4.163095,4.495046
7:30:54 AM,1.653219,3.53589,4.163095,4.495046
7:30:54 AM,1.653219,3.53589,4.163095,4.495046
7:30:54 AM,1.653244,3.535833,4.163095,4.495046
7:30:54 AM,1.653219,3.53589,4.163071,4.495046
7:30:54 AM,1.653244,3.535833,4.163095,4.495046
7:30:54 AM,1.653244,3.535864,4.163095,4.495046
7:30:54 AM,1.653244,3.535833,4.163119,4.495046
7:30:54 AM,1.653219,3.535833,4.163097,4.495046
7:30:54 AM,1.653219,3.535833,4.163073,4.495029
7:30:54 AM,1.653219,3.535859,4.163119,4.495046
7:30:54 AM,1.653244,3.535833,4.163095,4.495046
7:30:54 AM,1.653244,3.535833,4.163097,4.495046
7:30:54 AM,1.653244,3.535833,4.163097,4.495046
7:30:54 AM,1.653244,3.535833,4.163073,4.495046
7:30:54 AM,1.653219,3.535833,4.163073,4.495046
7:30:54 AM,1.653219,3.535833,4.163073,4.495046
7:30:54 AM,1.653244,3.535833,4.163073,4.495046
7:30:54 AM,1.653244,3.535833,4.163095,4.495046
7:30:54 AM,1.653244,3.535833,4.163095,4.495046
7:30:54 AM,1.653244,3.535833,4.163095,4.495046
7:30:54 AM,1.653244,3.535833,4.163095,4.495046
7:30:54 AM,1.653244,3.535833,4.163095,4.495046
7:30:54 AM,1.653244,3.535833,4.163095,4.495046
7:30:54 AM,1.653244,3.535833,4.163095,4.495046
7:30:54 AM,1.653244,3.535833,4.163095,4.495046
7:30:54 AM,1.653244,3.535833,4.163095,4.495046
7:30:54 AM,1.653244,3.535833,4.163095,4.495046
7:30:54 AM,1.653244,3.535833,4.163095,4.495046
7:30:54 AM,1.653219,3.53589,4.163095,4.495046
7:30:54 AM,1.653219,3.535833,4.163097,4.495026
7:30:54 AM,1.653244,3.535864,4.163119,4.495046
7:30:54 AM,1.653244,3.535916,4.16305,4.495029
7:30:54 AM,1.653244,3.53589,4.16305,4.495029
7:30:54 AM,1.653244,3.53589,4.16305,4.495029
7:30:54 AM,1.653244,3.53589,4.16305,4.495029
7:30:54 AM,1.653244,3.53589,4.163073,4.495029
7:30:54 AM,1.653244,3.53589,4.163073,4.495029
7:30:54 AM,1.653244,3.53589,4.163073,4.495029
7:30:54 AM,1.653244,3.53589,4.163073,4.495029
7:30:54 AM,1.653244,3.53589,4.163073,4.495046
7:30:54 AM,1.653244,3.535916,4.163049,4.495048
7:30:54 AM,1.653244,3.535916,4.163049,4.495048
7:30:54 AM,1.653244,3.535885,4.163073,4.495029
7:30:54 AM,1.653244,3.535916,4.163071,4.495029
7:30:54 AM,1.653244,3.53589,4.163073,4.495065
7:30:54 AM,1.653194,3.535921,4.163071,4.495029
7:30:54 AM,1.653244,3.53589,4.163071,4.495065
7:30:54 AM,1.653194,3.535916,4.163073,4.495029
7:30:54 AM,1.653219,3.535921,4.163049,4.495029
7:30:54 AM,1.653244,3.535859,4.163073,4.495046
7:30:54 AM,1.653244,3.535916,4.163073,4.495029
7:30:54 AM,1.653219,3.53589,4.163073,4.495029
7:30:54 AM,1.653244,3.53589,4.16305,4.495029
7:30:54 AM,1.65322,3.535885,4.163073,4.495029
7:30:54 AM,1.653219,3.53589,4.16305,4.495029
7:30:54 AM,1.653219,3.535916,4.16305,4.495029
7:30:54 AM,1.653219,3.53589,4.16305,4.495029
7:30:54 AM,1.653219,3.53589,4.16305,4.495029
7:30:54 AM,1.653219,3.53589,4.16305,4.495029
7:30:54 AM,1.653219,3.53589,4.16305,4.495029
7:30:54 AM,1.653219,3.53589,4.16305,4.495029
7:30:54 AM,1.653219,3.53589,4.16305,4.495029
7:30:54 AM,1.653219,3.53589,4.16305,4.495029
7:30:54 AM,1.653219,3.53589,4.16305,4.495029
7:30:54 AM,1.653219,3.53589,4.16305,4.495029
7:30:54 AM,1.653219,3.53589,4.16305,4.495029
7:30:54 AM,1.653219,3.53589,4.16305,4.495029
7:30:54 AM,1.653219,3.53589,4.16305,4.495029
7:30:54 AM,1.653244,3.53589,4.16305,4.495029
7:30:54 AM,1.653219,3.53589,4.16305,4.495029
7:30:54 AM,1.653219,3.53589,4.16305,4.495029
7:30:54 AM,1.653219,3.53589,4.16305,4.495029
7:30:54 AM,1.653219,3.53589,4.16305,4.495029
7:30:54 AM,1.653219,3.53589,4.16305,4.495029
7:30:54 AM,1.653219,3.53589,4.16305,4.495029
7:30:54 AM,1.653219,3.53589,4.16305,4.495029
7:30:54 AM,1.653244,3.535916,4.16305,4.495029
7:30:54 AM,1.653244,3.53589,4.16305,4.495029
7:30:54 AM,1.653244,3.53589,4.16305,4.495029
7:30:54 AM,1.653244,3.53589,4.163073,4.495029
7:30:54 AM,1.653244,3.535916,4.163095,4.495029
7:30:54 AM,1.653244,3.53589,4.163095,4.495029
7:30:54 AM,1.653244,3.535916,4.163049,4.495029
7:30:54 AM,1.653219,3.535921,4.163073,4.495029
7:30:54 AM,1.653244,3.53589,4.163049,4.495029
7:30:54 AM,1.653244,3.535885,4.163049,4.495029
7:30:54 AM,1.653244,3.535916,4.163049,4.495029
7:30:54 AM,1.653244,3.535916,4.163073,4.495048
7:30:54 AM,1.653244,3.53589,4.163026,4.495029
7:30:54 AM,1.653244,3.535916,4.163073,4.495029
7:30:54 AM,1.653244,3.535885,4.163049,4.495029
7:30:54 AM,1.65322,3.535916,4.163026,4.495029
7:30:54 AM,1.653244,3.53589,4.163049,4.495048
7:30:54 AM,1.653244,3.535916,4.163049,4.495029
7:30:54 AM,1.65322,3.53589,4.163073,4.495046
7:30:54 AM,1.65322,3.53589,4.163049,4.495029
7:30:54 AM,1.653244,3.53589,4.163049,4.495046
7:30:54 AM,1.653194,3.535916,4.163073,4.495029
7:30:54 AM,1.653269,3.53589,4.163073,4.495029
7:30:54 AM,1.653244,3.535916,4.163073,4.495029
7:30:54 AM,1.653244,3.535859,4.163073,4.495048
7:30:54 AM,1.653244,3.535833,4.163097,4.495046
7:30:54 AM,1.653194,3.53589,4.163049,4.495046
7:30:54 AM,1.653244,3.535859,4.163071,4.495029
7:30:54 AM,1.653244,3.535916,4.163073,4.495029
7:30:54 AM,1.653244,3.53589,4.163049,4.495029
7:30:54 AM,1.653244,3.53589,4.163049,4.495029
7:30:54 AM,1.653244,3.53589,4.163049,4.495029
7:30:54 AM,1.653219,3.535916,4.163049,4.495029
7:30:54 AM,1.653244,3.535916,4.163049,4.495029
7:30:54 AM,1.653219,3.53589,4.163073,4.495048
7:30:54 AM,1.653219,3.535859,4.163049,4.495029
7:30:54 AM,1.653244,3.53589,4.163073,4.495046
7:30:54 AM,1.653244,3.53589,4.163073,4.495029
7:30:54 AM,1.653219,3.535916,4.163073,4.495048
7:30:54 AM,1.653219,3.53589,4.163073,4.495029
7:30:54 AM,1.653219,3.535916,4.163049,4.495046
7:30:54 AM,1.653219,3.53589,4.163071,4.495029
7:30:54 AM,1.653219,3.535916,4.163073,4.495046
7:30:54 AM,1.653219,3.535916,4.163073,4.495048
7:30:54 AM,1.653244,3.535885,4.163095,4.495048
7:30:54 AM,1.653219,3.53589,4.163073,4.495029
7:30:54 AM,1.653219,3.535916,4.163049,4.495048
7:30:54 AM,1.653219,3.535885,4.163071,4.495029
7:30:54 AM,1.653219,3.53589,4.163073,4.495029
7:30:54 AM,1.653244,3.53589,4.163073,4.495046
7:30:54 AM,1.653244,3.53589,4.163095,4.495048
7:30:54 AM,1.653244,3.535916,4.163073,4.495046
7:30:54 AM,1.653219,3.535833,4.163097,4.495046
7:30:54 AM,1.653244,3.535916,4.16305,4.495029
7:30:54 AM,1.653244,3.535916,4.16305,4.495029
7:30:54 AM,1.653244,3.535833,4.163097,4.495046
7:30:55 AM,1.653244,3.535833,4.163097,4.495046
7:30:55 AM,1.653244,3.535864,4.163097,4.495046
7:30:55 AM,1.653244,3.535864,4.163097,4.495046
7:30:55 AM,1.653244,3.535859,4.163097,4.495046
7:30:55 AM,1.653244,3.535859,4.163097,4.495046
7:30:55 AM,1.653244,3.535859,4.163097,4.495046
7:30:55 AM,1.653244,3.535859,4.163097,4.495046
7:30:55 AM,1.653244,3.535859,4.163097,4.495046
7:30:55 AM,1.653244,3.535859,4.163075,4.495046
7:30:55 AM,1.653244,3.535859,4.163075,4.495029
7:30:55 AM,1.653244,3.535859,4.163075,4.495029
7:30:55 AM,1.653244,3.535859,4.163075,4.495048
7:30:55 AM,1.653244,3.535859,4.163075,4.495048
7:30:55 AM,1.653244,3.535859,4.163075,4.495048
7:30:55 AM,1.653244,3.535859,4.163075,4.495048
7:30:55 AM,1.653244,3.535859,4.163075,4.495048
7:30:55 AM,1.653244,3.535859,4.163075,4.495048
7:30:55 AM,1.653244,3.535859,4.163075,4.495048
7:30:55 AM,1.653244,3.535859,4.163075,4.495048
7:30:55 AM,1.653244,3.535859,4.163075,4.495048
7:30:55 AM,1.653244,3.535833,4.163097,4.495046
7:30:55 AM,1.653219,3.535859,4.163075,4.495048
7:30:55 AM,1.653244,3.535833,4.163097,4.495046
7:30:55 AM,1.653244,3.535833,4.163097,4.495046
7:30:55 AM,1.653244,3.535833,4.163119,4.495046
7:30:55 AM,1.653244,3.535833,4.163097,4.495046
7:30:55 AM,1.653244,3.535833,4.163097,4.495046
7:30:55 AM,1.653244,3.535833,4.163097,4.495046
7:30:55 AM,1.653244,3.535833,4.163097,4.495046
7:30:55 AM,1.653244,3.535833,4.163119,4.495046
7:30:55 AM,1.653244,3.535833,4.163097,4.495046
7:30:55 AM,1.653244,3.535833,4.163097,4.495046
7:30:55 AM,1.653244,3.535833,4.163097,4.495046
7:30:55 AM,1.653244,3.535833,4.163097,4.495046
7:30:55 AM,1.653244,3.535833,4.163097,4.495046
7:30:55 AM,1.653244,3.535833,4.163097,4.495046
7:30:55 AM,1.653244,3.535833,4.163097,4.495046
7:30:55 AM,1.653244,3.535833,4.163097,4.495046
7:30:55 AM,1.653244,3.535833,4.163097,4.495046
7:30:55 AM,1.653244,3.535833,4.163097,4.495046
7:30:55 AM,1.653244,3.535833,4.163097,4.495046
7:30:55 AM,1.653244,3.535833,4.163097,4.495046
7:30:55 AM,1.653244,3.535833,4.163097,4.495046
7:30:55 AM,1.653244,3.535833,4.163097,4.495046
7:30:55 AM,1.653244,3.535833,4.163097,4.495046
7:30:55 AM,1.653244,3.535833,4.163097,4.495046
7:30:55 AM,1.653244,3.535916,4.16305,4.495029
7:30:55 AM,1.653219,3.535859,4.163075,4.495048
7:30:55 AM,1.653219,3.535859,4.163075,4.495029
7:30:55 AM,1.653244,3.535859,4.16305,4.495029
7:30:55 AM,1.653244,3.535859,4.16305,4.495029
7:30:55 AM,1.653244,3.535859,4.16305,4.495029
7:30:55 AM,1.653244,3.535859,4.16305,4.495029
7:30:55 AM,1.653244,3.535859,4.16305,4.495029
7:30:55 AM,1.653244,3.535859,4.16305,4.495029
7:30:55 AM,1.653244,3.535859,4.16305,4.495029
7:30:55 AM,1.653244,3.53589,4.16305,4.495029
7:30:55 AM,1.653244,3.53589,4.16305,4.495029
7:30:55 AM,1.653244,3.53589,4.16305,4.495029
7:30:55 AM,1.653244,3.535859,4.16305,4.495029
7:30:55 AM,1.653244,3.53589,4.16305,4.495029
7:30:55 AM,1.653244,3.535916,4.16305,4.495029
7:30:55 AM,1.653244,3.535916,4.16305,4.495029
7:30:55 AM,1.653244,3.535916,4.16305,4.495029
7:30:55 AM,1.653244,3.535916,4.16305,4.495029
7:30:55 AM,1.653219,3.535916,4.16305,4.495029
7:30:55 AM,1.653219,3.535916,4.16305,4.495029
7:30:55 AM,1.653244,3.535916,4.16305,4.495029
7:30:55 AM,1.653244,3.535916,4.16305,4.495029
7:30:55 AM,1.653244,3.535916,4.16305,4.495029
7:30:55 AM,1.653244,3.535859,4.16305,4.495029
7:30:55 AM,1.653219,3.535859,4.163075,4.495048
7:30:55 AM,1.653219,3.535859,4.16305,4.495029
7:30:55 AM,1.653219,3.535859,4.16305,4.495029
7:30:55 AM,1.653219,3.535859,4.163075,4.495029
7:30:55 AM,1.653219,3.535859,4.163075,4.495029
7:30:55 AM,1.653219,3.535859,4.163075,4.495029
7:30:55 AM,1.653219,3.535859,4.163075,4.495029
7:30:55 AM,1.653219,3.535859,4.163075,4.495029
7:30:55 AM,1.653244,3.535859,4.163075,4.495029
7:30:55 AM,1.653244,3.535859,4.163075,4.495029
7:30:55 AM,1.653244,3.535859,4.163075,4.495029
7:30:55 AM,1.653244,3.535859,4.163075,4.495029
7:30:55 AM,1.653244,3.535859,4.163075,4.495029
7:30:55 AM,1.653244,3.535859,4.163075,4.495029
7:30:55 AM,1.653244,3.535859,4.163075,4.495029
7:30:55 AM,1.653244,3.535859,4.163075,4.495048
7:30:55 AM,1.653244,3.535859,4.16305,4.495029
7:30:55 AM,1.653244,3.535859,4.16305,4.495029
7:30:55 AM,1.653244,3.535859,4.16305,4.495029
7:30:55 AM,1.653244,3.535859,4.16305,4.495029
7:30:55 AM,1.653244,3.535859,4.163075,4.495029
7:30:55 AM,1.653244,3.535859,4.16305,4.495029
7:30:55 AM,1.653244,3.535859,4.163075,4.495029
7:30:55 AM,1.653244,3.535859,4.163075,4.495029
7:30:55 AM,1.653219,3.535859,4.16305,4.495029
7:30:55 AM,1.653244,3.535916,4.16305,4.495029
7:30:55 AM,1.653219,3.535833,4.163097,4.495046
7:30:55 AM,1.653244,3.535833,4.163097,4.495046
7:30:55 AM,1.653244,3.535916,4.163118,4.495046
7:30:55 AM,1.653244,3.535916,4.163095,4.495046
7:30:55 AM,1.653244,3.535916,4.163095,4.495046
7:30:55 AM,1.653244,3.535916,4.163095,4.495046
7:30:55 AM,1.653244,3.535916,4.163095,4.495046
7:30:55 AM,1.653244,3.535916,4.163095,4.495046
7:30:55 AM,1.653244,3.535916,4.163095,4.495046
7:30:55 AM,1.653244,3.535916,4.163118,4.495046
7:30:55 AM,1.653244,3.535916,4.163118,4.495046
7:30:55 AM,1.653244,3.535916,4.163118,4.495046
7:30:55 AM,1.653244,3.535916,4.163118,4.495046
7:30:55 AM,1.653244,3.535916,4.163118,4.495046
7:30:55 AM,1.653244,3.535916,4.163118,4.495046
7:30:55 AM,1.653244,3.535916,4.163118,4.495046
7:30:55 AM,1.653244,3.53589,4.163118,4.495046
7:30:55 AM,1.653244,3.53589,4.163118,4.495046
7:30:55 AM,1.653244,3.535916,4.163118,4.495046
7:30:55 AM,1.653244,3.535916,4.163118,4.495046
7:30:55 AM,1.653244,3.535916,4.163118,4.495046
7:30:55 AM,1.653244,3.535916,4.163118,4.495046
7:30:55 AM,1.653244,3.535916,4.163118,4.495046
7:30:55 AM,1.653244,3.535916,4.163118,4.495065
7:30:55 AM,1.653244,3.535916,4.163118,4.495046
7:30:55 AM,1.653244,3.535916,4.163095,4.495065
7:30:55 AM,1.653244,3.535916,4.163095,4.495065
7:30:55 AM,1.653244,3.535916,4.163095,4.495046
7:30:55 AM,1.653244,3.535916,4.163095,4.495046
7:30:55 AM,1.653244,3.535916,4.163071,4.495046
7:30:55 AM,1.653244,3.535916,4.163071,4.495046
7:30:55 AM,1.653244,3.535916,4.163071,4.495046
7:30:55 AM,1.653219,3.535916,4.163071,4.495065
7:30:55 AM,1.653219,3.535916,4.163071,4.495065
7:30:55 AM,1.653244,3.535916,4.163071,4.495065
7:30:55 AM,1.653244,3.535916,4.163071,4.495065
7:30:55 AM,1.653244,3.535916,4.163095,4.495065
7:30:55 AM,1.653244,3.535916,4.163095,4.495065
7:30:55 AM,1.653244,3.535916,4.163095,4.495065
7:30:55 AM,1.653244,3.535916,4.163095,4.495065
7:30:55 AM,1.653244,3.535916,4.163095,4.495065
7:30:55 AM,1.653244,3.535916,4.163095,4.495065
7:30:55 AM,1.653244,3.535916,4.163095,4.495065
7:30:55 AM,1.653244,3.535916,4.163095,4.495048
7:30:55 AM,1.653244,3.535916,4.163071,4.495065
7:30:55 AM,1.653244,3.535916,4.163095,4.495065
7:30:55 AM,1.653244,3.535916,4.163071,4.495065
7:30:55 AM,1.653244,3.535916,4.163095,4.495065
7:30:55 AM,1.653244,3.535916,4.163118,4.495065
7:30:55 AM,1.653244,3.535916,4.163118,4.495046
7:30:55 AM,1.653244,3.535916,4.163118,4.495046
7:30:55 AM,1.653244,3.535916,4.163118,4.495046
7:30:55 AM,1.653244,3.53589,4.163095,4.495046
7:30:55 AM,1.653244,3.53589,4.163095,4.495046
7:30:55 AM,1.653244,3.535916,4.163095,4.495046
7:30:55 AM,1.653244,3.535916,4.163095,4.495046
7:30:55 AM,1.653244,3.53589,4.163095,4.495046
7:30:55 AM,1.653244,3.53589,4.163095,4.495046
7:30:55 AM,1.653244,3.53589,4.163095,4.495046
7:30:55 AM,1.65322,3.53589,4.163095,4.495046
7:30:55 AM,1.65322,3.53589,4.163095,4.495046
7:30:55 AM,1.65322,3.53589,4.163095,4.495046
7:30:55 AM,1.653244,3.535916,4.163095,4.495046
7:30:55 AM,1.653244,3.535916,4.163095,4.495029
7:30:55 AM,1.653244,3.535916,4.163095,4.495029
7:30:55 AM,1.653244,3.535916,4.163095,4.495029
7:30:55 AM,1.653244,3.53589,4.163095,4.495029
7:30:55 AM,1.653244,3.53589,4.163073,4.495029
7:30:55 AM,1.653244,3.53589,4.163073,4.495029
7:30:55 AM,1.653244,3.53589,4.163073,4.495029
7:30:55 AM,1.653244,3.53589,4.163073,4.495029
7:30:55 AM,1.653244,3.53589,4.163073,4.495029
7:30:55 AM,1.653244,3.53589,4.163073,4.495029
7:30:55 AM,1.653244,3.53589,4.163095,4.495046
7:30:55 AM,1.653244,3.535916,4.163095,4.495046
7:30:55 AM,1.653244,3.535916,4.163095,4.495046
7:30:55 AM,1.653244,3.535916,4.163095,4.495046
7:30:55 AM,1.653244,3.535916,4.163118,4.495046
7:30:55 AM,1.653244,3.535947,4.163118,4.495046
7:30:55 AM,1.653244,3.535947,4.163118,4.495046
7:30:55 AM,1.653244,3.535916,4.163118,4.495046
7:30:55 AM,1.653244,3.535916,4.163118,4.495046
7:30:55 AM,1.653244,3.535916,4.163118,4.495046
7:30:55 AM,1.653244,3.535916,4.163118,4.495046
7:30:55 AM,1.653244,3.535916,4.163095,4.495046
7:30:55 AM,1.653244,3.535947,4.163095,4.495046
7:30:55 AM,1.653244,3.535916,4.163095,4.495046
7:30:55 AM,1.653244,3.535916,4.163095,4.495046
7:30:55 AM,1.653244,3.535916,4.163095,4.495046
7:30:55 AM,1.653244,3.535916,4.163095,4.495046
7:30:55 AM,1.653244,3.535916,4.163095,4.495046
7:30:55 AM,1.653244,3.535916,4.163095,4.495046
7:30:55 AM,1.653244,3.535916,4.163095,4.495046
7:30:55 AM,1.653244,3.535916,4.163118,4.495046
7:30:55 AM,1.653244,3.535916,4.163095,4.495046
7:30:55 AM,1.653244,3.535916,4.163095,4.495046
7:30:55 AM,1.653244,3.535916,4.163095,4.495046
7:30:55 AM,1.653244,3.535916,4.163095,4.495046
7:30:55 AM,1.653244,3.535916,4.163095,4.495046
7:30:55 AM,1.653244,3.535916,4.163095,4.495046
7:30:55 AM,1.653244,3.535916,4.163095,4.495046
7:30:55 AM,1.653244,3.535916,4.163095,4.495046
7:30:55 AM,1.653244,3.535916,4.163095,4.495046
7:30:56 AM,1.653244,3.535859,4.163119,4.495029
7:30:56 AM,1.653269,3.535859,4.163119,4.495029
7:30:56 AM,1.653219,3.535859,4.163095,4.495048
7:30:56 AM,1.653244,3.535885,4.163095,4.495046
7:30:56 AM,1.653244,3.535859,4.163119,4.495029
7:30:56 AM,1.653219,3.535859,4.163095,4.495048
7:30:56 AM,1.653244,3.535859,4.163118,4.495048
7:30:56 AM,1.653244,3.53589,4.163119,4.495048
7:30:56 AM,1.653244,3.535859,4.163119,4.495029
7:30:56 AM,1.653244,3.535885,4.163095,4.495065
7:30:56 AM,1.653244,3.53589,4.163095,4.495046
7:30:56 AM,1.653244,3.535859,4.163119,4.495048
7:30:56 AM,1.653244,3.535859,4.163095,4.495046
7:30:56 AM,1.653219,3.535859,4.163095,4.495065
7:30:56 AM,1.653219,3.535859,4.163095,4.495029
7:30:56 AM,1.653244,3.535916,4.163097,4.495046
7:30:56 AM,1.653219,3.535859,4.163119,4.495029
7:30:56 AM,1.653244,3.535859,4.163095,4.495048
7:30:56 AM,1.653269,3.535885,4.163095,4.495048
7:30:56 AM,1.653269,3.535885,4.163119,4.495029
7:30:56 AM,1.653219,3.53589,4.163095,4.495048
7:30:56 AM,1.653269,3.535885,4.163095,4.495065
7:30:56 AM,1.653244,3.535885,4.163118,4.495029
7:30:56 AM,1.653244,3.535885,4.163095,4.495065
7:30:56 AM,1.653219,3.535885,4.163095,4.495029
7:30:56 AM,1.653244,3.535859,4.163118,4.495046
7:30:56 AM,1.653219,3.535859,4.163119,4.495048
7:30:56 AM,1.653244,3.535885,4.163095,4.495048
7:30:56 AM,1.653219,3.535885,4.163119,4.495046
7:30:56 AM,1.653244,3.535859,4.163095,4.495048
7:30:56 AM,1.653244,3.535859,4.163095,4.495046
7:30:56 AM,1.653269,3.535859,4.163095,4.495029
7:30:56 AM,1.653244,3.53589,4.163118,4.495048
7:30:56 AM,1.653244,3.53589,4.163119,4.495046
7:30:56 AM,1.653219,3.535885,4.163095,4.495046
7:30:56 AM,1.653219,3.53589,4.163119,4.495029
7:30:56 AM,1.653244,3.53589,4.163119,4.495048
7:30:56 AM,1.653244,3.535885,4.163095,4.495046
7:30:56 AM,1.653219,3.53589,4.163119,4.495046
7:30:56 AM,1.653244,3.535859,4.163119,4.495046
7:30:56 AM,1.653244,3.53589,4.163095,4.495029
7:30:56 AM,1.653244,3.535859,4.163119,4.495029
7:30:56 AM,1.653244,3.535859,4.163095,4.495029
7:30:56 AM,1.653269,3.53589,4.163095,4.495029
7:30:56 AM,1.653219,3.535859,4.163118,4.495029
7:30:56 AM,1.653269,3.535859,4.163095,4.495046
7:30:56 AM,1.653244,3.535859,4.163095,4.495065
7:30:56 AM,1.653219,3.535885,4.163118,4.495048
7:30:56 AM,1.653244,3.535859,4.163095,4.495048
7:30:56 AM,1.653219,3.535885,4.163095,4.495029
7:30:56 AM,1.653269,3.535885,4.163095,4.495065
7:30:56 AM,1.653219,3.535859,4.163095,4.495029
7:30:56 AM,1.653219,3.535859,4.163095,4.495029
7:30:56 AM,1.653219,3.535859,4.163095,4.495029
7:30:56 AM,1.653219,3.535859,4.163095,4.495029
7:30:56 AM,1.653244,3.535859,4.163095,4.495029
7:30:56 AM,1.653244,3.53589,4.163095,4.495046
7:30:56 AM,1.653244,3.53589,4.163095,4.495029
7:30:56 AM,1.653244,3.53589,4.163095,4.495029
7:30:56 AM,1.653219,3.53589,4.163095,4.495029
7:30:56 AM,1.653219,3.53589,4.163095,4.495029
7:30:56 AM,1.653244,3.53589,4.163095,4.495029
7:30:56 AM,1.653244,3.53589,4.163095,4.495046
7:30:56 AM,1.653244,3.535916,4.163095,4.495046
7:30:56 AM,1.653219,3.535916,4.163095,4.495046
7:30:56 AM,1.653219,3.535916,4.163118,4.495046
7:30:56 AM,1.653219,3.535916,4.163118,4.495046
7:30:56 AM,1.653244,3.535916,4.163118,4.495046
7:30:56 AM,1.653244,3.535916,4.163118,4.495046
7:30:56 AM,1.653244,3.535916,4.163095,4.495046
7:30:56 AM,1.653244,3.535916,4.163118,4.495046
7:30:56 AM,1.653244,3.535916,4.163095,4.495046
7:30:56 AM,1.653244,3.535859,4.163095,4.495029
7:30:56 AM,1.653244,3.535859,4.163095,4.495029
7:30:56 AM,1.653244,3.535916,4.163095,4.495029
7:30:56 AM,1.653244,3.535859,4.163095,4.495046
7:30:56 AM,1.653219,3.53589,4.163142,4.495065
7:30:56 AM,1.653244,3.535859,4.163119,4.495065
7:30:56 AM,1.653244,3.535859,4.163142,4.495029
7:30:56 AM,1.653219,3.535859,4.163095,4.495048
7:30:56 AM,1.653219,3.535859,4.163118,4.495046
7:30:56 AM,1.653244,3.535885,4.163095,4.495046
7:30:56 AM,1.653244,3.535885,4.163095,4.495029
7:30:56 AM,1.653244,3.53589,4.163095,4.495048
7:30:56 AM,1.653219,3.535885,4.163095,4.495048
7:30:56 AM,1.653219,3.53589,4.163095,4.495065
7:30:56 AM,1.653244,3.535859,4.163118,4.495029
7:30:56 AM,1.653244,3.53589,4.163095,4.495048
7:30:56 AM,1.653269,3.535859,4.163095,4.495029
7:30:56 AM,1.653219,3.535916,4.163095,4.495029
7:30:56 AM,1.653269,3.535859,4.163095,4.495029
7:30:56 AM,1.653244,3.535885,4.163118,4.495029
7:30:56 AM,1.653219,3.535916,4.163118,4.495065
7:30:56 AM,1.653244,3.535859,4.163119,4.495046
7:30:56 AM,1.653219,3.535859,4.163095,4.495046
7:30:56 AM,1.653219,3.535859,4.163095,4.495048
7:30:56 AM,1.653269,3.535859,4.163095,4.495048
7:30:56 AM,1.653219,3.53589,4.163119,4.495046
7:30:56 AM,1.653244,3.535859,4.163095,4.495048
7:30:56 AM,1.653244,3.535859,4.163095,4.495029
7:30:56 AM,1.653244,3.535885,4.163097,4.495029
7:30:56 AM,1.653244,3.535859,4.163095,4.495029
7:30:56 AM,1.653244,3.535916,4.16305,4.495046
7:30:56 AM,1.653244,3.535916,4.16305,4.495046
7:30:56 AM,1.653244,3.535916,4.16305,4.495046
7:30:56 AM,1.653244,3.535916,4.16305,4.495046
7:30:56 AM,1.653244,3.535885,4.16305,4.495029
7:30:56 AM,1.653219,3.535885,4.16305,4.495046
7:30:56 AM,1.65322,3.535885,4.16305,4.495029
7:30:56 AM,1.65322,3.53589,4.163073,4.495046
7:30:56 AM,1.653244,3.535916,4.163097,4.495046
7:30:56 AM,1.65322,3.535885,4.16305,4.495009
7:30:56 AM,1.653219,3.535885,4.16305,4.495026
7:30:56 AM,1.65322,3.535885,4.16305,4.495046
7:30:56 AM,1.65322,3.535885,4.163073,4.495029
7:30:56 AM,1.653219,3.53589,4.16305,4.495046
7:30:56 AM,1.653219,3.535916,4.16305,4.495046
7:30:56 AM,1.653219,3.535859,4.16305,4.495046
7:30:56 AM,1.653244,3.535916,4.16305,4.495026
7:30:56 AM,1.65322,3.535916,4.163073,4.495046
7:30:56 AM,1.653244,3.535916,4.16305,4.495046
7:30:56 AM,1.653219,3.535885,4.16305,4.495029
7:30:56 AM,1.653219,3.535885,4.163073,4.495029
7:30:56 AM,1.653244,3.535916,4.16305,4.495046
7:30:56 AM,1.653244,3.535859,4.163095,4.495029
7:30:56 AM,1.653244,3.535916,4.16305,4.495046
7:30:56 AM,1.653244,3.535916,4.16305,4.495046
7:30:56 AM,1.65322,3.535885,4.163073,4.495046
7:30:56 AM,1.65322,3.535885,4.163073,4.495046
7:30:56 AM,1.65322,3.535885,4.163073,4.495046
7:30:56 AM,1.65322,3.535885,4.163073,4.495046
7:30:56 AM,1.65322,3.535885,4.163073,4.495046
7:30:56 AM,1.65322,3.535885,4.163073,4.495046
7:30:56 AM,1.653244,3.535885,4.163073,4.495046
7:30:56 AM,1.653244,3.535885,4.163073,4.495046
7:30:56 AM,1.653244,3.535885,4.163073,4.495046
7:30:56 AM,1.653244,3.535885,4.163073,4.495046
7:30:56 AM,1.653244,3.535916,4.16305,4.495046
7:30:56 AM,1.653244,3.535916,4.16305,4.495046
7:30:56 AM,1.653244,3.535916,4.16305,4.495029
7:30:56 AM,1.653244,3.535916,4.16305,4.495029
7:30:56 AM,1.653244,3.535916,4.16305,4.495029
7:30:56 AM,1.653244,3.535916,4.16305,4.495029
7:30:56 AM,1.653244,3.535916,4.16305,4.495046
7:30:56 AM,1.653244,3.535916,4.16305,4.495046
7:30:56 AM,1.653244,3.535916,4.16305,4.495046
7:30:56 AM,1.653244,3.535916,4.16305,4.495046
7:30:56 AM,1.653244,3.535916,4.16305,4.495046
7:30:56 AM,1.653244,3.535916,4.16305,4.495046
7:30:56 AM,1.653219,3.535885,4.163097,4.495026
7:30:56 AM,1.65322,3.53589,4.16305,4.495046
7:30:56 AM,1.65322,3.53589,4.16305,4.495046
7:30:56 AM,1.653244,3.535916,4.163073,4.495029
7:30:56 AM,1.653244,3.535859,4.16305,4.495029
7:30:56 AM,1.65322,3.535916,4.16305,4.495046
7:30:56 AM,1.65322,3.535859,4.16305,4.495029
7:30:56 AM,1.65322,3.535885,4.163073,4.495029
7:30:56 AM,1.653194,3.535885,4.16305,4.495029
7:30:56 AM,1.653219,3.53589,4.16305,4.495026
7:30:56 AM,1.653219,3.535885,4.163075,4.495046
7:30:56 AM,1.65322,3.535916,4.163073,4.495026
7:30:56 AM,1.653194,3.535916,4.163075,4.495046
7:30:56 AM,1.653219,3.535859,4.16305,4.495046
7:30:56 AM,1.653219,3.535885,4.163073,4.495029
7:30:56 AM,1.65322,3.535916,4.163075,4.495026
7:30:56 AM,1.653194,3.535885,4.16305,4.495009
7:30:56 AM,1.653219,3.535916,4.16305,4.495046
7:30:56 AM,1.65322,3.535916,4.163026,4.495029
7:30:56 AM,1.65322,3.535885,4.163097,4.495009
7:30:56 AM,1.653194,3.535885,4.163073,4.495046
7:30:56 AM,1.65322,3.535916,4.163073,4.495046
7:30:56 AM,1.65322,3.535916,4.16305,4.495029
7:30:56 AM,1.653194,3.535916,4.16305,4.495046
7:30:56 AM,1.653244,3.535885,4.16305,4.495046
7:30:56 AM,1.653219,3.535916,4.16305,4.495026
7:30:56 AM,1.65322,3.535885,4.16305,4.495046
7:30:56 AM,1.65322,3.535916,4.163073,4.495029
7:30:56 AM,1.653219,3.535916,4.163075,4.495046
7:30:56 AM,1.653219,3.535885,4.163073,4.495029
7:30:56 AM,1.65322,3.535916,4.16305,4.495046
7:30:56 AM,1.653194,3.535916,4.16305,4.495029
7:30:56 AM,1.653219,3.535916,4.16305,4.495065
7:30:56 AM,1.653244,3.535885,4.16305,4.495046
7:30:56 AM,1.65322,3.535916,4.163073,4.495029
7:30:56 AM,1.65322,3.53589,4.163075,4.495029
7:30:56 AM,1.653219,3.535885,4.16305,4.495029
7:30:56 AM,1.653219,3.535885,4.16305,4.495009
7:30:56 AM,1.65322,3.535885,4.163073,4.495046
7:30:56 AM,1.653194,3.535916,4.16305,4.495046
7:30:56 AM,1.65322,3.535916,4.16305,4.495046
7:30:56 AM,1.653194,3.535859,4.163073,4.495029
7:30:56 AM,1.653219,3.535916,4.163073,4.495046
7:30:56 AM,1.653244,3.535885,4.16305,4.495029
7:30:56 AM,1.653244,3.535885,4.16305,4.495046
7:30:56 AM,1.653194,3.535916,4.16305,4.495029
7:30:56 AM,1.653194,3.535916,4.163073,4.495046
7:30:56 AM,1.653194,3.535885,4.16305,4.495026
7:30:56 AM,1.653219,3.535885,4.16305,4.495029
7:30:56 AM,1.653219,3.535885,4.16305,4.495046
7:30:56 AM,1.65322,3.535942,4.16305,4.495046
7:30:57 AM,1.65322,3.535885,4.163073,4.495046
7:30:57 AM,1.653219,3.535859,4.16305,4.495046
7:30:57 AM,1.65322,3.535885,4.16305,4.495046
7:30:57 AM,1.653244,3.535859,4.163095,4.495029
7:30:57 AM,1.653244,3.535859,4.163095,4.495046
7:30:57 AM,1.653244,3.535859,4.163095,4.495046
7:30:57 AM,1.653244,3.535859,4.163095,4.495046
7:30:57 AM,1.653244,3.535859,4.163119,4.495029
7:30:57 AM,1.653244,3.535885,4.163095,4.495029
7:30:57 AM,1.653244,3.535885,4.163095,4.495029
7:30:57 AM,1.653244,3.535885,4.163095,4.495046
7:30:57 AM,1.653244,3.535885,4.163095,4.495029
7:30:57 AM,1.653244,3.535885,4.163095,4.495029
7:30:57 AM,1.653244,3.535885,4.163095,4.495029
7:30:57 AM,1.653244,3.535885,4.163119,4.495029
7:30:57 AM,1.653244,3.535885,4.163119,4.495029
7:30:57 AM,1.653244,3.535885,4.163095,4.495046
7:30:57 AM,1.653244,3.535885,4.163119,4.495029
7:30:57 AM,1.653244,3.535885,4.163095,4.495029
7:30:57 AM,1.653244,3.535885,4.163097,4.495029
7:30:57 AM,1.653244,3.535885,4.163097,4.495046
7:30:57 AM,1.653244,3.535885,4.163097,4.495046
7:30:57 AM,1.653244,3.535885,4.163097,4.495029
7:30:57 AM,1.653244,3.535885,4.163097,4.495029
7:30:57 AM,1.653244,3.535859,4.163095,4.495029
7:30:57 AM,1.653244,3.535885,4.163097,4.495029
7:30:57 AM,1.653244,3.535859,4.163073,4.495029
7:30:57 AM,1.653244,3.535859,4.163095,4.495046
7:30:57 AM,1.65322,3.535885,4.16305,4.495046
7:30:57 AM,1.653244,3.535859,4.163095,4.495029
7:30:57 AM,1.653244,3.535859,4.163095,4.495046
7:30:57 AM,1.653244,3.535859,4.163095,4.495029
7:30:57 AM,1.653244,3.535859,4.163095,4.495029
7:30:57 AM,1.653244,3.535859,4.163095,4.495046
7:30:57 AM,1.653244,3.535859,4.163095,4.495046
7:30:57 AM,1.653244,3.535859,4.163095,4.495046
7:30:57 AM,1.653244,3.535859,4.163095,4.495046
7:30:57 AM,1.653244,3.535859,4.163095,4.495046
7:30:57 AM,1.653244,3.535859,4.163095,4.495046
7:30:57 AM,1.653244,3.535859,4.163095,4.495046
7:30:57 AM,1.653244,3.535859,4.163095,4.495046
7:30:57 AM,1.653244,3.535859,4.163095,4.495046
7:30:57 AM,1.653244,3.535859,4.163095,4.495046
7:30:57 AM,1.653244,3.535859,4.163095,4.495046
7:30:57 AM,1.653244,3.535859,4.163095,4.495046
7:30:57 AM,1.653244,3.535859,4.163095,4.495046
7:30:57 AM,1.653244,3.535859,4.163095,4.495046
7:30:57 AM,1.653244,3.535859,4.163095,4.495046
7:30:57 AM,1.653244,3.535859,4.163095,4.495046
7:30:57 AM,1.653244,3.535859,4.163095,4.495029
7:30:57 AM,1.653244,3.535885,4.163097,4.495029
7:30:57 AM,1.653244,3.535859,4.163095,4.495029
7:30:57 AM,1.653244,3.535885,4.163097,4.495029
7:30:57 AM,1.65322,3.535885,4.163073,4.495046
7:30:57 AM,1.65322,3.535885,4.163073,4.495046
7:30:57 AM,1.65322,3.535885,4.163073,4.495046
7:30:57 AM,1.65322,3.535885,4.163073,4.495046
7:30:57 AM,1.65322,3.535885,4.163073,4.495046
7:30:57 AM,1.65322,3.535885,4.163073,4.495046
7:30:57 AM,1.65322,3.535885,4.163073,4.495046
7:30:57 AM,1.65322,3.535885,4.16305,4.495046
7:30:57 AM,1.65322,3.535885,4.16305,4.495046
7:30:57 AM,1.65322,3.535885,4.163073,4.495046
7:30:57 AM,1.65322,3.535885,4.16305,4.495046
7:30:57 AM,1.65322,3.535885,4.16305,4.495046
7:30:57 AM,1.65322,3.535885,4.16305,4.495046
7:30:57 AM,1.65322,3.535885,4.16305,4.495046
7:30:57 AM,1.65322,3.535885,4.16305,4.495046
7:30:57 AM,1.65322,3.535885,4.163073,4.495046
7:30:57 AM,1.65322,3.535885,4.163073,4.495046
7:30:57 AM,1.65322,3.535885,4.16305,4.495046
7:30:57 AM,1.65322,3.535885,4.16305,4.495046
7:30:57 AM,1.65322,3.535885,4.16305,4.495046
7:30:57 AM,1.653244,3.535885,4.163097,4.495046
7:30:57 AM,1.65322,3.535885,4.163073,4.495029
7:30:57 AM,1.65322,3.535885,4.163073,4.495046
7:30:57 AM,1.65322,3.535885,4.16305,4.495046
7:30:57 AM,1.65322,3.535885,4.163097,4.495046
7:30:57 AM,1.65322,3.535885,4.163097,4.495046
7:30:57 AM,1.653244,3.535885,4.163119,4.495046
7:30:57 AM,1.653244,3.535885,4.163097,4.495046
7:30:57 AM,1.653244,3.535885,4.163097,4.495046
7:30:57 AM,1.653244,3.535885,4.163097,4.495046
7:30:57 AM,1.653244,3.535885,4.163097,4.495046
7:30:57 AM,1.653244,3.535885,4.163097,4.495046
7:30:57 AM,1.653244,3.535885,4.163097,4.495046
7:30:57 AM,1.653244,3.535885,4.163097,4.495046
7:30:57 AM,1.653244,3.535885,4.163097,4.495046
7:30:57 AM,1.653244,3.535885,4.163119,4.495029
7:30:57 AM,1.653244,3.535885,4.163097,4.495046
7:30:57 AM,1.653244,3.535885,4.163097,4.495046
7:30:57 AM,1.65322,3.535885,4.163097,4.495046
7:30:57 AM,1.65322,3.535885,4.163097,4.495046
7:30:57 AM,1.65322,3.535885,4.163097,4.495029
7:30:57 AM,1.65322,3.535885,4.163097,4.495046
7:30:57 AM,1.653244,3.535885,4.163097,4.495046
7:30:57 AM,1.653244,3.535885,4.163097,4.495046
7:30:57 AM,1.653244,3.535885,4.163097,4.495046
7:30:57 AM,1.653244,3.535885,4.163097,4.495029
7:30:57 AM,1.653244,3.535855,4.163095,4.495046
7:30:57 AM,1.653219,3.535855,4.163095,4.495046
7:30:57 AM,1.653244,3.535855,4.163095,4.495046
7:30:57 AM,1.653244,3.535829,4.163095,4.495046
7:30:57 AM,1.653244,3.535855,4.163095,4.495046
7:30:57 AM,1.653244,3.535855,4.163095,4.495046
7:30:57 AM,1.65322,3.535885,4.163095,4.495046
7:30:57 AM,1.653244,3.535855,4.163095,4.495046
7:30:57 AM,1.653244,3.535855,4.163095,4.495046
7:30:57 AM,1.653244,3.535859,4.163071,4.495046
7:30:57 AM,1.653244,3.535855,4.163095,4.495029
7:30:57 AM,1.653219,3.535885,4.163118,4.495046
7:30:57 AM,1.65322,3.535885,4.163095,4.495046
7:30:57 AM,1.65322,3.535829,4.163095,4.495029
7:30:57 AM,1.65322,3.535859,4.163095,4.495046
7:30:57 AM,1.653244,3.535859,4.163071,4.495029
7:30:57 AM,1.653244,3.535855,4.163073,4.495046
7:30:57 AM,1.65322,3.535829,4.163073,4.495065
7:30:57 AM,1.653244,3.535829,4.163095,4.495029
7:30:57 AM,1.653219,3.535855,4.163095,4.495046
7:30:57 AM,1.653244,3.535829,4.163095,4.495046
7:30:57 AM,1.653219,3.535855,4.163095,4.495046
7:30:57 AM,1.65322,3.535859,4.163073,4.495046
7:30:57 AM,1.653219,3.535885,4.163095,4.495046
7:30:57 AM,1.65322,3.535885,4.163095,4.495046
7:30:57 AM,1.653244,3.535829,4.163073,4.495065
7:30:57 AM,1.65322,3.535859,4.163095,4.495046
7:30:57 AM,1.65322,3.535859,4.163073,4.495046
7:30:57 AM,1.65322,3.535829,4.163073,4.495046
7:30:57 AM,1.65322,3.535829,4.163073,4.495046
7:30:57 AM,1.65322,3.535829,4.163073,4.495046
7:30:57 AM,1.653244,3.535859,4.163073,4.495046
7:30:57 AM,1.653194,3.535859,4.163073,4.495046
7:30:57 AM,1.653194,3.535829,4.163073,4.495046
7:30:57 AM,1.653219,3.535885,4.163095,4.495046
7:30:57 AM,1.653219,3.535855,4.163073,4.495046
7:30:57 AM,1.653219,3.535829,4.163095,4.495046
7:30:57 AM,1.653219,3.535855,4.163095,4.495046
7:30:57 AM,1.653219,3.535855,4.163095,4.495046
7:30:57 AM,1.653219,3.535855,4.163095,4.495046
7:30:57 AM,1.653219,3.535855,4.163095,4.495046
7:30:57 AM,1.653219,3.535855,4.163095,4.495046
7:30:57 AM,1.653219,3.535855,4.163095,4.495046
7:30:57 AM,1.653219,3.535855,4.163095,4.495046
7:30:57 AM,1.653219,3.535855,4.163095,4.495046
7:30:57 AM,1.653219,3.535885,4.163095,4.495046
7:30:57 AM,1.653194,3.535829,4.163073,4.495046
7:30:57 AM,1.65322,3.535855,4.163071,4.495046
7:30:57 AM,1.653219,3.535855,4.163095,4.495065
7:30:57 AM,1.653219,3.535829,4.163095,4.495046
7:30:57 AM,1.65322,3.535885,4.163095,4.495046
7:30:57 AM,1.65322,3.535829,4.163095,4.495046
7:30:57 AM,1.653219,3.535829,4.163118,4.495029
7:30:57 AM,1.653244,3.535885,4.163071,4.495046
7:30:57 AM,1.65322,3.535885,4.163095,4.495046
7:30:57 AM,1.653244,3.535855,4.163095,4.495046
7:30:57 AM,1.653244,3.535859,4.163071,4.495065
7:30:57 AM,1.65322,3.535885,4.163073,4.495065
7:30:57 AM,1.653244,3.535829,4.163073,4.495046
7:30:57 AM,1.653219,3.535885,4.163071,4.495046
7:30:57 AM,1.653219,3.535829,4.163095,4.495029
7:30:57 AM,1.653244,3.535829,4.163071,4.495046
7:30:57 AM,1.65322,3.535859,4.163095,4.495029
7:30:57 AM,1.65322,3.535855,4.163095,4.495029
7:30:57 AM,1.65322,3.535885,4.163118,4.495065
7:30:57 AM,1.653244,3.535885,4.163071,4.495065
7:30:57 AM,1.653194,3.535829,4.163095,4.495065
7:30:57 AM,1.653194,3.535829,4.163095,4.495046
7:30:57 AM,1.653244,3.535829,4.163093,4.495046
7:30:57 AM,1.65322,3.535855,4.163071,4.495046
7:30:57 AM,1.65322,3.535859,4.163095,4.495046
7:30:57 AM,1.653219,3.535859,4.163095,4.495029
7:30:57 AM,1.653219,3.535829,4.163071,4.495048
7:30:57 AM,1.653244,3.535855,4.163095,4.495046
7:30:57 AM,1.653244,3.535855,4.163095,4.495065
7:30:57 AM,1.653244,3.535885,4.163049,4.495046
7:30:57 AM,1.653219,3.535829,4.163049,4.495046
7:30:57 AM,1.653244,3.535855,4.163071,4.495046
7:30:57 AM,1.653244,3.535859,4.163071,4.495046
7:30:57 AM,1.653194,3.535855,4.163118,4.495046
7:30:57 AM,1.65322,3.535829,4.163073,4.495046
7:30:57 AM,1.653219,3.535829,4.163095,4.495046
7:30:57 AM,1.65322,3.535829,4.163095,4.495065
7:30:57 AM,1.653244,3.535855,4.163095,4.495046
7:30:57 AM,1.653244,3.535829,4.163071,4.495046
7:30:57 AM,1.653244,3.535885,4.163049,4.495046
7:30:57 AM,1.653244,3.535855,4.163095,4.495029
7:30:57 AM,1.65322,3.535829,4.163095,4.495065
7:30:57 AM,1.653219,3.535829,4.163071,4.495046
7:30:57 AM,1.653194,3.535855,4.163095,4.495029
7:30:57 AM,1.653219,3.535885,4.163095,4.495029
7:30:57 AM,1.65322,3.535855,4.163095,4.495046
7:30:57 AM,1.653219,3.535829,4.163095,4.495048
7:30:57 AM,1.65322,3.535829,4.163071,4.495065
7:30:57 AM,1.65322,3.535855,4.163049,4.495046
7:30:57 AM,1.653194,3.535885,4.163071,4.495046
7:30:57 AM,1.65322,3.535885,4.163073,4.495046
7:30:57 AM,1.653244,3.535829,4.163071,4.495046
7:30:57 AM,1.653194,3.535885,4.163095,4.495046
7:30:57 AM,1.653244,3.535885,4.163095,4.495029
7:30:57 AM,1.653194,3.535885,4.163095,4.495046
7:30:58 AM,1.653244,3.535859,4.163073,4.495046
7:30:58 AM,1.653244,3.535859,4.163073,4.495046
7:30:58 AM,1.653244,3.535859,4.163073,4.495046
7:30:58 AM,1.653244,3.535859,4.163073,4.495046
7:30:58 AM,1.653244,3.535859,4.163073,4.495046
7:30:58 AM,1.653244,3.535859,4.163073,4.495046
7:30:58 AM,1.653244,3.535859,4.163073,4.495046
7:30:58 AM,1.653244,3.535859,4.163073,4.495046
7:30:58 AM,1.653244,3.535859,4.163073,4.495046
7:30:58 AM,1.653244,3.535859,4.163073,4.495046
7:30:58 AM,1.653244,3.535859,4.163073,4.495046
7:30:58 AM,1.653244,3.535859,4.163073,4.495046
7:30:58 AM,1.653219,3.535859,4.163095,4.495046
7:30:58 AM,1.653194,3.535859,4.163073,4.495046
7:30:58 AM,1.653194,3.535859,4.163073,4.495046
7:30:58 AM,1.653194,3.535859,4.163073,4.495046
7:30:58 AM,1.653194,3.535859,4.163073,4.495046
7:30:58 AM,1.653194,3.535859,4.163073,4.495046
7:30:58 AM,1.653194,3.535859,4.163073,4.495046
7:30:58 AM,1.653219,3.535859,4.163073,4.495046
7:30:58 AM,1.653219,3.535859,4.163073,4.495046
7:30:58 AM,1.653244,3.535859,4.163073,4.495046
7:30:58 AM,1.65322,3.535859,4.163073,4.495046
7:30:58 AM,1.65322,3.535859,4.163073,4.495046
7:30:58 AM,1.653244,3.535859,4.163073,4.495046
7:30:58 AM,1.653194,3.535885,4.163095,4.495046
7:30:58 AM,1.653244,3.535885,4.16305,4.495046
7:30:58 AM,1.653244,3.535885,4.16305,4.495046
7:30:58 AM,1.653244,3.535885,4.16305,4.495046
7:30:58 AM,1.653244,3.535885,4.16305,4.495046
7:30:58 AM,1.65322,3.535885,4.163073,4.495046
7:30:58 AM,1.65322,3.535885,4.163073,4.495029
7:30:58 AM,1.653244,3.535885,4.163073,4.495046
7:30:58 AM,1.65322,3.535885,4.163073,4.495046
7:30:58 AM,1.65322,3.535859,4.163073,4.495046
7:30:58 AM,1.653219,3.535859,4.163073,4.495046
7:30:58 AM,1.653244,3.535859,4.163073,4.495046
7:30:58 AM,1.653244,3.535859,4.163073,4.495046
7:30:58 AM,1.653244,3.535859,4.163073,4.495046
7:30:58 AM,1.653244,3.535859,4.163073,4.495046
7:30:58 AM,1.653244,3.535859,4.163073,4.495046
7:30:58 AM,1.653244,3.535859,4.163073,4.495046
7:30:58 AM,1.653244,3.535859,4.163073,4.495046
7:30:58 AM,1.653244,3.535859,4.163073,4.495046
7:30:58 AM,1.653244,3.535859,4.163073,4.495046
7:30:58 AM,1.653244,3.535859,4.163073,4.495046
7:30:58 AM,1.653244,3.535859,4.163073,4.495046
7:30:58 AM,1.653244,3.535859,4.163073,4.495046
7:30:58 AM,1.653219,3.535859,4.163073,4.495046
7:30:58 AM,1.653219,3.535885,4.16305,4.495046
7:30:58 AM,1.653194,3.535859,4.163095,4.495046
7:30:58 AM,1.653219,3.535885,4.163095,4.495046
7:30:58 AM,1.653219,3.535859,4.163095,4.495046
7:30:58 AM,1.653219,3.535885,4.163095,4.495046
7:30:58 AM,1.653219,3.535859,4.163095,4.495046
7:30:58 AM,1.653219,3.535829,4.163095,4.495046
7:30:58 AM,1.653219,3.535829,4.163095,4.495046
7:30:58 AM,1.653219,3.535855,4.163095,4.495046
7:30:58 AM,1.653219,3.535859,4.163095,4.495046
7:30:58 AM,1.653219,3.535859,4.163095,4.495046
7:30:58 AM,1.653219,3.535859,4.163095,4.495046
7:30:58 AM,1.653219,3.535829,4.163095,4.495046
7:30:58 AM,1.653244,3.535859,4.163095,4.495029
7:30:58 AM,1.65322,3.535829,4.163095,4.495046
7:30:58 AM,1.65322,3.535829,4.163095,4.495046
7:30:58 AM,1.653194,3.535855,4.163095,4.495029
7:30:58 AM,1.653194,3.535855,4.163095,4.495046
7:30:58 AM,1.653194,3.535885,4.163095,4.495046
7:30:58 AM,1.653194,3.535885,4.163095,4.495046
7:30:58 AM,1.653219,3.535885,4.163095,4.495029
7:30:58 AM,1.653194,3.535885,4.163095,4.495046
7:30:58 AM,1.653194,3.535885,4.163095,4.495046
7:30:58 AM,1.653219,3.535885,4.163095,4.495046
7:30:58 AM,1.653194,3.535885,4.163095,4.495046
7:30:58 AM,1.653219,3.535885,4.163095,4.495046
7:30:58 AM,1.653194,3.535885,4.163073,4.495046
7:30:58 AM,1.653194,3.535859,4.163095,4.495046
7:30:58 AM,1.653194,3.535885,4.163095,4.495046
7:30:58 AM,1.653194,3.535859,4.163095,4.495046
7:30:58 AM,1.653194,3.535859,4.163095,4.495046
7:30:58 AM,1.653219,3.535859,4.163095,4.495046
7:30:58 AM,1.653219,3.535859,4.163095,4.495046
7:30:58 AM,1.653219,3.535859,4.163095,4.495046
7:30:58 AM,1.653194,3.535859,4.163095,4.495046
7:30:58 AM,1.653194,3.535859,4.163095,4.495046
7:30:58 AM,1.653194,3.535859,4.163095,4.495046
7:30:58 AM,1.653219,3.535859,4.163095,4.495046
7:30:58 AM,1.653194,3.535859,4.163095,4.495046
7:30:58 AM,1.653219,3.535859,4.163095,4.495046
7:30:58 AM,1.653219,3.535859,4.163095,4.495046
7:30:58 AM,1.653194,3.535859,4.163095,4.495046
7:30:58 AM,1.653194,3.535859,4.163095,4.495046
7:30:58 AM,1.653194,3.535859,4.163095,4.495046
7:30:58 AM,1.653194,3.535859,4.163095,4.495046
7:30:58 AM,1.653194,3.535885,4.163095,4.495046
7:30:58 AM,1.653194,3.535859,4.163095,4.495046
7:30:58 AM,1.653219,3.535859,4.163095,4.495046
7:30:58 AM,1.653219,3.535859,4.163095,4.495046
7:30:58 AM,1.653194,3.535859,4.163095,4.495046
7:30:58 AM,1.653244,3.535859,4.163071,4.495046
7:30:58 AM,1.653244,3.535885,4.163071,4.495046
7:30:58 AM,1.653244,3.535885,4.163071,4.495026
7:30:58 AM,1.653244,3.535885,4.163071,4.495026
7:30:58 AM,1.653244,3.535885,4.163071,4.495026
7:30:58 AM,1.653244,3.535885,4.163071,4.495026
7:30:58 AM,1.653244,3.535859,4.163071,4.495026
7:30:58 AM,1.653244,3.535859,4.163071,4.495026
7:30:58 AM,1.653244,3.535859,4.163071,4.495046
7:30:58 AM,1.653244,3.535859,4.163071,4.495046
7:30:58 AM,1.653244,3.535859,4.163071,4.495046
7:30:58 AM,1.653244,3.535859,4.163071,4.495046
7:30:58 AM,1.653244,3.535859,4.163071,4.495046
7:30:58 AM,1.653244,3.535859,4.163071,4.495063
7:30:58 AM,1.653244,3.535859,4.163071,4.495063
7:30:58 AM,1.653244,3.535829,4.163071,4.495046
7:30:58 AM,1.653244,3.535859,4.163071,4.495046
7:30:58 AM,1.653244,3.535859,4.163071,4.495046
7:30:58 AM,1.653244,3.535859,4.163071,4.495046
7:30:58 AM,1.653244,3.535859,4.163071,4.495046
7:30:58 AM,1.653244,3.535859,4.163071,4.495046
7:30:58 AM,1.653244,3.535885,4.163071,4.495046
7:30:58 AM,1.653219,3.535885,4.163073,4.495046
7:30:58 AM,1.653244,3.535885,4.163071,4.495046
7:30:58 AM,1.653219,3.535885,4.163073,4.495029
7:30:58 AM,1.653219,3.535885,4.163049,4.495046
7:30:58 AM,1.653219,3.535885,4.163049,4.495029
7:30:58 AM,1.653219,3.535885,4.163049,4.495046
7:30:58 AM,1.653219,3.535885,4.163049,4.495046
7:30:58 AM,1.653219,3.535885,4.163049,4.495046
7:30:58 AM,1.653219,3.535885,4.163049,4.495046
7:30:58 AM,1.653244,3.535885,4.163049,4.495046
7:30:58 AM,1.653244,3.535885,4.163049,4.495046
7:30:58 AM,1.653244,3.535885,4.163049,4.495046
7:30:58 AM,1.653244,3.535885,4.163071,4.495046
7:30:58 AM,1.653244,3.535885,4.163049,4.495046
7:30:58 AM,1.653244,3.535885,4.163049,4.495046
7:30:58 AM,1.653244,3.535885,4.163049,4.495046
7:30:58 AM,1.653244,3.535885,4.163049,4.495046
7:30:58 AM,1.653244,3.535885,4.163071,4.495046
7:30:58 AM,1.653244,3.535885,4.163071,4.495046
7:30:58 AM,1.653244,3.535885,4.163071,4.495046
7:30:58 AM,1.653244,3.535885,4.163071,4.495046
7:30:58 AM,1.653244,3.535885,4.163071,4.495046
7:30:58 AM,1.653244,3.535885,4.163071,4.495046
7:30:58 AM,1.653244,3.535885,4.163071,4.495046
7:30:58 AM,1.653219,3.535885,4.163049,4.495046
7:30:58 AM,1.653244,3.535859,4.163071,4.495046
7:30:58 AM,1.653244,3.535829,4.163095,4.495046
7:30:58 AM,1.653244,3.535859,4.163071,4.495046
7:30:58 AM,1.653244,3.535855,4.163071,4.495046
7:30:58 AM,1.653244,3.535855,4.163071,4.495046
7:30:58 AM,1.653244,3.535855,4.163071,4.495046
7:30:58 AM,1.653244,3.535855,4.163095,4.495046
7:30:58 AM,1.653244,3.535855,4.163095,4.495046
7:30:58 AM,1.653244,3.535885,4.163095,4.495046
7:30:58 AM,1.653244,3.535885,4.163095,4.495046
7:30:58 AM,1.653244,3.535885,4.163071,4.495046
7:30:58 AM,1.653244,3.535885,4.163095,4.495046
7:30:58 AM,1.653244,3.535885,4.163095,4.495046
7:30:58 AM,1.653244,3.535885,4.163095,4.495046
7:30:58 AM,1.653244,3.535885,4.163095,4.495046
7:30:58 AM,1.653244,3.535885,4.163095,4.495046
7:30:58 AM,1.653244,3.535885,4.163095,4.495046
7:30:58 AM,1.653244,3.535885,4.163095,4.495046
7:30:58 AM,1.653244,3.535855,4.163095,4.495046
7:30:58 AM,1.653244,3.535855,4.163095,4.495046
7:30:58 AM,1.653244,3.535855,4.163095,4.495046
7:30:58 AM,1.653244,3.535855,4.163095,4.495046
7:30:58 AM,1.653219,3.535885,4.163073,4.495029
7:30:58 AM,1.653244,3.535855,4.163095,4.495046
7:30:58 AM,1.653244,3.535855,4.163095,4.495046
7:30:58 AM,1.653244,3.535855,4.163071,4.495046
7:30:58 AM,1.653244,3.535855,4.163071,4.495046
7:30:58 AM,1.653244,3.535829,4.163071,4.495046
7:30:58 AM,1.653244,3.535859,4.163071,4.495046
7:30:58 AM,1.653244,3.535859,4.163071,4.495046
7:30:58 AM,1.653244,3.535859,4.163071,4.495046
7:30:58 AM,1.653244,3.535859,4.163071,4.495046
7:30:58 AM,1.653244,3.535859,4.163071,4.495046
7:30:58 AM,1.653244,3.535859,4.163071,4.495046
7:30:58 AM,1.653244,3.535859,4.163071,4.495046
7:30:58 AM,1.653244,3.535885,4.163071,4.495046
7:30:58 AM,1.653244,3.535885,4.163071,4.495046
7:30:58 AM,1.653244,3.535885,4.163071,4.495046
7:30:58 AM,1.653244,3.535859,4.163071,4.495046
7:30:58 AM,1.653244,3.535885,4.163071,4.495046
7:30:58 AM,1.653244,3.535829,4.163095,4.495046
7:30:58 AM,1.653244,3.535829,4.163095,4.495046
7:30:58 AM,1.653244,3.535829,4.163095,4.495046
7:30:58 AM,1.653244,3.535855,4.163095,4.495046
7:30:58 AM,1.653244,3.535855,4.163095,4.495046
7:30:58 AM,1.653244,3.535855,4.163095,4.495046
7:30:58 AM,1.653244,3.535829,4.163095,4.495046
7:30:58 AM,1.653244,3.535855,4.163095,4.495046
7:30:58 AM,1.653244,3.535829,4.163095,4.495046
7:30:58 AM,1.653244,3.535829,4.163071,4.495046
7:30:58 AM,1.653244,3.535885,4.163095,4.495046
7:30:58 AM,1.653219,3.535885,4.163073,4.495046
7:30:58 AM,1.653194,3.535859,4.163095,4.495046
7:30:58 AM,1.653219,3.535885,4.163073,4.495046
7:30:59 AM,1.653219,3.535859,4.163119,4.495029
7:30:59 AM,1.653194,3.535829,4.163119,4.495029
7:30:59 AM,1.653219,3.535829,4.163095,4.495046
7:30:59 AM,1.653244,3.535859,4.163095,4.495009
7:30:59 AM,1.653244,3.535829,4.163095,4.495029
7:30:59 AM,1.653194,3.535859,4.163073,4.495026
7:30:59 AM,1.653244,3.535859,4.163095,4.495029
7:30:59 AM,1.653219,3.535855,4.163095,4.495046
7:30:59 AM,1.653219,3.535829,4.163097,4.495046
7:30:59 AM,1.653219,3.535859,4.163095,4.495026
7:30:59 AM,1.653219,3.535829,4.163095,4.495029
7:30:59 AM,1.653219,3.535859,4.163119,4.495029
7:30:59 AM,1.653219,3.535859,4.163073,4.495046
7:30:59 AM,1.653219,3.535859,4.163073,4.495029
7:30:59 AM,1.653219,3.535885,4.163095,4.495046
7:30:59 AM,1.653219,3.535829,4.163095,4.495046
7:30:59 AM,1.653219,3.535859,4.163095,4.495029
7:30:59 AM,1.653219,3.535829,4.163073,4.495009
7:30:59 AM,1.653219,3.535829,4.163073,4.495029
7:30:59 AM,1.653219,3.535829,4.163095,4.495029
7:30:59 AM,1.653194,3.535859,4.163097,4.495046
7:30:59 AM,1.653219,3.535859,4.163095,4.495009
7:30:59 AM,1.653219,3.535885,4.163119,4.495029
7:30:59 AM,1.653244,3.535855,4.163095,4.495046
7:30:59 AM,1.653244,3.535859,4.163095,4.495029
7:30:59 AM,1.653244,3.535829,4.163095,4.495046
7:30:59 AM,1.653219,3.535829,4.163073,4.495029
7:30:59 AM,1.653244,3.535859,4.163095,4.495046
7:30:59 AM,1.653219,3.535859,4.163095,4.495029
7:30:59 AM,1.653219,3.535859,4.163095,4.495046
7:30:59 AM,1.653219,3.535859,4.163095,4.495046
7:30:59 AM,1.653219,3.535829,4.163095,4.495046
7:30:59 AM,1.653219,3.535859,4.163095,4.495046
7:30:59 AM,1.653194,3.535859,4.163073,4.495029
7:30:59 AM,1.653219,3.535859,4.163095,4.495046
7:30:59 AM,1.653244,3.535855,4.163073,4.495026
7:30:59 AM,1.653219,3.535885,4.163119,4.495046
7:30:59 AM,1.653219,3.535859,4.163095,4.495046
7:30:59 AM,1.653219,3.535859,4.163095,4.495046
7:30:59 AM,1.653219,3.535885,4.163095,4.495029
7:30:59 AM,1.653194,3.535859,4.163095,4.495026
7:30:59 AM,1.653219,3.535859,4.163095,4.495029
7:30:59 AM,1.653194,3.535859,4.163095,4.495046
7:30:59 AM,1.653219,3.535829,4.163097,4.495029
7:30:59 AM,1.653219,3.535829,4.163097,4.495046
7:30:59 AM,1.653219,3.535859,4.163095,4.495009
7:30:59 AM,1.653219,3.535859,4.163073,4.495029
7:30:59 AM,1.653219,3.535859,4.163073,4.495026
7:30:59 AM,1.653219,3.535859,4.163073,4.495029
7:30:59 AM,1.653219,3.535855,4.163073,4.495029
7:30:59 AM,1.653219,3.535885,4.163073,4.495046
7:30:59 AM,1.653219,3.535885,4.163073,4.495046
7:30:59 AM,1.653219,3.535885,4.163073,4.495046
7:30:59 AM,1.653219,3.535885,4.163073,4.495046
7:30:59 AM,1.653219,3.535859,4.163073,4.495046
7:30:59 AM,1.653219,3.535885,4.163073,4.495046
7:30:59 AM,1.653219,3.535859,4.163073,4.495046
7:30:59 AM,1.653219,3.535885,4.163073,4.495046
7:30:59 AM,1.653219,3.535885,4.163073,4.495046
7:30:59 AM,1.653219,3.535885,4.163073,4.495046
7:30:59 AM,1.653219,3.535885,4.163073,4.495046
7:30:59 AM,1.653219,3.535885,4.163073,4.495046
7:30:59 AM,1.653219,3.535885,4.163073,4.495046
7:30:59 AM,1.653219,3.535885,4.163073,4.495046
7:30:59 AM,1.653219,3.535885,4.163073,4.495046
7:30:59 AM,1.653219,3.535885,4.163073,4.495046
7:30:59 AM,1.653219,3.535885,4.163073,4.495046
7:30:59 AM,1.653219,3.535885,4.163073,4.495046
7:30:59 AM,1.653219,3.535885,4.163073,4.495046
7:30:59 AM,1.653219,3.535885,4.163073,4.495046
7:30:59 AM,1.653219,3.535885,4.163073,4.495046
7:30:59 AM,1.653219,3.535885,4.163073,4.495046
7:30:59 AM,1.653219,3.535885,4.163073,4.495046
7:30:59 AM,1.653219,3.535859,4.163073,4.495046
7:30:59 AM,1.653219,3.535859,4.163073,4.495046
7:30:59 AM,1.653219,3.535829,4.163073,4.495046
7:30:59 AM,1.653244,3.535885,4.163073,4.495029
7:30:59 AM,1.653219,3.535859,4.163071,4.495046
7:30:59 AM,1.653244,3.535829,4.163095,4.495046
7:30:59 AM,1.653219,3.535855,4.163095,4.495029
7:30:59 AM,1.653194,3.535829,4.163095,4.495046
7:30:59 AM,1.653194,3.535859,4.163095,4.495029
7:30:59 AM,1.653219,3.535859,4.163073,4.495029
7:30:59 AM,1.653219,3.535859,4.163095,4.495046
7:30:59 AM,1.653219,3.535885,4.163095,4.495046
7:30:59 AM,1.653219,3.535885,4.163073,4.495046
7:30:59 AM,1.653219,3.535885,4.163119,4.495029
7:30:59 AM,1.653219,3.535859,4.163095,4.495009
7:30:59 AM,1.653219,3.535859,4.163073,4.495046
7:30:59 AM,1.653219,3.535859,4.163073,4.495046
7:30:59 AM,1.653219,3.535859,4.163073,4.495046
7:30:59 AM,1.653219,3.535859,4.163073,4.495046
7:30:59 AM,1.653219,3.535859,4.163073,4.495046
7:30:59 AM,1.653219,3.535859,4.163073,4.495046
7:30:59 AM,1.653219,3.535859,4.163073,4.495046
7:30:59 AM,1.653219,3.535859,4.163073,4.495046
7:30:59 AM,1.653219,3.535859,4.163073,4.495046
7:30:59 AM,1.653244,3.535859,4.163119,4.495046
7:30:59 AM,1.653244,3.535859,4.163095,4.495046
7:30:59 AM,1.653219,3.535885,4.163073,4.495063
7:30:59 AM,1.653219,3.535829,4.163118,4.495063
7:30:59 AM,1.653219,3.535859,4.163073,4.49508
7:30:59 AM,1.653219,3.535859,4.163073,4.49508
7:30:59 AM,1.653219,3.535885,4.163097,4.4951
7:30:59 AM,1.653219,3.535885,4.163097,4.49508
7:30:59 AM,1.653219,3.535885,4.163097,4.49508
7:30:59 AM,1.653219,3.535885,4.163097,4.49508
7:30:59 AM,1.653219,3.535885,4.163073,4.49508
7:30:59 AM,1.653219,3.535859,4.163073,4.49508
7:30:59 AM,1.653219,3.535859,4.163073,4.495063
7:30:59 AM,1.653219,3.535859,4.163073,4.495063
7:30:59 AM,1.653219,3.535859,4.163073,4.495063
7:30:59 AM,1.653219,3.535885,4.163073,4.495063
7:30:59 AM,1.653219,3.535885,4.163073,4.495063
7:30:59 AM,1.653219,3.535885,4.163073,4.495063
7:30:59 AM,1.653219,3.535885,4.163073,4.495063
7:30:59 AM,1.653219,3.535885,4.163073,4.495063
7:30:59 AM,1.653219,3.535859,4.163097,4.495063
7:30:59 AM,1.653244,3.535885,4.163097,4.495063
7:30:59 AM,1.653219,3.535829,4.163119,4.495063
7:30:59 AM,1.653219,3.535885,4.163073,4.495063
7:30:59 AM,1.653219,3.535885,4.163073,4.495063
7:30:59 AM,1.653219,3.535859,4.163073,4.49508
7:30:59 AM,1.653219,3.535859,4.163073,4.495063
7:30:59 AM,1.653219,3.535859,4.163073,4.49508
7:30:59 AM,1.653219,3.535859,4.163095,4.49508
7:30:59 AM,1.653244,3.535859,4.163095,4.49508
7:30:59 AM,1.653219,3.535859,4.163095,4.49508
7:30:59 AM,1.653219,3.535859,4.163095,4.49508
7:30:59 AM,1.653219,3.535859,4.163095,4.49508
7:30:59 AM,1.653244,3.535859,4.163095,4.495063
7:30:59 AM,1.653244,3.535859,4.163095,4.495063
7:30:59 AM,1.653244,3.535859,4.163073,4.495063
7:30:59 AM,1.653244,3.535859,4.163073,4.495063
7:30:59 AM,1.653244,3.535859,4.163073,4.495063
7:30:59 AM,1.653219,3.535859,4.163073,4.495063
7:30:59 AM,1.653219,3.535859,4.163073,4.495063
7:30:59 AM,1.653219,3.535859,4.163073,4.495063
7:30:59 AM,1.653219,3.535859,4.163073,4.495063
7:30:59 AM,1.653219,3.535859,4.163073,4.495063
7:30:59 AM,1.653219,3.535859,4.163073,4.495063
7:30:59 AM,1.653219,3.535859,4.163073,4.495063
7:30:59 AM,1.653219,3.535859,4.163073,4.495063
7:30:59 AM,1.653219,3.535859,4.163073,4.495063
7:30:59 AM,1.653219,3.535859,4.163073,4.495063
7:30:59 AM,1.653219,3.535859,4.163073,4.49508
7:30:59 AM,1.653219,3.535885,4.163073,4.495083
7:30:59 AM,1.653219,3.535885,4.163097,4.495083
7:30:59 AM,1.653244,3.535855,4.163073,4.495083
7:30:59 AM,1.653219,3.535855,4.163097,4.495063
7:30:59 AM,1.653244,3.535829,4.163073,4.495083
7:30:59 AM,1.653219,3.535885,4.163097,4.49508
7:30:59 AM,1.653219,3.535885,4.163073,4.495063
7:30:59 AM,1.653244,3.535885,4.163073,4.495063
7:30:59 AM,1.653219,3.535885,4.163097,4.495083
7:30:59 AM,1.653219,3.535829,4.163095,4.495063
7:30:59 AM,1.653219,3.535885,4.163073,4.49508
7:30:59 AM,1.653194,3.535829,4.163073,4.495063
7:30:59 AM,1.653244,3.535859,4.163097,4.495063
7:30:59 AM,1.653219,3.535859,4.163073,4.495083
7:30:59 AM,1.653219,3.535855,4.163095,4.495083
7:30:59 AM,1.653244,3.535885,4.163097,4.495063
7:30:59 AM,1.653219,3.535859,4.163075,4.495063
7:30:59 AM,1.653194,3.535885,4.16305,4.495083
7:30:59 AM,1.653219,3.535859,4.163073,4.495083
7:30:59 AM,1.653244,3.535829,4.163073,4.495063
7:30:59 AM,1.653194,3.535885,4.163073,4.495083
7:30:59 AM,1.653219,3.535829,4.163073,4.49508
7:30:59 AM,1.653244,3.535859,4.163073,4.495063
7:30:59 AM,1.653219,3.535859,4.163097,4.495063
7:30:59 AM,1.653194,3.535885,4.163119,4.495063
7:30:59 AM,1.653244,3.535859,4.163073,4.49508
7:30:59 AM,1.653219,3.535859,4.163073,4.49508
7:30:59 AM,1.653194,3.535885,4.163073,4.495083
7:30:59 AM,1.653194,3.535855,4.163119,4.495063
7:30:59 AM,1.65322,3.535885,4.163073,4.495083
7:30:59 AM,1.653219,3.535885,4.163073,4.495063
7:30:59 AM,1.653219,3.535885,4.163073,4.495083
7:30:59 AM,1.653244,3.535855,4.163073,4.495083
7:30:59 AM,1.653194,3.535885,4.163073,4.495063
7:30:59 AM,1.653219,3.535859,4.163073,4.495083
7:30:59 AM,1.653219,3.535859,4.163073,4.495063
7:30:59 AM,1.653219,3.535859,4.163095,4.495063
7:30:59 AM,1.653194,3.535885,4.163073,4.495063
7:30:59 AM,1.653219,3.535885,4.163073,4.495063
7:30:59 AM,1.653219,3.535859,4.163119,4.495083
7:30:59 AM,1.653219,3.535885,4.163073,4.495083
7:30:59 AM,1.653219,3.535859,4.163095,4.495063
7:30:59 AM,1.653219,3.535829,4.163097,4.495063
7:30:59 AM,1.653194,3.535885,4.163073,4.49508
7:30:59 AM,1.653219,3.535859,4.163073,4.495083
7:30:59 AM,1.653219,3.535829,4.163073,4.495063
7:30:59 AM,1.653194,3.535855,4.163073,4.495063
7:30:59 AM,1.653219,3.535885,4.163073,4.4951
7:30:59 AM,1.653219,3.535829,4.163097,4.495063
7:30:59 AM,1.653219,3.535829,4.163075,4.495063
7:30:59 AM,1.653219,3.535829,4.163095,4.495063
7:30:59 AM,1.653219,3.535859,4.163073,4.49508
7:30:59 AM,1.653219,3.535859,4.163095,4.49508
7:30:59 AM,1.653219,3.535859,4.163095,4.4951
7:31:00 AM,1.653219,3.535829,4.163095,4.495046
7:31:00 AM,1.653219,3.535829,4.163095,4.495046
7:31:00 AM,1.653219,3.535829,4.163095,4.495046
7:31:00 AM,1.653219,3.535829,4.163095,4.495046
7:31:00 AM,1.653219,3.535829,4.163095,4.495046
7:31:00 AM,1.653219,3.535829,4.163095,4.495065
7:31:00 AM,1.653219,3.535829,4.163095,4.495046
7:31:00 AM,1.653219,3.535829,4.163095,4.495065
7:31:00 AM,1.653219,3.535829,4.163095,4.495046
7:31:00 AM,1.653219,3.535829,4.163095,4.495046
7:31:00 AM,1.653219,3.535829,4.163095,4.495046
7:31:00 AM,1.653219,3.535829,4.163095,4.495046
7:31:00 AM,1.653219,3.535829,4.163095,4.495046
7:31:00 AM,1.653219,3.535829,4.163095,4.495046
7:31:00 AM,1.653219,3.535829,4.163095,4.495046
7:31:00 AM,1.653219,3.535829,4.163119,4.495046
7:31:00 AM,1.653219,3.535829,4.163095,4.495046
7:31:00 AM,1.653219,3.535829,4.163095,4.495046
7:31:00 AM,1.653219,3.535829,4.163095,4.495046
7:31:00 AM,1.653219,3.535829,4.163095,4.495046
7:31:00 AM,1.653219,3.535829,4.163095,4.495063
7:31:00 AM,1.653219,3.535829,4.163095,4.495046
7:31:00 AM,1.653219,3.535829,4.163095,4.495063
7:31:00 AM,1.653219,3.535829,4.163095,4.495046
7:31:00 AM,1.653219,3.535829,4.163095,4.495046
7:31:00 AM,1.653219,3.535859,4.163095,4.495029
7:31:00 AM,1.653219,3.535859,4.163095,4.495029
7:31:00 AM,1.653219,3.535859,4.163095,4.495029
7:31:00 AM,1.653219,3.535859,4.163095,4.495046
7:31:00 AM,1.653219,3.535859,4.163095,4.495046
7:31:00 AM,1.653219,3.535859,4.163073,4.495046
7:31:00 AM,1.653219,3.535859,4.163073,4.495046
7:31:00 AM,1.653219,3.535859,4.163095,4.495046
7:31:00 AM,1.653219,3.535859,4.163095,4.495046
7:31:00 AM,1.653219,3.535859,4.163073,4.495046
7:31:00 AM,1.653219,3.535859,4.163073,4.495046
7:31:00 AM,1.653219,3.535859,4.163073,4.495046
7:31:00 AM,1.653219,3.535859,4.163095,4.495046
7:31:00 AM,1.653219,3.535859,4.163095,4.495046
7:31:00 AM,1.653219,3.535829,4.163095,4.495046
7:31:00 AM,1.653219,3.535829,4.163095,4.495046
7:31:00 AM,1.653219,3.535855,4.163095,4.495046
7:31:00 AM,1.653219,3.535829,4.163095,4.495046
7:31:00 AM,1.653219,3.535829,4.163095,4.495046
7:31:00 AM,1.653219,3.535859,4.163095,4.495046
7:31:00 AM,1.653219,3.535855,4.163095,4.495046
7:31:00 AM,1.653219,3.535829,4.163095,4.495046
7:31:00 AM,1.653194,3.535859,4.163097,4.49508
7:31:00 AM,1.653219,3.535829,4.163095,4.495063
7:31:00 AM,1.653219,3.535829,4.163095,4.495063
7:31:00 AM,1.653219,3.535859,4.163095,4.495083
7:31:00 AM,1.653219,3.535859,4.163095,4.495083
7:31:00 AM,1.653219,3.535859,4.163095,4.495083
7:31:00 AM,1.653219,3.535859,4.163095,4.4951
7:31:00 AM,1.653194,3.535859,4.163095,4.4951
7:31:00 AM,1.653194,3.535859,4.163095,4.4951
7:31:00 AM,1.653194,3.535859,4.163095,4.49508
7:31:00 AM,1.653194,3.535859,4.163118,4.495083
7:31:00 AM,1.653194,3.535859,4.163095,4.4951
7:31:00 AM,1.653194,3.535859,4.163095,4.495083
7:31:00 AM,1.653194,3.535859,4.163095,4.495083
7:31:00 AM,1.653219,3.535859,4.163095,4.495083
7:31:00 AM,1.653219,3.535859,4.163095,4.495083
7:31:00 AM,1.653219,3.535859,4.163095,4.495083
7:31:00 AM,1.653219,3.535859,4.163095,4.4951
7:31:00 AM,1.653219,3.535859,4.163095,4.495083
7:31:00 AM,1.653219,3.535859,4.163095,4.495083
7:31:00 AM,1.653219,3.535859,4.163095,4.495083
7:31:00 AM,1.653219,3.535859,4.163095,4.4951
7:31:00 AM,1.653219,3.535859,4.163095,4.4951
7:31:00 AM,1.653219,3.535859,4.163095,4.49508
7:31:00 AM,1.653219,3.535859,4.163095,4.495083
7:31:00 AM,1.653219,3.535829,4.163095,4.495063
7:31:00 AM,1.653219,3.535859,4.163095,4.495063
7:31:00 AM,1.653194,3.535859,4.163095,4.495063
7:31:00 AM,1.653219,3.535829,4.163095,4.495063
7:31:00 AM,1.653219,3.535829,4.163095,4.495063
7:31:00 AM,1.653219,3.535829,4.163095,4.495063
7:31:00 AM,1.653219,3.535829,4.163095,4.495063
7:31:00 AM,1.653219,3.535829,4.163095,4.495063
7:31:00 AM,1.653219,3.535829,4.163095,4.495063
7:31:00 AM,1.653219,3.535829,4.163095,4.495063
7:31:00 AM,1.653219,3.535829,4.163095,4.495083
7:31:00 AM,1.653219,3.535829,4.163095,4.495083
7:31:00 AM,1.653219,3.535829,4.163095,4.495083
7:31:00 AM,1.653219,3.535829,4.163095,4.495083
7:31:00 AM,1.653219,3.535829,4.163095,4.495083
7:31:00 AM,1.653219,3.535829,4.163095,4.495083
7:31:00 AM,1.653219,3.535829,4.163095,4.495083
7:31:00 AM,1.653219,3.535829,4.163095,4.495083
7:31:00 AM,1.653219,3.535859,4.163095,4.495083
7:31:00 AM,1.653194,3.535859,4.163095,4.49508
7:31:00 AM,1.653194,3.535859,4.163095,4.495083
7:31:00 AM,1.653194,3.535859,4.163095,4.495083
7:31:00 AM,1.653194,3.535859,4.163095,4.495083
7:31:00 AM,1.653194,3.535859,4.163095,4.495063
7:31:00 AM,1.653194,3.535859,4.163095,4.495063
7:31:00 AM,1.653244,3.535855,4.163073,4.495083
7:31:00 AM,1.653219,3.535885,4.163073,4.495083
